-- phpMyAdmin SQL Dump
-- version 5.2.0
-- https://www.phpmyadmin.net/
--
-- Host: 127.0.0.1
-- Generation Time: Jan 28, 2023 at 01:57 AM
-- Server version: 10.4.25-MariaDB
-- PHP Version: 8.0.23

SET SQL_MODE = "NO_AUTO_VALUE_ON_ZERO";
START TRANSACTION;
SET time_zone = "+00:00";


/*!40101 SET @OLD_CHARACTER_SET_CLIENT=@@CHARACTER_SET_CLIENT */;
/*!40101 SET @OLD_CHARACTER_SET_RESULTS=@@CHARACTER_SET_RESULTS */;
/*!40101 SET @OLD_COLLATION_CONNECTION=@@COLLATION_CONNECTION */;
/*!40101 SET NAMES utf8mb4 */;

--
-- Database: `qms`
--

-- --------------------------------------------------------

--
-- Table structure for table `campaigns`
--

CREATE TABLE `campaigns` (
  `id` bigint(20) UNSIGNED NOT NULL,
  `table_name` varchar(11) COLLATE utf8mb4_unicode_ci DEFAULT NULL,
  `database_name` varchar(255) COLLATE utf8mb4_unicode_ci DEFAULT NULL,
  `name` varchar(255) COLLATE utf8mb4_unicode_ci NOT NULL,
  `status` enum('active','disabled') COLLATE utf8mb4_unicode_ci NOT NULL DEFAULT 'active',
  `deleted_at` timestamp NULL DEFAULT NULL,
  `created_at` timestamp NULL DEFAULT NULL,
  `updated_at` timestamp NULL DEFAULT NULL
) ENGINE=InnoDB DEFAULT CHARSET=utf8mb4 COLLATE=utf8mb4_unicode_ci;

--
-- Dumping data for table `campaigns`
--

INSERT INTO `campaigns` (`id`, `table_name`, `database_name`, `name`, `status`, `deleted_at`, `created_at`, `updated_at`) VALUES
(1, '', NULL, 'QUALITY ASSURANCE', 'active', NULL, '2022-06-08 06:51:50', '2022-10-14 04:23:35'),
(2, '', NULL, 'EDDY', 'active', NULL, '2022-06-08 06:51:49', '2022-06-08 06:51:49'),
(3, '', NULL, 'GUIDANCE', 'active', NULL, NULL, NULL),
(4, '', NULL, 'DSS\r\n', 'active', NULL, NULL, NULL);

-- --------------------------------------------------------

--
-- Table structure for table `campaign_datapoint_category`
--

CREATE TABLE `campaign_datapoint_category` (
  `id` bigint(20) UNSIGNED NOT NULL,
  `campaign_id` int(10) UNSIGNED NOT NULL,
  `datapoint_category_id` int(10) UNSIGNED NOT NULL
) ENGINE=InnoDB DEFAULT CHARSET=utf8mb4 COLLATE=utf8mb4_unicode_ci;

--
-- Dumping data for table `campaign_datapoint_category`
--

INSERT INTO `campaign_datapoint_category` (`id`, `campaign_id`, `datapoint_category_id`) VALUES
(1, 66, 6);

-- --------------------------------------------------------

--
-- Table structure for table `campaign_voice_custom_field`
--

CREATE TABLE `campaign_voice_custom_field` (
  `id` bigint(20) UNSIGNED NOT NULL,
  `campaign_id` int(10) UNSIGNED NOT NULL,
  `voice_custom_field_id` int(10) UNSIGNED NOT NULL
) ENGINE=InnoDB DEFAULT CHARSET=utf8mb4 COLLATE=utf8mb4_unicode_ci;

-- --------------------------------------------------------

--
-- Table structure for table `datapoints`
--

CREATE TABLE `datapoints` (
  `id` bigint(20) UNSIGNED NOT NULL,
  `voice_evaluation_id` int(10) UNSIGNED NOT NULL DEFAULT 1,
  `datapoint_category_id` int(10) UNSIGNED NOT NULL,
  `project_id` int(11) DEFAULT NULL,
  `campaign_id` int(11) NOT NULL,
  `name` varchar(255) COLLATE utf8mb4_unicode_ci NOT NULL,
  `question` longtext COLLATE utf8mb4_unicode_ci NOT NULL,
  `score` int(11) DEFAULT NULL,
  `sort` int(10) UNSIGNED NOT NULL DEFAULT 1,
  `status` enum('active','disabled') COLLATE utf8mb4_unicode_ci NOT NULL DEFAULT 'active',
  `deleted_at` timestamp NULL DEFAULT NULL,
  `created_at` timestamp NULL DEFAULT NULL,
  `updated_at` timestamp NULL DEFAULT NULL
) ENGINE=InnoDB DEFAULT CHARSET=utf8mb4 COLLATE=utf8mb4_unicode_ci;

--
-- Dumping data for table `datapoints`
--

INSERT INTO `datapoints` (`id`, `voice_evaluation_id`, `datapoint_category_id`, `project_id`, `campaign_id`, `name`, `question`, `score`, `sort`, `status`, `deleted_at`, `created_at`, `updated_at`) VALUES
(1, 1, 1, 1, 2, 'Intonations', 'Did the agent use voice inflexion?', NULL, 1, 'active', NULL, '2023-01-17 08:10:32', '2023-01-17 08:10:32'),
(2, 1, 1, 1, 2, 'Conciseness', 'Did the agent keep the call short and concise?', NULL, 1, 'active', NULL, '2023-01-17 08:11:07', '2023-01-17 08:11:07'),
(3, 1, 1, 1, 2, 'Clarity', 'Did the agent speak with a neutral accent and pronunciation?', NULL, 1, 'active', NULL, '2023-01-17 08:11:17', '2023-01-17 08:11:17'),
(4, 1, 1, 1, 2, 'Concreteness', 'Did the agent do a good job painting a clear picture about benefits in the customer\'s mind?', NULL, 1, 'active', NULL, '2023-01-17 08:11:31', '2023-01-17 08:11:31'),
(5, 1, 1, 1, 2, 'Correctness', 'Was the agent grammatically accurate?', NULL, 1, 'active', NULL, '2023-01-17 08:11:43', '2023-01-17 08:11:43'),
(6, 1, 2, 1, 2, 'Effort', 'Was the agent persistent and did not quit at the first NO?', NULL, 1, 'active', NULL, '2023-01-18 05:01:19', '2023-01-18 05:01:19'),
(7, 1, 2, 1, 2, 'Cross Sells', 'Did the agent try to cross sell the product?', NULL, 1, 'active', NULL, '2023-01-18 05:01:35', '2023-01-18 05:01:35'),
(8, 1, 2, 1, 2, 'Identify Opportunity', 'Did the agent actively listen and identify customers interest?', NULL, 1, 'active', NULL, '2023-01-18 05:01:51', '2023-01-18 05:01:51'),
(9, 1, 2, 1, 2, 'Effective Questioning', 'Did the agent question effectively to probe the need of the customer?', NULL, 1, 'active', NULL, '2023-01-18 05:02:03', '2023-01-18 05:02:03'),
(10, 1, 2, 1, 2, 'Effective Closing', 'Did the agent handle the sale from begining to the end?', NULL, 1, 'active', NULL, '2023-01-18 05:02:16', '2023-01-18 05:02:16'),
(11, 1, 3, 1, 2, 'TCPA', 'Did the agent deliver the TCPA Disclaimer Verbatim?', NULL, 1, 'active', NULL, '2023-01-18 05:03:04', '2023-01-18 05:03:04'),
(12, 1, 3, 1, 2, 'Appropriate Behaviour', 'Did the agent demonstrate appropriate conduct and appropriate language?', NULL, 1, 'active', NULL, '2023-01-18 05:03:13', '2023-01-18 05:03:13'),
(13, 1, 3, 1, 2, 'Ethics', 'Did the agent submit an ethical / Valid Lead?', NULL, 1, 'active', NULL, '2023-01-18 05:03:20', '2023-01-18 05:03:20'),
(14, 1, 3, 1, 2, 'Trapper Identification / Deflection', 'Did the agent identify if the customer was a potential trapper?', NULL, 1, 'active', NULL, '2023-01-18 05:04:19', '2023-01-18 05:04:19'),
(15, 1, 3, 1, 2, 'Company Policies', 'Did the agent comply with the company policies while on call?', NULL, 1, 'active', NULL, '2023-01-18 05:04:33', '2023-01-18 05:04:33'),
(16, 1, 4, 1, 2, 'Consideration', 'Did the agent match the customer\'s pace?', NULL, 1, 'active', NULL, '2023-01-18 05:05:00', '2023-01-18 05:05:00'),
(17, 1, 4, 1, 2, 'Courtesy', 'Was the agent courteous with the customer?', NULL, 1, 'active', NULL, '2023-01-18 05:05:10', '2023-01-18 05:05:10'),
(18, 1, 4, 1, 2, 'Professional Attitude', 'Was the agent professional during the call?', NULL, 1, 'active', NULL, '2023-01-18 05:05:19', '2023-01-18 05:05:19'),
(19, 1, 4, 1, 2, 'Confidence / Control', 'Did the agent sound confident and in control?', NULL, 1, 'active', NULL, '2023-01-18 05:05:28', '2023-01-18 05:05:28'),
(20, 1, 4, 1, 2, 'Rapport Building', 'Did the agent build Rapport with the customer?', NULL, 1, 'active', NULL, '2023-01-18 05:05:36', '2023-01-18 05:05:36'),
(21, 1, 5, 1, 2, 'Completeness', 'Has the agent followed campaign guidelines?', NULL, 1, 'active', NULL, '2023-01-18 05:06:11', '2023-01-18 05:06:11'),
(22, 1, 5, 1, 2, 'Benefit Statements', 'Did the agent deliver any beneficial statements in the call?', NULL, 1, 'active', NULL, '2023-01-18 05:06:21', '2023-01-18 05:06:21'),
(23, 1, 5, 1, 2, 'Rebuttals', 'Did the agent effectively rebut the prospect?', NULL, 1, 'active', NULL, '2023-01-18 05:06:35', '2023-01-18 05:06:35'),
(24, 1, 5, 1, 2, 'Customer Concerns', 'Did the agent identify and handle the customers concerns?', NULL, 1, 'active', NULL, '2023-01-18 05:06:47', '2023-01-18 05:06:47'),
(25, 1, 5, 1, 2, 'Concept Clarity', 'Is the agent clear about concepts related to the product?', NULL, 1, 'active', NULL, '2023-01-18 05:06:57', '2023-01-18 05:06:57'),
(26, 1, 6, 2, 2, 'Intonations', 'Did the agent use voice inflexion?', NULL, 1, 'active', NULL, NULL, NULL),
(27, 1, 6, 2, 2, 'Conciseness', 'Did the agent keep the call short and concise?', NULL, 1, 'active', NULL, NULL, NULL),
(28, 1, 6, 2, 2, 'Clarity', 'Did the agent speak with a neutral accent and pronunciation?', NULL, 1, 'active', NULL, NULL, NULL),
(29, 1, 6, 2, 2, 'Concreteness', 'Did the agent do a good job painting a clear picture about benefits in the customer\'s mind?', NULL, 1, 'active', NULL, NULL, NULL),
(30, 1, 6, 2, 2, 'Correctness', 'Was the agent grammatically accurate?', NULL, 1, 'active', NULL, NULL, NULL),
(31, 1, 7, 2, 2, 'Effort', 'Was the agent persistent and did not quit at the first NO?', NULL, 1, 'active', NULL, NULL, NULL),
(32, 1, 7, 2, 2, 'Cross Sells', 'Did the agent try to cross sell the product?', NULL, 1, 'active', NULL, NULL, NULL),
(33, 1, 7, 2, 2, 'Identify Opportunity', 'Did the agent actively listen and identify customers interest?', NULL, 1, 'active', NULL, NULL, NULL),
(34, 1, 7, 2, 2, 'Effective Questioning', 'Did the agent question effectively to probe the need of the customer?', NULL, 1, 'active', NULL, NULL, NULL),
(35, 1, 7, 2, 2, 'Effective Closing', 'Did the agent handle the sale from begining to the end?', NULL, 1, 'active', NULL, NULL, NULL),
(36, 1, 8, 2, 2, 'TCPA', 'Did the agent deliver the TCPA Disclaimer Verbatim?', NULL, 1, 'active', NULL, NULL, NULL),
(37, 1, 8, 2, 2, 'Appropriate Behaviour', 'Did the agent demonstrate appropriate conduct and appropriate language?', NULL, 1, 'active', NULL, NULL, NULL),
(38, 1, 8, 2, 2, 'Ethics', 'Did the agent submit an ethical / Valid Lead?', NULL, 1, 'active', NULL, NULL, NULL),
(39, 1, 8, 2, 2, 'Trapper Identification / Deflection', 'Did the agent identify if the customer was a potential trapper?', NULL, 1, 'active', NULL, NULL, NULL),
(40, 1, 8, 2, 2, 'Company Policies', 'Did the agent comply with the company policies while on call?', NULL, 1, 'active', NULL, NULL, NULL),
(41, 1, 9, 2, 2, 'Consideration', 'Did the agent match the customer\'s pace?', NULL, 1, 'active', NULL, NULL, NULL),
(42, 1, 9, 2, 2, 'Courtesy', 'Was the agent courteous with the customer?', NULL, 1, 'active', NULL, NULL, NULL),
(43, 1, 9, 2, 2, 'Professional Attitude', 'Was the agent professional during the call?', NULL, 1, 'active', NULL, NULL, NULL),
(44, 1, 9, 2, 2, 'Confidence / Control', 'Did the agent sound confident and in control?', NULL, 1, 'active', NULL, NULL, NULL),
(45, 1, 9, 2, 2, 'Rapport Building', 'Did the agent build Rapport with the customer?', NULL, 1, 'active', NULL, NULL, NULL),
(46, 1, 10, 2, 2, 'Completeness', 'Has the agent followed campaign guidelines?', NULL, 1, 'active', NULL, NULL, NULL),
(47, 1, 10, 2, 2, 'Benefit Statements', 'Did the agent deliver any beneficial statements in the call?', NULL, 1, 'active', NULL, NULL, NULL),
(48, 1, 10, 2, 2, 'Rebuttals', 'Did the agent effectively rebut the prospect?', NULL, 1, 'active', NULL, NULL, NULL),
(49, 1, 10, 2, 2, 'Customer Concerns', 'Did the agent identify and handle the customers concerns?', NULL, 1, 'active', NULL, NULL, NULL),
(50, 1, 10, 2, 2, 'Concept Clarity', 'Is the agent clear about concepts related to the product?', NULL, 1, 'active', NULL, NULL, NULL),
(51, 1, 11, 3, 2, 'Intonations', 'Did the agent use voice inflexion?', NULL, 1, 'active', NULL, NULL, NULL),
(52, 1, 11, 3, 2, 'Conciseness', 'Did the agent keep the call short and concise?', NULL, 1, 'active', NULL, NULL, NULL),
(53, 1, 11, 3, 2, 'Clarity', 'Did the agent speak with a neutral accent and pronunciation?', NULL, 1, 'active', NULL, NULL, NULL),
(54, 1, 11, 3, 2, 'Concreteness', 'Did the agent do a good job painting a clear picture about benefits in the customer\'s mind?', NULL, 1, 'active', NULL, NULL, NULL),
(55, 1, 11, 3, 2, 'Correctness', 'Was the agent grammatically accurate?', NULL, 1, 'active', NULL, NULL, NULL),
(56, 1, 12, 3, 2, 'Effort', 'Was the agent persistent and did not quit at the first NO?', NULL, 1, 'active', NULL, NULL, NULL),
(57, 1, 12, 3, 2, 'Cross Sells', 'Did the agent try to cross sell the product?', NULL, 1, 'active', NULL, NULL, NULL),
(58, 1, 12, 3, 2, 'Identify Opportunity', 'Did the agent actively listen and identify customers interest?', NULL, 1, 'active', NULL, NULL, NULL),
(59, 1, 12, 3, 2, 'Effective Questioning', 'Did the agent question effectively to probe the need of the customer?', NULL, 1, 'active', NULL, NULL, NULL),
(60, 1, 12, 3, 2, 'Effective Closing', 'Did the agent handle the sale from begining to the end?', NULL, 1, 'active', NULL, NULL, NULL),
(61, 1, 13, 3, 2, 'TCPA', 'Did the agent deliver the TCPA Disclaimer Verbatim?', NULL, 1, 'active', NULL, NULL, NULL),
(62, 1, 13, 3, 2, 'Appropriate Behaviour', 'Did the agent demonstrate appropriate conduct and appropriate language?', NULL, 1, 'active', NULL, NULL, NULL),
(63, 1, 13, 3, 2, 'Ethics', 'Did the agent submit an ethical / Valid Lead?', NULL, 1, 'active', NULL, NULL, NULL),
(64, 1, 13, 3, 2, 'Trapper Identification / Deflection', 'Did the agent identify if the customer was a potential trapper?', NULL, 1, 'active', NULL, NULL, NULL),
(65, 1, 13, 3, 2, 'Company Policies', 'Did the agent comply with the company policies while on call?', NULL, 1, 'active', NULL, NULL, NULL),
(66, 1, 14, 3, 2, 'Consideration', 'Did the agent match the customer\'s pace?', NULL, 1, 'active', NULL, NULL, NULL),
(67, 1, 14, 3, 2, 'Courtesy', 'Was the agent courteous with the customer?', NULL, 1, 'active', NULL, NULL, NULL),
(68, 1, 14, 3, 2, 'Professional Attitude', 'Was the agent professional during the call?', NULL, 1, 'active', NULL, NULL, NULL),
(69, 1, 14, 3, 2, 'Confidence / Control', 'Did the agent sound confident and in control?', NULL, 1, 'active', NULL, NULL, NULL),
(70, 1, 14, 3, 2, 'Rapport Building', 'Did the agent build Rapport with the customer?', NULL, 1, 'active', NULL, NULL, NULL),
(71, 1, 15, 3, 2, 'Completeness', 'Has the agent followed campaign guidelines?', NULL, 1, 'active', NULL, NULL, NULL),
(72, 1, 15, 3, 2, 'Benefit Statements', 'Did the agent deliver any beneficial statements in the call?', NULL, 1, 'active', NULL, NULL, NULL),
(73, 1, 15, 3, 2, 'Rebuttals', 'Did the agent effectively rebut the prospect?', NULL, 1, 'active', NULL, NULL, NULL),
(74, 1, 15, 3, 2, 'Customer Concerns', 'Did the agent identify and handle the customers concerns?', NULL, 1, 'active', NULL, NULL, NULL),
(75, 1, 15, 3, 2, 'Concept Clarity', 'Is the agent clear about concepts related to the product?', NULL, 1, 'active', NULL, NULL, NULL),
(76, 1, 16, 4, 3, 'Intonations', 'Did the agent use voice inflexion?', NULL, 1, 'active', NULL, NULL, NULL),
(77, 1, 16, 4, 3, 'Conciseness', 'Did the agent keep the call short and concise?', NULL, 1, 'active', NULL, NULL, NULL),
(78, 1, 16, 4, 3, 'Clarity', 'Did the agent speak with a neutral accent and pronunciation?', NULL, 1, 'active', NULL, NULL, NULL),
(79, 1, 16, 4, 3, 'Concreteness', 'Did the agent do a good job painting a clear picture about benefits in the customer\'s mind?', NULL, 1, 'active', NULL, NULL, NULL),
(80, 1, 16, 4, 3, 'Correctness', 'Was the agent grammatically accurate?', NULL, 1, 'active', NULL, NULL, NULL),
(81, 1, 17, 4, 3, 'Effort', 'Was the agent persistent and did not quit at the first NO?', NULL, 1, 'active', NULL, NULL, NULL),
(82, 1, 17, 4, 3, 'Cross Sells', 'Did the agent try to cross sell the product?', NULL, 1, 'active', NULL, NULL, NULL),
(83, 1, 17, 4, 3, 'Identify Opportunity', 'Did the agent actively listen and identify customers interest?', NULL, 1, 'active', NULL, NULL, NULL),
(84, 1, 17, 4, 3, 'Effective Questioning', 'Did the agent question effectively to probe the need of the customer?', NULL, 1, 'active', NULL, NULL, NULL),
(85, 1, 17, 4, 3, 'Effective Closing', 'Did the agent handle the sale from begining to the end?', NULL, 1, 'active', NULL, NULL, NULL),
(86, 1, 18, 4, 3, 'TCPA', 'Did the agent deliver the TCPA Disclaimer Verbatim?', NULL, 1, 'active', NULL, NULL, NULL),
(87, 1, 18, 4, 3, 'Appropriate Behaviour', 'Did the agent demonstrate appropriate conduct and appropriate language?', NULL, 1, 'active', NULL, NULL, NULL),
(88, 1, 18, 4, 3, 'Ethics', 'Did the agent submit an ethical / Valid Lead?', NULL, 1, 'active', NULL, NULL, NULL),
(89, 1, 18, 4, 3, 'Trapper Identification / Deflection', 'Did the agent identify if the customer was a potential trapper?', NULL, 1, 'active', NULL, NULL, NULL),
(90, 1, 18, 4, 3, 'Company Policies', 'Did the agent comply with the company policies while on call?', NULL, 1, 'active', NULL, NULL, NULL),
(91, 1, 19, 4, 3, 'Consideration', 'Did the agent match the customer\'s pace?', NULL, 1, 'active', NULL, NULL, NULL),
(92, 1, 19, 4, 3, 'Courtesy', 'Was the agent courteous with the customer?', NULL, 1, 'active', NULL, NULL, NULL),
(93, 1, 19, 4, 3, 'Professional Attitude', 'Was the agent professional during the call?', NULL, 1, 'active', NULL, NULL, NULL),
(94, 1, 19, 4, 3, 'Confidence / Control', 'Did the agent sound confident and in control?', NULL, 1, 'active', NULL, NULL, NULL),
(95, 1, 19, 4, 3, 'Rapport Building', 'Did the agent build Rapport with the customer?', NULL, 1, 'active', NULL, NULL, NULL),
(96, 1, 20, 4, 3, 'Completeness', 'Has the agent followed campaign guidelines?', NULL, 1, 'active', NULL, NULL, NULL),
(97, 1, 20, 4, 3, 'Benefit Statements', 'Did the agent deliver any beneficial statements in the call?', NULL, 1, 'active', NULL, NULL, NULL),
(98, 1, 20, 4, 3, 'Rebuttals', 'Did the agent effectively rebut the prospect?', NULL, 1, 'active', NULL, NULL, NULL),
(99, 1, 20, 4, 3, 'Customer Concerns', 'Did the agent identify and handle the customers concerns?', NULL, 1, 'active', NULL, NULL, NULL),
(100, 1, 20, 3, 3, 'Concept Clarity', 'Is the agent clear about concepts related to the product?', NULL, 1, 'active', NULL, NULL, NULL);

-- --------------------------------------------------------

--
-- Table structure for table `datapoint_categories`
--

CREATE TABLE `datapoint_categories` (
  `id` bigint(20) UNSIGNED NOT NULL,
  `voice_evaluation_id` int(10) UNSIGNED NOT NULL DEFAULT 1,
  `campaign_id` int(11) NOT NULL,
  `project_id` int(11) DEFAULT NULL,
  `name` varchar(255) COLLATE utf8mb4_unicode_ci NOT NULL,
  `sort` int(10) UNSIGNED NOT NULL DEFAULT 1,
  `status` enum('active','disabled') COLLATE utf8mb4_unicode_ci NOT NULL DEFAULT 'active',
  `added_by` int(11) DEFAULT NULL,
  `deleted_at` timestamp NULL DEFAULT NULL,
  `created_at` timestamp NULL DEFAULT NULL,
  `updated_at` timestamp NULL DEFAULT NULL
) ENGINE=InnoDB DEFAULT CHARSET=utf8mb4 COLLATE=utf8mb4_unicode_ci;

--
-- Dumping data for table `datapoint_categories`
--

INSERT INTO `datapoint_categories` (`id`, `voice_evaluation_id`, `campaign_id`, `project_id`, `name`, `sort`, `status`, `added_by`, `deleted_at`, `created_at`, `updated_at`) VALUES
(1, 1, 2, 1, 'Communication', 1, 'active', 1, NULL, '2023-01-17 04:59:19', '2023-01-17 04:59:19'),
(2, 1, 2, 1, 'Sales', 1, 'active', 1, NULL, '2023-01-17 05:06:53', '2023-01-17 05:06:53'),
(3, 1, 2, 1, 'Compliance', 1, 'active', 1, NULL, '2023-01-17 05:07:10', '2023-01-17 05:07:10'),
(4, 1, 2, 1, 'Customer Service', 1, 'active', 1, NULL, '2023-01-17 05:07:24', '2023-01-17 05:07:24'),
(5, 1, 2, 1, 'Product Presentation', 1, 'active', 1, NULL, '2023-01-17 05:07:38', '2023-01-17 05:07:38'),
(6, 1, 2, 2, 'Communication', 1, 'active', NULL, NULL, NULL, NULL),
(7, 1, 2, 2, 'Sales', 1, 'active', NULL, NULL, NULL, NULL),
(8, 1, 2, 2, 'Compliance', 1, 'active', NULL, NULL, NULL, NULL),
(9, 1, 2, 2, 'Customer Service', 1, 'active', NULL, NULL, NULL, NULL),
(10, 1, 2, 2, 'Product Presentation', 1, 'active', NULL, NULL, NULL, NULL),
(11, 1, 2, 3, 'Communication', 1, 'active', NULL, NULL, NULL, NULL),
(12, 1, 2, 3, 'Sales', 1, 'active', NULL, NULL, NULL, NULL),
(13, 1, 2, 3, 'Compliance', 1, 'active', NULL, NULL, NULL, NULL),
(14, 1, 2, 3, 'Customer Service', 1, 'active', NULL, NULL, NULL, NULL),
(15, 1, 2, 3, 'Product Presentation', 1, 'active', NULL, NULL, NULL, NULL),
(16, 1, 3, 4, 'Communication', 1, 'active', NULL, NULL, NULL, NULL),
(17, 1, 3, 4, 'Sales', 1, 'active', NULL, NULL, NULL, NULL),
(18, 1, 3, 4, 'Compliance', 1, 'active', NULL, NULL, NULL, NULL),
(19, 1, 3, 4, 'Customer Service', 1, 'active', NULL, NULL, NULL, NULL),
(20, 1, 3, 4, 'Product Presentation', 1, 'active', NULL, NULL, NULL, NULL);

-- --------------------------------------------------------

--
-- Table structure for table `designations`
--

CREATE TABLE `designations` (
  `id` bigint(20) UNSIGNED NOT NULL,
  `hrms_id` int(11) DEFAULT NULL,
  `name` varchar(255) COLLATE utf8mb4_unicode_ci NOT NULL,
  `status` enum('active','disabled') COLLATE utf8mb4_unicode_ci NOT NULL DEFAULT 'active',
  `added_by` int(11) DEFAULT NULL,
  `deleted_at` timestamp NULL DEFAULT NULL,
  `created_at` timestamp NULL DEFAULT NULL,
  `updated_at` timestamp NULL DEFAULT NULL
) ENGINE=InnoDB DEFAULT CHARSET=utf8mb4 COLLATE=utf8mb4_unicode_ci;

--
-- Dumping data for table `designations`
--

INSERT INTO `designations` (`id`, `hrms_id`, `name`, `status`, `added_by`, `deleted_at`, `created_at`, `updated_at`) VALUES
(1, 2, 'ASSISTANT MANAGER', 'active', NULL, NULL, '2022-06-08 06:51:50', '2022-06-08 06:51:50'),
(2, 3, 'AUDITOR', 'active', NULL, NULL, '2022-06-08 06:51:50', '2022-06-08 06:51:50'),
(3, 4, 'BI MANAGER', 'active', NULL, NULL, '2022-06-08 06:51:50', '2022-06-08 06:51:50'),
(4, 5, 'CEO', 'active', NULL, NULL, '2022-06-08 06:51:50', '2022-06-08 06:51:50'),
(5, 6, 'CFO', 'active', NULL, NULL, '2022-06-08 06:51:50', '2022-06-08 06:51:50'),
(6, 7, 'COACH', 'active', NULL, NULL, '2022-06-08 06:51:50', '2022-06-08 06:51:50'),
(7, 8, 'COMPANY DOCTOR', 'active', NULL, NULL, '2022-06-08 06:51:51', '2022-06-08 06:51:51'),
(8, 9, 'COMPLIANCE EXECUTIVE', 'active', NULL, NULL, '2022-06-08 06:51:51', '2022-06-08 06:51:51'),
(9, 10, 'COMPLIANCE MANAGER', 'active', NULL, NULL, '2022-06-08 06:51:51', '2022-06-08 06:51:51'),
(10, 11, 'COORDINATOR', 'active', NULL, NULL, '2022-06-08 06:51:51', '2022-06-08 06:51:51'),
(11, 12, 'CSA', 'active', NULL, NULL, '2022-06-08 06:51:51', '2022-06-08 06:51:51'),
(12, 13, 'DATABASE ADMINISTRATOR', 'active', NULL, NULL, '2022-06-08 06:51:51', '2022-06-08 06:51:51'),
(13, 14, 'DIALER ADMIN', 'active', NULL, NULL, '2022-06-08 06:51:51', '2022-06-08 06:51:51'),
(14, 15, 'DIRECTOR', 'active', NULL, NULL, '2022-06-08 06:51:51', '2022-06-08 06:51:51'),
(15, 16, 'DNC EXECUTIVE', 'active', NULL, NULL, '2022-06-08 06:51:51', '2022-06-08 06:51:51'),
(16, 17, 'DRIVER', 'active', NULL, NULL, '2022-06-08 06:51:51', '2022-06-08 06:51:51'),
(17, 18, 'ELECTRICIAN', 'active', NULL, NULL, '2022-06-08 06:51:51', '2022-06-08 06:51:51'),
(18, 19, 'EMPLOYEE RELATION OFFICER', 'active', NULL, NULL, '2022-06-08 06:51:51', '2022-06-08 06:51:51'),
(19, 20, 'FINANCE EXECUTIVE', 'active', NULL, NULL, '2022-06-08 06:51:51', '2022-06-08 06:51:51'),
(20, 21, 'GENERATOR OPERATOR', 'active', NULL, NULL, '2022-06-08 06:51:51', '2022-06-08 06:51:51'),
(21, 22, 'GRAPHIC DESIGNER', 'active', NULL, NULL, '2022-06-08 06:51:51', '2022-06-08 06:51:51'),
(22, 23, 'GUARD', 'active', NULL, NULL, '2022-06-08 06:51:51', '2022-06-08 06:51:51'),
(23, 24, 'HARDWARE ENGINEER', 'active', NULL, NULL, '2022-06-08 06:51:51', '2022-06-08 06:51:51'),
(24, 25, 'HR MANAGER', 'active', NULL, NULL, '2022-06-08 06:51:51', '2022-06-08 06:51:51'),
(25, 26, 'INTERNEE', 'active', NULL, NULL, '2022-06-08 06:51:51', '2022-06-08 06:51:51'),
(26, 27, 'JANITOR', 'active', NULL, NULL, '2022-06-08 06:51:51', '2022-06-08 06:51:51'),
(27, 28, 'JUNIOR SOFTWARE ENGINEER', 'active', NULL, NULL, '2022-06-08 06:51:51', '2022-06-08 06:51:51'),
(28, 29, 'JUNIOR SYSTEM ENGINEER', 'active', NULL, NULL, '2022-06-08 06:51:51', '2022-06-08 06:51:51'),
(29, 30, 'JUNIOR WEB DEVELOPER', 'active', NULL, NULL, '2022-06-08 06:51:51', '2022-06-08 06:51:51'),
(30, 31, 'MANAGER', 'active', NULL, NULL, '2022-06-08 06:51:51', '2022-06-08 06:51:51'),
(31, 32, 'MIS EXECUTIVE', 'active', NULL, NULL, '2022-06-08 06:51:51', '2022-06-08 06:51:51'),
(32, 33, 'NETWORK ENGINEER', 'active', NULL, NULL, '2022-06-08 06:51:51', '2022-06-08 06:51:51'),
(33, 34, 'QA EXECUTIVE', 'active', NULL, NULL, '2022-06-08 06:51:51', '2022-06-08 06:51:51'),
(34, 35, 'RECRUITMENT EXECUTIVE', 'active', NULL, NULL, '2022-06-08 06:51:51', '2022-06-08 06:51:51'),
(35, 36, 'RECRUITMENT MANAGER', 'active', NULL, NULL, '2022-06-08 06:51:51', '2022-06-08 06:51:51'),
(36, 37, 'SECURITY EXECUTIVE', 'active', NULL, NULL, '2022-06-08 06:51:51', '2022-06-08 06:51:51'),
(37, 38, 'SENIOR BI MANAGER', 'active', NULL, NULL, '2022-06-08 06:51:51', '2022-06-08 06:51:51'),
(38, 39, 'SENIOR DNC EXECUTIVE', 'active', NULL, NULL, '2022-06-08 06:51:51', '2022-06-08 06:51:51'),
(39, 40, 'SENIOR MANAGER', 'active', NULL, NULL, '2022-06-08 06:51:51', '2022-06-08 06:51:51'),
(40, 41, 'SENIOR MIS EXECUTIVE', 'active', NULL, NULL, '2022-06-08 06:51:51', '2022-06-08 06:51:51'),
(41, 42, 'SENIOR QA EXECUTIVE', 'active', NULL, NULL, '2022-06-08 06:51:51', '2022-06-08 06:51:51'),
(42, 43, 'SENIOR SOFTWARE ENGINEER', 'active', NULL, NULL, '2022-06-08 06:51:51', '2022-06-08 06:51:51'),
(43, 44, 'SOFTWARE ENGINEER', 'active', NULL, NULL, '2022-06-08 06:51:51', '2022-06-08 06:51:51'),
(44, 45, 'SYSTEM ENGINEER', 'active', NULL, NULL, '2022-06-08 06:51:51', '2022-06-08 06:51:51'),
(45, 46, 'TEA BOY', 'active', NULL, NULL, '2022-06-08 06:51:51', '2022-06-08 06:51:51'),
(46, 47, 'TEAM LEAD', 'active', NULL, NULL, '2022-06-08 06:51:51', '2022-06-08 06:51:51'),
(47, 48, 'TECHNICIAN', 'active', NULL, NULL, '2022-06-08 06:51:51', '2022-06-08 06:51:51'),
(48, 49, 'TRAINER', 'active', NULL, NULL, '2022-06-08 06:51:51', '2022-06-08 06:51:51'),
(49, 50, 'VERIFIER', 'active', NULL, NULL, '2022-06-08 06:51:51', '2022-06-08 06:51:51'),
(50, 51, 'VP', 'active', NULL, NULL, '2022-06-08 06:51:51', '2022-06-08 06:51:51'),
(51, 52, 'WEB DEVELOPER', 'active', NULL, NULL, '2022-06-08 06:51:51', '2022-06-08 06:51:51'),
(52, 53, 'HE EXECUTIVE', 'active', NULL, NULL, '2022-06-08 06:51:51', '2022-06-08 06:51:51'),
(53, 1053, 'EXECUTIVE ASSISTANT', 'active', NULL, NULL, '2022-06-08 06:51:51', '2022-06-08 06:51:51'),
(54, 2053, 'TRAINEE', 'active', NULL, NULL, '2022-06-08 06:51:51', '2022-06-08 06:51:51'),
(55, 2054, 'TL IN TRAINING', 'active', NULL, NULL, '2022-06-08 06:51:51', '2022-06-08 06:51:51'),
(56, 2055, 'ASSISTANT DIRECTOR', 'active', NULL, NULL, '2022-06-08 06:51:51', '2022-06-08 06:51:51'),
(57, 2056, 'CUSTOMER CARE EXECUTIVE', 'active', NULL, NULL, '2022-06-08 06:51:51', '2022-06-08 06:51:51'),
(58, 2057, 'CUSTOMER SERVICES EXECUTIVE', 'active', NULL, NULL, '2022-06-08 06:51:51', '2022-06-08 06:51:51'),
(59, 2058, 'SENIOR COMPLIANCE EXECUTIVE', 'active', NULL, NULL, '2022-06-08 06:51:51', '2022-06-08 06:51:51'),
(60, 2059, 'DIRECTOR BUSINESS DEVELOPMENT', 'active', NULL, NULL, '2022-06-08 06:51:51', '2022-06-08 06:51:51'),
(61, 2060, 'MANAGER BUSINESS DEVELOPMENT', 'active', NULL, NULL, '2022-06-08 06:51:51', '2022-06-08 06:51:51'),
(62, 2061, 'DATA ANALYST', 'active', NULL, NULL, '2022-06-08 06:51:51', '2022-06-08 06:51:51'),
(63, 2062, 'CCO', 'active', NULL, NULL, '2022-06-08 06:51:51', '2022-06-08 06:51:51'),
(64, 2063, 'COO', 'active', NULL, NULL, '2022-06-08 06:51:51', '2022-06-08 06:51:51'),
(65, 2064, 'TL TRAINING ', 'active', NULL, NULL, '2022-06-08 06:51:51', '2022-06-08 06:51:51'),
(66, 2065, 'COMPLIANCE & LEGAL ADVISOR', 'active', NULL, NULL, '2022-06-08 06:51:51', '2022-06-08 06:51:51'),
(67, 2066, 'TL DA', 'active', NULL, NULL, '2022-06-08 06:51:51', '2022-06-08 06:51:51'),
(68, 2067, 'CIO', 'active', NULL, NULL, '2022-06-08 06:51:51', '2022-06-08 06:51:51'),
(69, 2068, 'SR. DIRECTOR', 'active', NULL, NULL, '2022-06-08 06:51:51', '2022-06-08 06:51:51'),
(70, 2069, 'SR. DNC EXECUTIVE', 'active', NULL, NULL, '2022-06-08 06:51:51', '2022-06-08 06:51:51'),
(71, 2070, 'SR.DIALER ADMIN', 'active', NULL, NULL, '2022-06-08 06:51:51', '2022-06-08 06:51:51'),
(72, 2071, 'DIALER & DATA SPECIALIST', 'active', NULL, NULL, '2022-06-08 06:51:51', '2022-06-08 06:51:51'),
(73, 2072, 'HOME IMPROVEMENTS 1', 'active', NULL, NULL, '2022-06-08 06:51:51', '2022-06-08 06:51:51'),
(74, 2073, 'HOME IMPROVEMENTS 2', 'active', NULL, NULL, '2022-06-08 06:51:51', '2022-06-08 06:51:51'),
(75, 2074, 'TRAINING & DEVELOPMENT EXECUTIVE', 'active', NULL, NULL, '2022-06-08 06:51:51', '2022-06-08 06:51:51'),
(76, 2075, 'TRAINING & DEVELOPMENT EXECUTIVE', 'active', NULL, NULL, '2022-06-08 06:51:51', '2022-06-08 06:51:51'),
(77, 2076, 'STL-LENDING TREE 2', 'active', NULL, NULL, '2022-06-08 06:51:51', '2022-06-08 06:51:51'),
(78, 2077, 'NV COMPLIANCE EXECUTIVE', 'active', NULL, NULL, '2022-06-08 06:51:51', '2022-06-08 06:51:51'),
(79, 2078, 'NV COMPLIANCE EXECUTIVE', 'active', NULL, NULL, '2022-06-08 06:51:51', '2022-06-08 06:51:51'),
(80, 2079, 'SYSTEM ADMINISTRATOR', 'active', NULL, NULL, '2022-06-08 06:51:51', '2022-06-08 06:51:51'),
(81, 2080, 'EXECUTIVE', 'active', NULL, NULL, '2022-06-08 06:51:51', '2022-06-08 06:51:51'),
(82, 2081, 'SR. MANAGER RECRUITEMENT', 'active', NULL, NULL, '2022-06-08 06:51:51', '2022-06-08 06:51:51'),
(83, 2082, 'GENERAL MANAGER', 'active', NULL, NULL, '2022-06-08 06:51:51', '2022-06-08 06:51:51'),
(84, 2083, 'CLIENT', 'active', NULL, NULL, '2022-06-08 06:51:51', '2022-06-08 06:51:51'),
(85, 2084, 'COMPLIANCE ASSOCIATE', 'active', NULL, NULL, '2022-06-08 06:51:51', '2022-06-08 06:51:51'),
(86, 2085, 'BUSINESS PROCESS ANALYST', 'active', NULL, NULL, '2022-06-08 06:51:51', '2022-06-08 06:51:51'),
(87, 2086, 'MANAGEMENT TRAINING OFFICER', 'active', NULL, NULL, '2022-06-08 06:51:51', '2022-06-08 06:51:51'),
(88, 2087, 'ENGLISH LANGUAGE INSTRUCTOR', 'active', NULL, NULL, '2022-06-08 06:51:51', '2022-06-08 06:51:51'),
(89, 2088, 'SEO SPECIALIST', 'active', NULL, NULL, '2022-06-08 06:51:51', '2022-06-08 06:51:51'),
(90, 2089, 'RESEARCH ANALYST', 'active', NULL, NULL, '2022-06-08 06:51:51', '2022-06-08 06:51:51'),
(91, 2090, 'CTO', 'active', NULL, NULL, '2022-06-08 06:51:51', '2022-06-08 06:51:51'),
(92, 2091, 'SOFTWARE DEVELOPER', 'active', NULL, NULL, '2022-06-08 06:51:51', '2022-06-08 06:51:51'),
(93, 2092, 'CONTENT STRATEGIST', 'active', NULL, NULL, '2022-06-08 06:51:51', '2022-06-08 06:51:51'),
(94, 2093, 'OFFICE BOY', 'active', NULL, NULL, '2022-06-08 06:51:51', '2022-06-08 06:51:51'),
(95, 2094, 'MARKETING ANALYST', 'active', NULL, NULL, '2022-06-08 06:51:51', '2022-06-08 06:51:51'),
(96, 2095, 'FRONTEND DEVELOPER', 'active', NULL, NULL, '2022-06-08 06:51:51', '2022-06-08 06:51:51'),
(97, 2096, 'BACKEND DEVELOPER', 'active', NULL, NULL, '2022-06-08 06:51:51', '2022-06-08 06:51:51'),
(98, 2097, 'SUCCESSOR', 'active', NULL, NULL, '2022-06-08 06:51:51', '2022-06-08 06:51:51'),
(99, 2098, 'Consultant', 'active', NULL, NULL, '2022-06-08 06:51:51', '2022-06-08 06:51:51'),
(100, 2099, 'SENIOR MANAGER-DIGITAL MARKETING', 'active', NULL, NULL, '2022-06-08 06:51:51', '2022-06-08 06:51:51'),
(101, 2100, 'SENIOR FRONTEND DEVELOPER', 'active', NULL, NULL, '2022-06-08 06:51:51', '2022-06-08 06:51:51'),
(102, 2101, 'DIRECTOR IT & DEVELOPMENT', 'active', NULL, NULL, '2022-06-08 06:51:51', '2022-06-08 06:51:51'),
(103, 2102, 'SUPERVISOR', 'active', NULL, NULL, '2022-06-08 06:51:51', '2022-06-08 06:51:51'),
(104, 2103, 'SOCIAL MEDIA STRATEGIST', 'active', NULL, NULL, '2022-06-08 06:51:51', '2022-06-08 06:51:51'),
(105, 3103, 'SECURITY SUPERVISOR', 'active', NULL, NULL, '2022-06-08 06:51:51', '2022-06-08 06:51:51'),
(106, 3104, 'SENIOR MANAGER ANALYTICS', 'active', NULL, NULL, '2022-06-08 06:51:51', '2022-06-08 06:51:51'),
(107, 3105, 'COMMUNICATIONS TRAINER', 'active', NULL, NULL, '2022-06-08 06:51:51', '2022-06-08 06:51:51'),
(108, 3106, 'NPD SWAT OFFICER', 'active', NULL, NULL, '2022-06-08 06:51:51', '2022-06-08 06:51:51'),
(109, 3107, 'SR. HE EXECUTIVE', 'active', NULL, NULL, '2022-06-08 06:51:51', '2022-06-08 06:51:51'),
(110, 3108, 'ACTIVITIES COORDINATOR', 'active', NULL, NULL, '2022-06-08 06:51:51', '2022-06-08 06:51:51'),
(111, 3109, 'DIGITAL MARKETING STRATEGIST', 'active', NULL, NULL, '2022-06-08 06:51:51', '2022-06-08 06:51:51'),
(112, 3110, 'HRBP', 'active', NULL, NULL, '2022-06-08 06:51:51', '2022-06-08 06:51:51'),
(113, 3111, 'SR. DATABASE ADMINISTRATOR', 'active', NULL, NULL, '2022-06-08 06:51:51', '2022-06-08 06:51:51'),
(114, 3112, 'CMO', 'active', NULL, NULL, '2022-06-08 06:51:51', '2022-06-08 06:51:51'),
(115, 3113, 'PHOTOGRAPHER', 'active', NULL, NULL, '2022-06-08 06:51:51', '2022-06-08 06:51:51'),
(116, 3114, 'PPC EXPERT', 'active', NULL, NULL, '2022-06-08 06:51:52', '2022-06-08 06:51:52'),
(117, 3115, 'BD EXECUTIVE', 'active', NULL, NULL, '2022-06-08 06:51:52', '2022-06-08 06:51:52'),
(118, 3116, 'BUSINESS DEVELOPMENT EXECUTIVE', 'active', NULL, NULL, '2022-06-08 06:51:52', '2022-06-08 06:51:52'),
(119, 3117, 'MIS ANALYST', 'active', NULL, NULL, '2022-06-08 06:51:52', '2022-06-08 06:51:52'),
(120, 3118, 'JR. DATABASE ADMINISTRATOR', 'active', NULL, NULL, '2022-06-08 06:51:52', '2022-06-08 06:51:52'),
(121, 3119, 'JR. DEVELOPER', 'active', NULL, NULL, '2022-06-08 06:51:52', '2022-06-08 06:51:52'),
(122, 3120, 'DOCUMENT CONTROL ASSOCIATE', 'active', NULL, NULL, '2022-06-08 06:51:52', '2022-06-08 06:51:52'),
(123, 3121, 'AFFILIATE ACCOUNT EXECUTIVE', 'active', NULL, NULL, '2022-06-08 06:51:52', '2022-06-08 06:51:52'),
(124, 3122, 'FULL STACK DEVELOPER', 'active', NULL, NULL, '2022-06-08 06:51:52', '2022-06-08 06:51:52'),
(125, 3123, 'DEVELOPMENT EXECUTIVE', 'active', NULL, NULL, '2022-06-08 06:51:52', '2022-06-08 06:51:52'),
(126, 3124, 'SOCIAL MEDIA CONTENT DEVELOPER', 'active', NULL, NULL, '2022-06-08 06:51:52', '2022-06-08 06:51:52'),
(127, 3125, 'VIDEO EDITOR', 'active', NULL, NULL, '2022-06-08 06:51:52', '2022-06-08 06:51:52'),
(128, 3126, 'ASSOCIATE DIRECTOR', 'active', NULL, NULL, '2022-06-08 06:51:52', '2022-06-08 06:51:52'),
(129, 3127, 'QA ANALYST', 'active', NULL, NULL, '2022-06-08 06:51:52', '2022-06-08 06:51:52'),
(130, 3128, 'CUSTOMER SUPPORT EXECUTIVE', 'active', NULL, NULL, '2022-06-08 06:51:52', '2022-06-08 06:51:52'),
(131, 3129, 'SOCIAL MEDIA CONTENT WRITER', 'active', NULL, NULL, '2022-06-08 06:51:52', '2022-06-08 06:51:52'),
(132, 3130, 'ANALYST', 'active', NULL, NULL, '2022-06-08 06:51:52', '2022-06-08 06:51:52'),
(133, 3131, 'CREATIVE DIRECTOR', 'active', NULL, NULL, '2022-06-08 06:51:52', '2022-06-08 06:51:52'),
(134, 3132, 'TEST DIRECTOR', 'active', NULL, NULL, '2022-06-08 06:51:52', '2022-06-08 06:51:52'),
(135, 3133, 'LEAD TRAINER', 'active', NULL, NULL, '2022-06-08 06:51:52', '2022-06-08 06:51:52'),
(136, 3134, 'VOIP SPECIALIST', 'active', NULL, NULL, '2022-06-08 06:51:52', '2022-06-08 06:51:52');

-- --------------------------------------------------------

--
-- Table structure for table `failed_jobs`
--

CREATE TABLE `failed_jobs` (
  `id` bigint(20) UNSIGNED NOT NULL,
  `uuid` varchar(255) COLLATE utf8mb4_unicode_ci NOT NULL,
  `connection` text COLLATE utf8mb4_unicode_ci NOT NULL,
  `queue` text COLLATE utf8mb4_unicode_ci NOT NULL,
  `payload` longtext COLLATE utf8mb4_unicode_ci NOT NULL,
  `exception` longtext COLLATE utf8mb4_unicode_ci NOT NULL,
  `failed_at` timestamp NOT NULL DEFAULT current_timestamp()
) ENGINE=InnoDB DEFAULT CHARSET=utf8mb4 COLLATE=utf8mb4_unicode_ci;

-- --------------------------------------------------------

--
-- Table structure for table `migrations`
--

CREATE TABLE `migrations` (
  `id` int(10) UNSIGNED NOT NULL,
  `migration` varchar(255) COLLATE utf8mb4_unicode_ci NOT NULL,
  `batch` int(11) NOT NULL
) ENGINE=InnoDB DEFAULT CHARSET=utf8mb4 COLLATE=utf8mb4_unicode_ci;

--
-- Dumping data for table `migrations`
--

INSERT INTO `migrations` (`id`, `migration`, `batch`) VALUES
(1, '2014_10_12_000000_create_users_table', 1),
(2, '2014_10_12_100000_create_password_resets_table', 1),
(3, '2019_08_19_000000_create_failed_jobs_table', 1),
(4, '2019_12_14_000001_create_personal_access_tokens_table', 1),
(5, '2021_11_15_220416_create_campaigns_table', 1),
(6, '2021_11_19_020320_create_designations_table', 1),
(7, '2022_01_12_164857_create_permission_tables', 1),
(8, '2022_01_17_184308_create_voice_evaluations_table', 1),
(9, '2022_01_17_184309_create_datapoint_categories_table', 1),
(10, '2022_01_17_185118_create_datapoints_table', 1),
(11, '2022_01_26_170333_create_voice_audits_table', 1),
(12, '2022_01_26_181957_create_voice_audit_points_table', 1),
(13, '2022_01_26_214215_create_voice_custom_fields_table', 1),
(14, '2022_01_26_224459_create_voice_audit_custom_fields_table', 1),
(15, '2022_03_09_180752_campaigns_datapoint_categories', 1),
(16, '2022_03_09_183917_campaigns_voice_custom_fields', 1),
(17, '2022_03_09_215617_create_voice_audit_appeals_table', 1),
(18, '2022_03_14_204145_create_voice_evaluation_actions_table', 1),
(19, '2022_03_14_213101_create_voice_audit_actions_table', 1),
(20, '2022_06_08_022239_create_solar_lt_categories_table', 2),
(21, '2022_06_08_022325_create_solar_lt_datapoints_table', 2),
(22, '2022_06_08_022504_create_solar_lt_evaluation_responses_table', 2),
(23, '2022_06_08_022529_create_solar_lt_evaluations_table', 2);

-- --------------------------------------------------------

--
-- Table structure for table `model_has_permissions`
--

CREATE TABLE `model_has_permissions` (
  `permission_id` bigint(20) UNSIGNED NOT NULL,
  `model_type` varchar(255) COLLATE utf8mb4_unicode_ci NOT NULL,
  `model_id` bigint(20) UNSIGNED NOT NULL
) ENGINE=InnoDB DEFAULT CHARSET=utf8mb4 COLLATE=utf8mb4_unicode_ci;

-- --------------------------------------------------------

--
-- Table structure for table `model_has_roles`
--

CREATE TABLE `model_has_roles` (
  `role_id` bigint(20) UNSIGNED NOT NULL,
  `model_type` varchar(255) COLLATE utf8mb4_unicode_ci NOT NULL,
  `model_id` bigint(20) UNSIGNED NOT NULL
) ENGINE=InnoDB DEFAULT CHARSET=utf8mb4 COLLATE=utf8mb4_unicode_ci;

--
-- Dumping data for table `model_has_roles`
--

INSERT INTO `model_has_roles` (`role_id`, `model_type`, `model_id`) VALUES
(1, 'App\\Models\\User', 1),
(2, 'App\\Models\\User', 20),
(2, 'App\\Models\\User', 21),
(2, 'App\\Models\\User', 153),
(2, 'App\\Models\\User', 160),
(2, 'App\\Models\\User', 398),
(3, 'App\\Models\\User', 2),
(3, 'App\\Models\\User', 22),
(3, 'App\\Models\\User', 93),
(3, 'App\\Models\\User', 170),
(3, 'App\\Models\\User', 177),
(3, 'App\\Models\\User', 181),
(3, 'App\\Models\\User', 182),
(3, 'App\\Models\\User', 183),
(3, 'App\\Models\\User', 184),
(3, 'App\\Models\\User', 190),
(3, 'App\\Models\\User', 191),
(3, 'App\\Models\\User', 194),
(3, 'App\\Models\\User', 210),
(3, 'App\\Models\\User', 213),
(3, 'App\\Models\\User', 220),
(3, 'App\\Models\\User', 222),
(3, 'App\\Models\\User', 236),
(3, 'App\\Models\\User', 245),
(3, 'App\\Models\\User', 265),
(3, 'App\\Models\\User', 271),
(3, 'App\\Models\\User', 276),
(3, 'App\\Models\\User', 288),
(3, 'App\\Models\\User', 290),
(3, 'App\\Models\\User', 294),
(3, 'App\\Models\\User', 309),
(3, 'App\\Models\\User', 328),
(3, 'App\\Models\\User', 330),
(3, 'App\\Models\\User', 340),
(3, 'App\\Models\\User', 379),
(3, 'App\\Models\\User', 409),
(3, 'App\\Models\\User', 424),
(3, 'App\\Models\\User', 431),
(3, 'App\\Models\\User', 440),
(3, 'App\\Models\\User', 447),
(3, 'App\\Models\\User', 460),
(3, 'App\\Models\\User', 474),
(4, 'App\\Models\\User', 3),
(4, 'App\\Models\\User', 23),
(4, 'App\\Models\\User', 24),
(4, 'App\\Models\\User', 25),
(4, 'App\\Models\\User', 26),
(4, 'App\\Models\\User', 27),
(4, 'App\\Models\\User', 128),
(4, 'App\\Models\\User', 145),
(4, 'App\\Models\\User', 168),
(4, 'App\\Models\\User', 174),
(4, 'App\\Models\\User', 202),
(4, 'App\\Models\\User', 208),
(4, 'App\\Models\\User', 212),
(4, 'App\\Models\\User', 228),
(4, 'App\\Models\\User', 231),
(4, 'App\\Models\\User', 266),
(4, 'App\\Models\\User', 272),
(4, 'App\\Models\\User', 423),
(4, 'App\\Models\\User', 519),
(4, 'App\\Models\\User', 556),
(5, 'App\\Models\\User', 4),
(5, 'App\\Models\\User', 5),
(5, 'App\\Models\\User', 6),
(5, 'App\\Models\\User', 7),
(5, 'App\\Models\\User', 8),
(5, 'App\\Models\\User', 9),
(5, 'App\\Models\\User', 10),
(5, 'App\\Models\\User', 11),
(5, 'App\\Models\\User', 12),
(5, 'App\\Models\\User', 13),
(5, 'App\\Models\\User', 14),
(5, 'App\\Models\\User', 15),
(5, 'App\\Models\\User', 16),
(5, 'App\\Models\\User', 17),
(5, 'App\\Models\\User', 18),
(5, 'App\\Models\\User', 19),
(5, 'App\\Models\\User', 28),
(5, 'App\\Models\\User', 29),
(5, 'App\\Models\\User', 30),
(5, 'App\\Models\\User', 31),
(5, 'App\\Models\\User', 32),
(5, 'App\\Models\\User', 33),
(5, 'App\\Models\\User', 34),
(5, 'App\\Models\\User', 35),
(5, 'App\\Models\\User', 36),
(5, 'App\\Models\\User', 37),
(5, 'App\\Models\\User', 38),
(5, 'App\\Models\\User', 39),
(5, 'App\\Models\\User', 40),
(5, 'App\\Models\\User', 41),
(5, 'App\\Models\\User', 42),
(5, 'App\\Models\\User', 43),
(5, 'App\\Models\\User', 44),
(5, 'App\\Models\\User', 45),
(5, 'App\\Models\\User', 46),
(5, 'App\\Models\\User', 47),
(5, 'App\\Models\\User', 48),
(5, 'App\\Models\\User', 49),
(5, 'App\\Models\\User', 50),
(5, 'App\\Models\\User', 51),
(5, 'App\\Models\\User', 52),
(5, 'App\\Models\\User', 53),
(5, 'App\\Models\\User', 54),
(5, 'App\\Models\\User', 55),
(5, 'App\\Models\\User', 56),
(5, 'App\\Models\\User', 57),
(5, 'App\\Models\\User', 58),
(5, 'App\\Models\\User', 59),
(5, 'App\\Models\\User', 60),
(5, 'App\\Models\\User', 61),
(5, 'App\\Models\\User', 62),
(5, 'App\\Models\\User', 63),
(5, 'App\\Models\\User', 64),
(5, 'App\\Models\\User', 65),
(5, 'App\\Models\\User', 66),
(5, 'App\\Models\\User', 67),
(5, 'App\\Models\\User', 68),
(5, 'App\\Models\\User', 69),
(5, 'App\\Models\\User', 70),
(5, 'App\\Models\\User', 71),
(5, 'App\\Models\\User', 72),
(5, 'App\\Models\\User', 73),
(5, 'App\\Models\\User', 74),
(5, 'App\\Models\\User', 75),
(5, 'App\\Models\\User', 76),
(5, 'App\\Models\\User', 77),
(5, 'App\\Models\\User', 78),
(5, 'App\\Models\\User', 79),
(5, 'App\\Models\\User', 80),
(5, 'App\\Models\\User', 81),
(5, 'App\\Models\\User', 82),
(5, 'App\\Models\\User', 83),
(5, 'App\\Models\\User', 84),
(5, 'App\\Models\\User', 85),
(5, 'App\\Models\\User', 86),
(5, 'App\\Models\\User', 87),
(5, 'App\\Models\\User', 88),
(5, 'App\\Models\\User', 89),
(5, 'App\\Models\\User', 90),
(5, 'App\\Models\\User', 91),
(5, 'App\\Models\\User', 92),
(5, 'App\\Models\\User', 94),
(5, 'App\\Models\\User', 95),
(5, 'App\\Models\\User', 96),
(5, 'App\\Models\\User', 97),
(5, 'App\\Models\\User', 98),
(5, 'App\\Models\\User', 99),
(5, 'App\\Models\\User', 100),
(5, 'App\\Models\\User', 101),
(5, 'App\\Models\\User', 102),
(5, 'App\\Models\\User', 103),
(5, 'App\\Models\\User', 104),
(5, 'App\\Models\\User', 105),
(5, 'App\\Models\\User', 106),
(5, 'App\\Models\\User', 107),
(5, 'App\\Models\\User', 108),
(5, 'App\\Models\\User', 109),
(5, 'App\\Models\\User', 110),
(5, 'App\\Models\\User', 111),
(5, 'App\\Models\\User', 112),
(5, 'App\\Models\\User', 113),
(5, 'App\\Models\\User', 114),
(5, 'App\\Models\\User', 115),
(5, 'App\\Models\\User', 116),
(5, 'App\\Models\\User', 117),
(5, 'App\\Models\\User', 118),
(5, 'App\\Models\\User', 119),
(5, 'App\\Models\\User', 120),
(5, 'App\\Models\\User', 121),
(5, 'App\\Models\\User', 122),
(5, 'App\\Models\\User', 123),
(5, 'App\\Models\\User', 124),
(5, 'App\\Models\\User', 125),
(5, 'App\\Models\\User', 126),
(5, 'App\\Models\\User', 127),
(5, 'App\\Models\\User', 129),
(5, 'App\\Models\\User', 130),
(5, 'App\\Models\\User', 131),
(5, 'App\\Models\\User', 132),
(5, 'App\\Models\\User', 133),
(5, 'App\\Models\\User', 134),
(5, 'App\\Models\\User', 135),
(5, 'App\\Models\\User', 136),
(5, 'App\\Models\\User', 137),
(5, 'App\\Models\\User', 138),
(5, 'App\\Models\\User', 139),
(5, 'App\\Models\\User', 140),
(5, 'App\\Models\\User', 141),
(5, 'App\\Models\\User', 142),
(5, 'App\\Models\\User', 143),
(5, 'App\\Models\\User', 144),
(5, 'App\\Models\\User', 146),
(5, 'App\\Models\\User', 147),
(5, 'App\\Models\\User', 148),
(5, 'App\\Models\\User', 149),
(5, 'App\\Models\\User', 150),
(5, 'App\\Models\\User', 151),
(5, 'App\\Models\\User', 152),
(5, 'App\\Models\\User', 153),
(5, 'App\\Models\\User', 154),
(5, 'App\\Models\\User', 155),
(5, 'App\\Models\\User', 156),
(5, 'App\\Models\\User', 157),
(5, 'App\\Models\\User', 158),
(5, 'App\\Models\\User', 159),
(5, 'App\\Models\\User', 161),
(5, 'App\\Models\\User', 162),
(5, 'App\\Models\\User', 163),
(5, 'App\\Models\\User', 164),
(5, 'App\\Models\\User', 165),
(5, 'App\\Models\\User', 166),
(5, 'App\\Models\\User', 167),
(5, 'App\\Models\\User', 169),
(5, 'App\\Models\\User', 171),
(5, 'App\\Models\\User', 172),
(5, 'App\\Models\\User', 173),
(5, 'App\\Models\\User', 175),
(5, 'App\\Models\\User', 176),
(5, 'App\\Models\\User', 178),
(5, 'App\\Models\\User', 179),
(5, 'App\\Models\\User', 180),
(5, 'App\\Models\\User', 185),
(5, 'App\\Models\\User', 186),
(5, 'App\\Models\\User', 187),
(5, 'App\\Models\\User', 188),
(5, 'App\\Models\\User', 189),
(5, 'App\\Models\\User', 192),
(5, 'App\\Models\\User', 193),
(5, 'App\\Models\\User', 195),
(5, 'App\\Models\\User', 196),
(5, 'App\\Models\\User', 197),
(5, 'App\\Models\\User', 198),
(5, 'App\\Models\\User', 199),
(5, 'App\\Models\\User', 200),
(5, 'App\\Models\\User', 201),
(5, 'App\\Models\\User', 203),
(5, 'App\\Models\\User', 204),
(5, 'App\\Models\\User', 205),
(5, 'App\\Models\\User', 206),
(5, 'App\\Models\\User', 207),
(5, 'App\\Models\\User', 209),
(5, 'App\\Models\\User', 211),
(5, 'App\\Models\\User', 214),
(5, 'App\\Models\\User', 215),
(5, 'App\\Models\\User', 216),
(5, 'App\\Models\\User', 217),
(5, 'App\\Models\\User', 218),
(5, 'App\\Models\\User', 219),
(5, 'App\\Models\\User', 221),
(5, 'App\\Models\\User', 223),
(5, 'App\\Models\\User', 224),
(5, 'App\\Models\\User', 225),
(5, 'App\\Models\\User', 226),
(5, 'App\\Models\\User', 227),
(5, 'App\\Models\\User', 229),
(5, 'App\\Models\\User', 230),
(5, 'App\\Models\\User', 232),
(5, 'App\\Models\\User', 233),
(5, 'App\\Models\\User', 234),
(5, 'App\\Models\\User', 235),
(5, 'App\\Models\\User', 237),
(5, 'App\\Models\\User', 238),
(5, 'App\\Models\\User', 239),
(5, 'App\\Models\\User', 240),
(5, 'App\\Models\\User', 241),
(5, 'App\\Models\\User', 242),
(5, 'App\\Models\\User', 243),
(5, 'App\\Models\\User', 244),
(5, 'App\\Models\\User', 246),
(5, 'App\\Models\\User', 247),
(5, 'App\\Models\\User', 248),
(5, 'App\\Models\\User', 249),
(5, 'App\\Models\\User', 250),
(5, 'App\\Models\\User', 251),
(5, 'App\\Models\\User', 252),
(5, 'App\\Models\\User', 253),
(5, 'App\\Models\\User', 254),
(5, 'App\\Models\\User', 255),
(5, 'App\\Models\\User', 256),
(5, 'App\\Models\\User', 257),
(5, 'App\\Models\\User', 258),
(5, 'App\\Models\\User', 259),
(5, 'App\\Models\\User', 260),
(5, 'App\\Models\\User', 261),
(5, 'App\\Models\\User', 262),
(5, 'App\\Models\\User', 263),
(5, 'App\\Models\\User', 264),
(5, 'App\\Models\\User', 267),
(5, 'App\\Models\\User', 268),
(5, 'App\\Models\\User', 269),
(5, 'App\\Models\\User', 270),
(5, 'App\\Models\\User', 273),
(5, 'App\\Models\\User', 274),
(5, 'App\\Models\\User', 275),
(5, 'App\\Models\\User', 277),
(5, 'App\\Models\\User', 278),
(5, 'App\\Models\\User', 279),
(5, 'App\\Models\\User', 280),
(5, 'App\\Models\\User', 281),
(5, 'App\\Models\\User', 282),
(5, 'App\\Models\\User', 283),
(5, 'App\\Models\\User', 284),
(5, 'App\\Models\\User', 285),
(5, 'App\\Models\\User', 286),
(5, 'App\\Models\\User', 287),
(5, 'App\\Models\\User', 289),
(5, 'App\\Models\\User', 291),
(5, 'App\\Models\\User', 292),
(5, 'App\\Models\\User', 293),
(5, 'App\\Models\\User', 295),
(5, 'App\\Models\\User', 296),
(5, 'App\\Models\\User', 297),
(5, 'App\\Models\\User', 298),
(5, 'App\\Models\\User', 299),
(5, 'App\\Models\\User', 300),
(5, 'App\\Models\\User', 301),
(5, 'App\\Models\\User', 302),
(5, 'App\\Models\\User', 303),
(5, 'App\\Models\\User', 304),
(5, 'App\\Models\\User', 305),
(5, 'App\\Models\\User', 306),
(5, 'App\\Models\\User', 307),
(5, 'App\\Models\\User', 308),
(5, 'App\\Models\\User', 310),
(5, 'App\\Models\\User', 311),
(5, 'App\\Models\\User', 312),
(5, 'App\\Models\\User', 313),
(5, 'App\\Models\\User', 314),
(5, 'App\\Models\\User', 315),
(5, 'App\\Models\\User', 316),
(5, 'App\\Models\\User', 317),
(5, 'App\\Models\\User', 318),
(5, 'App\\Models\\User', 319),
(5, 'App\\Models\\User', 320),
(5, 'App\\Models\\User', 321),
(5, 'App\\Models\\User', 322),
(5, 'App\\Models\\User', 323),
(5, 'App\\Models\\User', 324),
(5, 'App\\Models\\User', 325),
(5, 'App\\Models\\User', 326),
(5, 'App\\Models\\User', 327),
(5, 'App\\Models\\User', 329),
(5, 'App\\Models\\User', 331),
(5, 'App\\Models\\User', 332),
(5, 'App\\Models\\User', 333),
(5, 'App\\Models\\User', 334),
(5, 'App\\Models\\User', 335),
(5, 'App\\Models\\User', 336),
(5, 'App\\Models\\User', 337),
(5, 'App\\Models\\User', 338),
(5, 'App\\Models\\User', 339),
(5, 'App\\Models\\User', 341),
(5, 'App\\Models\\User', 342),
(5, 'App\\Models\\User', 343),
(5, 'App\\Models\\User', 344),
(5, 'App\\Models\\User', 345),
(5, 'App\\Models\\User', 346),
(5, 'App\\Models\\User', 347),
(5, 'App\\Models\\User', 348),
(5, 'App\\Models\\User', 349),
(5, 'App\\Models\\User', 350),
(5, 'App\\Models\\User', 351),
(5, 'App\\Models\\User', 352),
(5, 'App\\Models\\User', 353),
(5, 'App\\Models\\User', 354),
(5, 'App\\Models\\User', 355),
(5, 'App\\Models\\User', 356),
(5, 'App\\Models\\User', 357),
(5, 'App\\Models\\User', 358),
(5, 'App\\Models\\User', 359),
(5, 'App\\Models\\User', 360),
(5, 'App\\Models\\User', 361),
(5, 'App\\Models\\User', 362),
(5, 'App\\Models\\User', 363),
(5, 'App\\Models\\User', 364),
(5, 'App\\Models\\User', 365),
(5, 'App\\Models\\User', 366),
(5, 'App\\Models\\User', 367),
(5, 'App\\Models\\User', 368),
(5, 'App\\Models\\User', 369),
(5, 'App\\Models\\User', 370),
(5, 'App\\Models\\User', 371),
(5, 'App\\Models\\User', 372),
(5, 'App\\Models\\User', 373),
(5, 'App\\Models\\User', 374),
(5, 'App\\Models\\User', 375),
(5, 'App\\Models\\User', 376),
(5, 'App\\Models\\User', 377),
(5, 'App\\Models\\User', 378),
(5, 'App\\Models\\User', 380),
(5, 'App\\Models\\User', 381),
(5, 'App\\Models\\User', 382),
(5, 'App\\Models\\User', 383),
(5, 'App\\Models\\User', 384),
(5, 'App\\Models\\User', 385),
(5, 'App\\Models\\User', 386),
(5, 'App\\Models\\User', 387),
(5, 'App\\Models\\User', 388),
(5, 'App\\Models\\User', 389),
(5, 'App\\Models\\User', 390),
(5, 'App\\Models\\User', 391),
(5, 'App\\Models\\User', 392),
(5, 'App\\Models\\User', 393),
(5, 'App\\Models\\User', 394),
(5, 'App\\Models\\User', 395),
(5, 'App\\Models\\User', 396),
(5, 'App\\Models\\User', 397),
(5, 'App\\Models\\User', 399),
(5, 'App\\Models\\User', 400),
(5, 'App\\Models\\User', 401),
(5, 'App\\Models\\User', 402),
(5, 'App\\Models\\User', 403),
(5, 'App\\Models\\User', 404),
(5, 'App\\Models\\User', 405),
(5, 'App\\Models\\User', 406),
(5, 'App\\Models\\User', 407),
(5, 'App\\Models\\User', 408),
(5, 'App\\Models\\User', 410),
(5, 'App\\Models\\User', 411),
(5, 'App\\Models\\User', 412),
(5, 'App\\Models\\User', 413),
(5, 'App\\Models\\User', 414),
(5, 'App\\Models\\User', 415),
(5, 'App\\Models\\User', 416),
(5, 'App\\Models\\User', 417),
(5, 'App\\Models\\User', 418),
(5, 'App\\Models\\User', 419),
(5, 'App\\Models\\User', 420),
(5, 'App\\Models\\User', 421),
(5, 'App\\Models\\User', 422),
(5, 'App\\Models\\User', 425),
(5, 'App\\Models\\User', 426),
(5, 'App\\Models\\User', 427),
(5, 'App\\Models\\User', 428),
(5, 'App\\Models\\User', 429),
(5, 'App\\Models\\User', 430),
(5, 'App\\Models\\User', 432),
(5, 'App\\Models\\User', 433),
(5, 'App\\Models\\User', 434),
(5, 'App\\Models\\User', 435),
(5, 'App\\Models\\User', 436),
(5, 'App\\Models\\User', 437),
(5, 'App\\Models\\User', 438),
(5, 'App\\Models\\User', 439),
(5, 'App\\Models\\User', 441),
(5, 'App\\Models\\User', 442),
(5, 'App\\Models\\User', 443),
(5, 'App\\Models\\User', 444),
(5, 'App\\Models\\User', 445),
(5, 'App\\Models\\User', 446),
(5, 'App\\Models\\User', 448),
(5, 'App\\Models\\User', 449),
(5, 'App\\Models\\User', 450),
(5, 'App\\Models\\User', 451),
(5, 'App\\Models\\User', 452),
(5, 'App\\Models\\User', 453),
(5, 'App\\Models\\User', 454),
(5, 'App\\Models\\User', 455),
(5, 'App\\Models\\User', 456),
(5, 'App\\Models\\User', 457),
(5, 'App\\Models\\User', 458),
(5, 'App\\Models\\User', 459),
(5, 'App\\Models\\User', 461),
(5, 'App\\Models\\User', 462),
(5, 'App\\Models\\User', 463),
(5, 'App\\Models\\User', 464),
(5, 'App\\Models\\User', 465),
(5, 'App\\Models\\User', 466),
(5, 'App\\Models\\User', 467),
(5, 'App\\Models\\User', 468),
(5, 'App\\Models\\User', 469),
(5, 'App\\Models\\User', 470),
(5, 'App\\Models\\User', 471),
(5, 'App\\Models\\User', 472),
(5, 'App\\Models\\User', 473),
(5, 'App\\Models\\User', 475),
(5, 'App\\Models\\User', 476),
(5, 'App\\Models\\User', 477),
(5, 'App\\Models\\User', 478),
(5, 'App\\Models\\User', 479),
(5, 'App\\Models\\User', 480),
(5, 'App\\Models\\User', 481),
(5, 'App\\Models\\User', 482),
(5, 'App\\Models\\User', 483),
(5, 'App\\Models\\User', 484),
(5, 'App\\Models\\User', 485),
(5, 'App\\Models\\User', 486),
(5, 'App\\Models\\User', 487),
(5, 'App\\Models\\User', 488),
(5, 'App\\Models\\User', 489),
(5, 'App\\Models\\User', 490),
(5, 'App\\Models\\User', 491),
(5, 'App\\Models\\User', 492),
(5, 'App\\Models\\User', 493),
(5, 'App\\Models\\User', 494),
(5, 'App\\Models\\User', 495),
(5, 'App\\Models\\User', 496),
(5, 'App\\Models\\User', 497),
(5, 'App\\Models\\User', 498),
(5, 'App\\Models\\User', 499),
(5, 'App\\Models\\User', 500),
(5, 'App\\Models\\User', 501),
(5, 'App\\Models\\User', 502),
(5, 'App\\Models\\User', 503),
(5, 'App\\Models\\User', 504),
(5, 'App\\Models\\User', 505),
(5, 'App\\Models\\User', 506),
(5, 'App\\Models\\User', 507),
(5, 'App\\Models\\User', 508),
(5, 'App\\Models\\User', 509),
(5, 'App\\Models\\User', 510),
(5, 'App\\Models\\User', 511),
(5, 'App\\Models\\User', 512),
(5, 'App\\Models\\User', 513),
(5, 'App\\Models\\User', 514),
(5, 'App\\Models\\User', 515),
(5, 'App\\Models\\User', 516),
(5, 'App\\Models\\User', 517),
(5, 'App\\Models\\User', 518),
(5, 'App\\Models\\User', 520),
(5, 'App\\Models\\User', 521),
(5, 'App\\Models\\User', 522),
(5, 'App\\Models\\User', 523),
(5, 'App\\Models\\User', 524),
(5, 'App\\Models\\User', 525),
(5, 'App\\Models\\User', 526),
(5, 'App\\Models\\User', 527),
(5, 'App\\Models\\User', 528),
(5, 'App\\Models\\User', 529),
(5, 'App\\Models\\User', 530),
(5, 'App\\Models\\User', 531),
(5, 'App\\Models\\User', 532),
(5, 'App\\Models\\User', 533),
(5, 'App\\Models\\User', 534),
(5, 'App\\Models\\User', 535),
(5, 'App\\Models\\User', 536),
(5, 'App\\Models\\User', 537),
(5, 'App\\Models\\User', 538),
(5, 'App\\Models\\User', 539),
(5, 'App\\Models\\User', 540),
(5, 'App\\Models\\User', 541),
(5, 'App\\Models\\User', 542),
(5, 'App\\Models\\User', 543),
(5, 'App\\Models\\User', 544),
(5, 'App\\Models\\User', 545),
(5, 'App\\Models\\User', 546),
(5, 'App\\Models\\User', 547),
(5, 'App\\Models\\User', 548),
(5, 'App\\Models\\User', 549),
(5, 'App\\Models\\User', 550),
(5, 'App\\Models\\User', 551),
(5, 'App\\Models\\User', 552),
(5, 'App\\Models\\User', 553),
(5, 'App\\Models\\User', 554),
(5, 'App\\Models\\User', 555),
(5, 'App\\Models\\User', 557),
(5, 'App\\Models\\User', 558),
(5, 'App\\Models\\User', 559),
(5, 'App\\Models\\User', 560),
(5, 'App\\Models\\User', 561),
(5, 'App\\Models\\User', 562),
(5, 'App\\Models\\User', 563),
(5, 'App\\Models\\User', 564),
(5, 'App\\Models\\User', 565),
(5, 'App\\Models\\User', 566),
(5, 'App\\Models\\User', 567),
(5, 'App\\Models\\User', 568),
(5, 'App\\Models\\User', 569),
(5, 'App\\Models\\User', 570),
(5, 'App\\Models\\User', 571),
(5, 'App\\Models\\User', 572),
(5, 'App\\Models\\User', 573),
(5, 'App\\Models\\User', 574),
(5, 'App\\Models\\User', 575),
(5, 'App\\Models\\User', 576),
(5, 'App\\Models\\User', 577),
(5, 'App\\Models\\User', 578),
(5, 'App\\Models\\User', 579),
(5, 'App\\Models\\User', 580),
(5, 'App\\Models\\User', 581),
(5, 'App\\Models\\User', 582),
(5, 'App\\Models\\User', 583),
(5, 'App\\Models\\User', 584),
(5, 'App\\Models\\User', 585),
(5, 'App\\Models\\User', 586),
(5, 'App\\Models\\User', 587),
(5, 'App\\Models\\User', 588),
(5, 'App\\Models\\User', 589),
(5, 'App\\Models\\User', 590),
(5, 'App\\Models\\User', 591),
(5, 'App\\Models\\User', 592),
(5, 'App\\Models\\User', 593),
(5, 'App\\Models\\User', 594),
(5, 'App\\Models\\User', 595),
(5, 'App\\Models\\User', 596),
(5, 'App\\Models\\User', 597),
(5, 'App\\Models\\User', 598),
(5, 'App\\Models\\User', 599),
(5, 'App\\Models\\User', 600),
(5, 'App\\Models\\User', 601),
(5, 'App\\Models\\User', 602),
(5, 'App\\Models\\User', 603),
(5, 'App\\Models\\User', 604),
(5, 'App\\Models\\User', 605),
(5, 'App\\Models\\User', 606),
(5, 'App\\Models\\User', 607),
(5, 'App\\Models\\User', 608),
(5, 'App\\Models\\User', 609),
(5, 'App\\Models\\User', 610),
(5, 'App\\Models\\User', 611),
(5, 'App\\Models\\User', 612),
(5, 'App\\Models\\User', 613),
(5, 'App\\Models\\User', 614),
(5, 'App\\Models\\User', 615),
(5, 'App\\Models\\User', 616),
(5, 'App\\Models\\User', 617),
(5, 'App\\Models\\User', 618),
(5, 'App\\Models\\User', 619),
(5, 'App\\Models\\User', 620),
(5, 'App\\Models\\User', 621),
(5, 'App\\Models\\User', 622),
(5, 'App\\Models\\User', 623),
(5, 'App\\Models\\User', 624),
(5, 'App\\Models\\User', 625),
(5, 'App\\Models\\User', 626),
(5, 'App\\Models\\User', 627),
(5, 'App\\Models\\User', 628),
(5, 'App\\Models\\User', 629),
(5, 'App\\Models\\User', 630),
(5, 'App\\Models\\User', 631),
(5, 'App\\Models\\User', 632),
(5, 'App\\Models\\User', 633),
(5, 'App\\Models\\User', 634),
(5, 'App\\Models\\User', 635),
(5, 'App\\Models\\User', 636),
(5, 'App\\Models\\User', 637),
(5, 'App\\Models\\User', 638),
(5, 'App\\Models\\User', 639),
(5, 'App\\Models\\User', 640),
(5, 'App\\Models\\User', 641),
(5, 'App\\Models\\User', 642),
(5, 'App\\Models\\User', 643),
(5, 'App\\Models\\User', 644),
(5, 'App\\Models\\User', 645),
(5, 'App\\Models\\User', 646),
(5, 'App\\Models\\User', 647),
(5, 'App\\Models\\User', 648),
(5, 'App\\Models\\User', 649),
(5, 'App\\Models\\User', 650),
(5, 'App\\Models\\User', 651),
(5, 'App\\Models\\User', 652),
(5, 'App\\Models\\User', 653),
(5, 'App\\Models\\User', 654),
(5, 'App\\Models\\User', 655),
(5, 'App\\Models\\User', 656),
(5, 'App\\Models\\User', 657),
(5, 'App\\Models\\User', 658),
(5, 'App\\Models\\User', 659),
(5, 'App\\Models\\User', 660),
(5, 'App\\Models\\User', 661),
(5, 'App\\Models\\User', 662),
(5, 'App\\Models\\User', 663),
(5, 'App\\Models\\User', 664),
(5, 'App\\Models\\User', 665),
(5, 'App\\Models\\User', 666),
(5, 'App\\Models\\User', 667),
(5, 'App\\Models\\User', 668),
(5, 'App\\Models\\User', 669),
(5, 'App\\Models\\User', 670),
(5, 'App\\Models\\User', 671),
(5, 'App\\Models\\User', 672),
(5, 'App\\Models\\User', 673),
(5, 'App\\Models\\User', 674),
(5, 'App\\Models\\User', 675),
(5, 'App\\Models\\User', 676),
(5, 'App\\Models\\User', 677),
(5, 'App\\Models\\User', 678),
(5, 'App\\Models\\User', 679),
(5, 'App\\Models\\User', 680),
(5, 'App\\Models\\User', 681),
(5, 'App\\Models\\User', 682),
(5, 'App\\Models\\User', 683),
(5, 'App\\Models\\User', 684),
(5, 'App\\Models\\User', 685),
(5, 'App\\Models\\User', 686),
(5, 'App\\Models\\User', 687),
(5, 'App\\Models\\User', 688),
(5, 'App\\Models\\User', 689),
(5, 'App\\Models\\User', 690),
(5, 'App\\Models\\User', 691),
(5, 'App\\Models\\User', 692),
(5, 'App\\Models\\User', 693),
(5, 'App\\Models\\User', 694),
(5, 'App\\Models\\User', 695),
(5, 'App\\Models\\User', 696),
(5, 'App\\Models\\User', 697),
(5, 'App\\Models\\User', 698),
(5, 'App\\Models\\User', 699),
(5, 'App\\Models\\User', 700),
(5, 'App\\Models\\User', 701),
(5, 'App\\Models\\User', 702),
(5, 'App\\Models\\User', 703),
(5, 'App\\Models\\User', 704),
(5, 'App\\Models\\User', 705),
(5, 'App\\Models\\User', 706),
(5, 'App\\Models\\User', 707),
(5, 'App\\Models\\User', 708),
(5, 'App\\Models\\User', 709),
(5, 'App\\Models\\User', 710),
(5, 'App\\Models\\User', 711),
(5, 'App\\Models\\User', 712),
(5, 'App\\Models\\User', 713),
(5, 'App\\Models\\User', 714),
(5, 'App\\Models\\User', 715),
(5, 'App\\Models\\User', 716),
(5, 'App\\Models\\User', 717),
(5, 'App\\Models\\User', 718);

-- --------------------------------------------------------

--
-- Table structure for table `password_resets`
--

CREATE TABLE `password_resets` (
  `email` varchar(255) COLLATE utf8mb4_unicode_ci NOT NULL,
  `token` varchar(255) COLLATE utf8mb4_unicode_ci NOT NULL,
  `created_at` timestamp NULL DEFAULT NULL
) ENGINE=InnoDB DEFAULT CHARSET=utf8mb4 COLLATE=utf8mb4_unicode_ci;

-- --------------------------------------------------------

--
-- Table structure for table `permissions`
--

CREATE TABLE `permissions` (
  `id` bigint(20) UNSIGNED NOT NULL,
  `name` varchar(255) COLLATE utf8mb4_unicode_ci NOT NULL,
  `guard_name` varchar(255) COLLATE utf8mb4_unicode_ci NOT NULL,
  `created_at` timestamp NULL DEFAULT NULL,
  `updated_at` timestamp NULL DEFAULT NULL
) ENGINE=InnoDB DEFAULT CHARSET=utf8mb4 COLLATE=utf8mb4_unicode_ci;

-- --------------------------------------------------------

--
-- Table structure for table `personal_access_tokens`
--

CREATE TABLE `personal_access_tokens` (
  `id` bigint(20) UNSIGNED NOT NULL,
  `tokenable_type` varchar(255) COLLATE utf8mb4_unicode_ci NOT NULL,
  `tokenable_id` bigint(20) UNSIGNED NOT NULL,
  `name` varchar(255) COLLATE utf8mb4_unicode_ci NOT NULL,
  `token` varchar(64) COLLATE utf8mb4_unicode_ci NOT NULL,
  `abilities` text COLLATE utf8mb4_unicode_ci DEFAULT NULL,
  `last_used_at` timestamp NULL DEFAULT NULL,
  `created_at` timestamp NULL DEFAULT NULL,
  `updated_at` timestamp NULL DEFAULT NULL
) ENGINE=InnoDB DEFAULT CHARSET=utf8mb4 COLLATE=utf8mb4_unicode_ci;

-- --------------------------------------------------------

--
-- Table structure for table `projects`
--

CREATE TABLE `projects` (
  `id` int(11) NOT NULL,
  `campaign_id` int(11) NOT NULL,
  `name` varchar(255) NOT NULL,
  `project_code` varchar(255) NOT NULL,
  `created_at` timestamp NULL DEFAULT NULL,
  `updated_at` timestamp NULL DEFAULT NULL,
  `deleted_at` timestamp NULL DEFAULT NULL
) ENGINE=InnoDB DEFAULT CHARSET=utf8mb4;

--
-- Dumping data for table `projects`
--

INSERT INTO `projects` (`id`, `campaign_id`, `name`, `project_code`, `created_at`, `updated_at`, `deleted_at`) VALUES
(1, 2, 'EDDY-EDU', 'PRO0145', NULL, NULL, NULL),
(2, 2, 'EDDY-IB', 'PRO0146', NULL, NULL, NULL),
(3, 2, 'EDDY-OB', 'PRO0147', NULL, NULL, NULL),
(4, 3, 'GDR', 'PRO0138', NULL, NULL, NULL),
(5, 4, 'DSS', 'PRO0101', NULL, NULL, NULL);

-- --------------------------------------------------------

--
-- Table structure for table `roles`
--

CREATE TABLE `roles` (
  `id` bigint(20) UNSIGNED NOT NULL,
  `name` varchar(255) COLLATE utf8mb4_unicode_ci NOT NULL,
  `guard_name` varchar(255) COLLATE utf8mb4_unicode_ci NOT NULL,
  `created_at` timestamp NULL DEFAULT NULL,
  `updated_at` timestamp NULL DEFAULT NULL
) ENGINE=InnoDB DEFAULT CHARSET=utf8mb4 COLLATE=utf8mb4_unicode_ci;

--
-- Dumping data for table `roles`
--

INSERT INTO `roles` (`id`, `name`, `guard_name`, `created_at`, `updated_at`) VALUES
(1, 'Super Admin', 'web', '2022-06-08 06:48:58', '2022-06-08 06:48:58'),
(2, 'Director', 'web', '2022-06-08 06:48:58', '2022-06-08 06:48:58'),
(3, 'Manager', 'web', '2022-06-08 06:48:58', '2022-06-08 06:48:58'),
(4, 'Team Lead', 'web', '2022-06-08 06:48:58', '2022-06-08 06:48:58'),
(5, 'Associate', 'web', '2022-06-08 06:48:58', '2022-06-08 06:48:58');

-- --------------------------------------------------------

--
-- Table structure for table `role_has_permissions`
--

CREATE TABLE `role_has_permissions` (
  `permission_id` bigint(20) UNSIGNED NOT NULL,
  `role_id` bigint(20) UNSIGNED NOT NULL
) ENGINE=InnoDB DEFAULT CHARSET=utf8mb4 COLLATE=utf8mb4_unicode_ci;

-- --------------------------------------------------------

--
-- Table structure for table `solar_lt_categories`
--

CREATE TABLE `solar_lt_categories` (
  `id` bigint(20) UNSIGNED NOT NULL,
  `name` varchar(255) COLLATE utf8mb4_unicode_ci NOT NULL,
  `created_at` timestamp NULL DEFAULT NULL,
  `updated_at` timestamp NULL DEFAULT NULL
) ENGINE=InnoDB DEFAULT CHARSET=utf8mb4 COLLATE=utf8mb4_unicode_ci;

--
-- Dumping data for table `solar_lt_categories`
--

INSERT INTO `solar_lt_categories` (`id`, `name`, `created_at`, `updated_at`) VALUES
(1, 'Introductions', '2022-06-08 07:43:44', '2022-06-08 07:43:44'),
(2, 'Qualification', '2022-06-08 07:43:44', '2022-06-08 07:43:44'),
(3, 'Sale', '2022-06-08 07:43:44', '2022-06-08 07:43:44'),
(4, 'Compliance', '2022-06-08 07:43:44', '2022-06-08 07:43:44'),
(5, 'Positive Engagement', '2022-06-08 07:43:44', '2022-06-08 07:43:44');

-- --------------------------------------------------------

--
-- Table structure for table `solar_lt_datapoints`
--

CREATE TABLE `solar_lt_datapoints` (
  `id` bigint(20) UNSIGNED NOT NULL,
  `name` varchar(255) COLLATE utf8mb4_unicode_ci NOT NULL,
  `question` varchar(255) COLLATE utf8mb4_unicode_ci DEFAULT NULL,
  `category_id` int(11) NOT NULL,
  `created_at` timestamp NULL DEFAULT NULL,
  `updated_at` timestamp NULL DEFAULT NULL
) ENGINE=InnoDB DEFAULT CHARSET=utf8mb4 COLLATE=utf8mb4_unicode_ci;

--
-- Dumping data for table `solar_lt_datapoints`
--

INSERT INTO `solar_lt_datapoints` (`id`, `name`, `question`, `category_id`, `created_at`, `updated_at`) VALUES
(1, 'My Self', NULL, 1, '2022-06-08 07:43:57', '2022-06-08 07:43:57'),
(2, 'My Company', NULL, 1, '2022-06-08 07:43:57', '2022-06-08 07:43:57'),
(3, 'Reason for the call', NULL, 1, '2022-06-08 07:43:57', '2022-06-08 07:43:57'),
(4, 'Home Ownership & Address', NULL, 2, '2022-06-08 07:43:57', '2022-06-08 07:43:57'),
(5, 'Single Family / House Type', NULL, 2, '2022-06-08 07:43:57', '2022-06-08 07:43:57'),
(6, 'Bill', NULL, 2, '2022-06-08 07:43:57', '2022-06-08 07:43:57'),
(7, 'Credit Score', NULL, 2, '2022-06-08 07:43:57', '2022-06-08 07:43:57'),
(8, 'Shades', NULL, 2, '2022-06-08 07:43:57', '2022-06-08 07:43:57'),
(9, 'Age & Income', NULL, 2, '2022-06-08 07:43:57', '2022-06-08 07:43:57'),
(10, 'Company', NULL, 3, '2022-06-08 07:43:57', '2022-06-08 07:43:57'),
(11, 'Product', NULL, 3, '2022-06-08 07:43:57', '2022-06-08 07:43:57'),
(12, 'Appt Set', NULL, 3, '2022-06-08 07:43:57', '2022-06-08 07:43:57'),
(13, 'TCPA', NULL, 4, '2022-06-08 07:43:57', '2022-06-08 07:43:57'),
(14, '3 Way', NULL, 4, '2022-06-08 07:43:57', '2022-06-08 07:43:57'),
(15, '180 sec buffer time', NULL, 5, '2022-06-08 07:43:57', '2022-06-08 07:43:57');

-- --------------------------------------------------------

--
-- Table structure for table `solar_lt_evaluations`
--

CREATE TABLE `solar_lt_evaluations` (
  `id` bigint(20) UNSIGNED NOT NULL,
  `outcome` enum('Qualified','Not Qualified') COLLATE utf8mb4_unicode_ci NOT NULL,
  `notes` varchar(255) COLLATE utf8mb4_unicode_ci NOT NULL,
  `customer_name` varchar(255) COLLATE utf8mb4_unicode_ci NOT NULL,
  `record_id` int(11) NOT NULL,
  `customer_phone` varchar(255) COLLATE utf8mb4_unicode_ci NOT NULL,
  `recording_link` varchar(255) COLLATE utf8mb4_unicode_ci NOT NULL,
  `recording_duration` time NOT NULL,
  `call_date` date DEFAULT NULL,
  `user_id` int(11) NOT NULL,
  `created_at` timestamp NULL DEFAULT NULL,
  `updated_at` timestamp NULL DEFAULT NULL
) ENGINE=InnoDB DEFAULT CHARSET=utf8mb4 COLLATE=utf8mb4_unicode_ci;

-- --------------------------------------------------------

--
-- Table structure for table `solar_lt_evaluation_responses`
--

CREATE TABLE `solar_lt_evaluation_responses` (
  `id` bigint(20) UNSIGNED NOT NULL,
  `answer` int(11) NOT NULL,
  `evaluation_id` int(11) NOT NULL,
  `datapoint_id` int(11) NOT NULL,
  `created_at` timestamp NULL DEFAULT NULL,
  `updated_at` timestamp NULL DEFAULT NULL
) ENGINE=InnoDB DEFAULT CHARSET=utf8mb4 COLLATE=utf8mb4_unicode_ci;

-- --------------------------------------------------------

--
-- Table structure for table `users`
--

CREATE TABLE `users` (
  `id` bigint(20) UNSIGNED NOT NULL,
  `reporting_to` int(11) DEFAULT NULL,
  `campaign_id` int(11) DEFAULT NULL,
  `project_id` int(20) DEFAULT NULL,
  `hrms_id` int(11) NOT NULL,
  `name` varchar(255) COLLATE utf8mb4_unicode_ci NOT NULL,
  `password` varchar(255) COLLATE utf8mb4_unicode_ci DEFAULT NULL,
  `plain_password` varchar(255) COLLATE utf8mb4_unicode_ci DEFAULT NULL,
  `access_key` char(36) COLLATE utf8mb4_unicode_ci DEFAULT NULL,
  `status` enum('active','disabled') COLLATE utf8mb4_unicode_ci NOT NULL DEFAULT 'active',
  `remember_token` varchar(100) COLLATE utf8mb4_unicode_ci DEFAULT NULL,
  `deleted_at` timestamp NULL DEFAULT NULL,
  `created_at` timestamp NULL DEFAULT NULL,
  `updated_at` timestamp NULL DEFAULT NULL
) ENGINE=InnoDB DEFAULT CHARSET=utf8mb4 COLLATE=utf8mb4_unicode_ci;

--
-- Dumping data for table `users`
--

INSERT INTO `users` (`id`, `reporting_to`, `campaign_id`, `project_id`, `hrms_id`, `name`, `password`, `plain_password`, `access_key`, `status`, `remember_token`, `deleted_at`, `created_at`, `updated_at`) VALUES
(1, NULL, NULL, 0, 896075, 'Adminstrator', '$2y$10$uGYMd/6mr34cjKxL7QCeyet3nH.OI55UtZwGOsPlboiUBNi2/c8oy', 'Touchstone@786', '7835668d-8e8c-453e-b675-34ae29406b76', 'active', NULL, NULL, '2022-06-08 06:51:52', '2022-06-08 06:51:52'),
(2, NULL, 1, 0, 695957, 'HUMAYUN JAVED', '$2y$10$jJ7tkbhQhKO7Y.Z9/6Hkp.v84UeYmhm7L7b0wmSgW0gBWGRImgy9a', 'HuJaved@786', NULL, 'active', NULL, NULL, NULL, NULL),
(3, 2, 1, 0, 1971, 'QASIM HUSSAIN', '$2y$10$YEfUiSsu4wGUeV4BwBjLueo.bk8m0CrmslvC6rQEn8lPzA5YvJB0W', 'QHussain@786', NULL, 'active', NULL, NULL, NULL, NULL),
(4, 3, 1, 0, 248607, 'ZAFAR IQBAL', '$2y$10$7hGZ5VzXFdkyYzMY3LGBOeWcQWf45EDCIlQ8.F5Z/I6xp4cYwJtv6', NULL, NULL, 'active', NULL, NULL, NULL, '2023-01-21 11:14:08'),
(5, 3, 1, 0, 711432, 'MARYAM EMAN TASHFEEN', '$2y$10$9D5cNcJEtgdtyFEZMyvwYeAgDINeU9En.8.KFY79yDn5nob78czxS', NULL, NULL, 'active', NULL, NULL, NULL, '2023-01-21 11:14:13'),
(6, 3, 1, 0, 166739, 'WALEED AZEEM', '$2y$10$U5qBp7oL2F6lLAvK4E1/3.2Ri5ZEgrXdARG0IT.1Bn0YR708Ldo6i', NULL, NULL, 'active', NULL, NULL, NULL, '2023-01-24 06:28:39'),
(7, 3, 1, 0, 816409, 'HASSAM UL HAQ MIR', '$2y$10$dMeLN/ovupgL.yUwqwkG/OvhEGnvwE0knLox3L7vyd6yCbyJUeeN6', NULL, NULL, 'active', NULL, NULL, NULL, '2023-01-21 11:14:22'),
(8, 2, 1, 0, 446059, 'MUHAMMAD AASHAN BILAWAL', '$2y$10$nIzs2lR1w1sPyRK6G.YgIew/ZhX4eShw5PYzJ5ZLk3AofBBDs7J6a', 'MABilawal@786', NULL, 'active', NULL, NULL, NULL, NULL),
(9, 3, 1, 0, 986201, 'SYED HASSAN RAZA', '$2y$10$R.GQxiHNYCIdZLfsSpoLuO5RO0VpRt1fLQsyzbdlMaFnNAern.8eK', NULL, NULL, 'active', NULL, NULL, NULL, '2023-01-21 11:14:26'),
(10, 3, 1, 0, 821133, 'SHEHERYAR ZAHID', '$2y$10$FQf3MkUCm6hZxnVMPg.bTeEP209rmoOlGNsx3PedDwxvfBA3P7oJG', NULL, NULL, 'active', NULL, NULL, NULL, '2023-01-21 11:14:31'),
(11, 3, 1, 0, 623230, 'SARAH YUSUF', '$2y$10$RK.Z9tMwGmeXwGDFO0ltY.0xd9qEwxXXpX778mMnkEYhGkyGW9INq', NULL, NULL, 'active', NULL, NULL, NULL, '2023-01-21 11:14:35'),
(12, 3, 1, 0, 971088, 'Perscekla Patras', '$2y$10$1KSLkS7x42b0qRcRp0gUEeRgvdFX2JNKAXnASo.30qyCh4YhWi7Am', NULL, NULL, 'active', NULL, NULL, NULL, '2023-01-21 11:14:39'),
(13, 3, 1, 0, 451783, 'SHEHERYAR BABAR', '$2y$10$tAmVQ8KCRFsU9.kc5O.BR.bI2Ht03NC/ZTEIzNEdre06wf7bRFpV6', NULL, NULL, 'active', NULL, NULL, NULL, '2023-01-21 11:14:42'),
(14, 3, 1, 0, 461466, 'Aymen Iftikhar', '$2y$10$Z4K8SYue/mb9.PfHCPHoaupdpK606qwNPvv58G3xWafqhiOHBQVBS', NULL, NULL, 'active', NULL, NULL, NULL, '2023-01-21 11:14:46'),
(15, 3, 1, 0, 4691, 'Muhammad Bin Burhan', '$2y$10$g1nhiW/jmtw7doEDG/x3G.WDvNyhpa.96loqFG3dtnZVYQDZkrzOa', 'test123', NULL, 'active', NULL, NULL, NULL, '2023-01-24 06:28:35'),
(16, 3, 1, 0, 465031, 'Haris Nadeem', '$2y$10$x3B0lpNZfYxCfAqjNV8Z3./4cufQkOnA4ulTI7YqUkGHRjb/0DDaG', NULL, NULL, 'active', NULL, NULL, NULL, '2023-01-21 11:15:20'),
(17, 3, 1, 0, 248683, 'Rehan Masood', '$2y$10$vnvFQvZoLBAqSQKD4mhcyuqFXpCkMYqKUFVH3Tq4ZZxfAgKzOzmje', NULL, NULL, 'active', NULL, NULL, NULL, '2023-01-21 11:15:24'),
(18, 3, 1, 0, 504418, 'Eisha Mehboob', '$2y$10$YoCbT35OiyOhxfp.M4oRwuvHtbs//a5s7zjqW9zYGgC0HOCe/ePOi', NULL, NULL, 'active', NULL, NULL, NULL, '2023-01-21 11:15:27'),
(19, 3, 1, 0, 137963, 'Hamza Khan', '$2y$10$b4L4hrjzPwPIbUXlPPWLFOFEusvYtiL7oZe7lJr84ANSGCF7MGnxC', NULL, NULL, 'active', NULL, NULL, NULL, '2023-01-21 11:15:31'),
(20, NULL, 2, 0, 87223, 'Waqas Ahmed', '$2y$10$MqomRHyFFA0qum6XCz56M.S.oXEI9QAjzOjjQudpN9fbojIBHAsHO', NULL, NULL, 'active', NULL, NULL, NULL, '2023-01-21 11:16:05'),
(21, 20, 2, 0, 238430, 'Iram Ahmed', '$2y$10$d86pVYrlLOpjoKGhpy5sduroOVP.x6OFKz6UeubdwS9Lx2vDHebpG', 'test123', NULL, 'active', NULL, NULL, NULL, '2023-01-24 13:51:51'),
(22, 21, 2, 0, 330255, 'Syed Shahab Kazmi', '$2y$10$xFgcpwvfi1iIip7NTj3fCeZcTnrM5UTQ4bdd1zOdk2GPrta2TDh1i', 'test123', NULL, 'active', NULL, NULL, NULL, '2023-01-26 05:21:08'),
(23, 21, 2, 0, 517942, 'Abeer Aslam', '$2y$10$9RxJtD37G/lB0ZISKBF/LezF7hkepAUuWTz1qCS6b0ENfmmED3DPq', 'test123', NULL, 'active', NULL, NULL, NULL, '2023-01-25 13:44:38'),
(24, 21, 2, 0, 708248, 'Kaynat Akhter', NULL, NULL, NULL, 'active', NULL, NULL, NULL, NULL),
(25, 21, 2, 0, 299837, 'Naeem Hussain', NULL, NULL, NULL, 'active', NULL, NULL, NULL, NULL),
(26, 21, 2, 0, 586755, 'Raza pervaiz', '$2y$10$YXRaElLEBrPtohXKjugGXOuZJa0y2jlF4WifHn9gr808ed8.4tWNS', 'test123', NULL, 'active', NULL, NULL, NULL, '2023-01-25 13:46:20'),
(27, 21, 2, 0, 655325, 'SYED ALI RAZA', NULL, NULL, NULL, 'active', NULL, NULL, NULL, NULL),
(28, 22, 2, 3, 948172, 'Qusham Nazeer', '', '', NULL, 'active', NULL, NULL, NULL, NULL),
(29, 22, 2, 2, 890535, 'RAHAB SAMEER KHAWAR', '', '', NULL, 'active', NULL, NULL, NULL, NULL),
(30, 22, 2, 3, 689878, 'RIA GILL', '', '', NULL, 'active', NULL, NULL, NULL, NULL),
(31, 22, 2, 3, 682496, 'Sabila Iqbal', '', '', NULL, 'active', NULL, NULL, NULL, NULL),
(32, 22, 2, 3, 662922, 'SONIA CHARLES', '', '', NULL, 'active', NULL, NULL, NULL, NULL),
(33, 22, 2, 3, 906873, 'SYED TALHA HASSAN', '', '', NULL, 'active', NULL, NULL, NULL, NULL),
(34, 22, 2, 3, 665427, 'WALEED ABDULLAH', '', '', NULL, 'active', NULL, NULL, NULL, NULL),
(35, 24, 2, 1, 230183, 'ALI ADNAN', '', '', NULL, 'active', NULL, NULL, NULL, NULL),
(36, 24, 2, 1, 329335, 'ERIC NASIR', '', '', NULL, 'active', NULL, NULL, NULL, NULL),
(37, 24, 2, 1, 63797, 'FARJAD KHAN', '', '', NULL, 'active', NULL, NULL, NULL, NULL),
(38, 24, 2, 1, 127355, 'HANZLA KHAN', '', '', NULL, 'active', NULL, NULL, NULL, NULL),
(39, 24, 2, 1, 729057, 'HASNAIN MAHMOOD', '', '', NULL, 'active', NULL, NULL, NULL, NULL),
(40, 24, 2, 1, 942983, 'JAWAD ABDULLAH', '', '', NULL, 'active', NULL, NULL, NULL, NULL),
(41, 24, 2, 1, 567467, 'RAMISH MAHER', '', '', NULL, 'active', NULL, NULL, NULL, NULL),
(42, 24, 2, 1, 335573, 'SHAHEER MAQSOOD', '', '', NULL, 'active', NULL, NULL, NULL, NULL),
(43, 24, 2, 1, 78849, 'UMAIR ANJUM', '', '', NULL, 'active', NULL, NULL, NULL, NULL),
(44, 24, 2, 1, 58405, 'USAMA ILYAS', '', '', NULL, 'active', NULL, NULL, NULL, NULL),
(45, 24, 2, 1, 88903, 'WAQAS AHMED(Jr)', '', '', NULL, 'active', NULL, NULL, NULL, NULL),
(46, 24, 2, 1, 259918, 'ZOBARIA ISHTIAQ', '', '', NULL, 'active', NULL, NULL, NULL, NULL),
(47, 24, 2, 1, 703360, 'FIZZA HUMAYUN', '', '', NULL, 'active', NULL, NULL, NULL, NULL),
(48, 24, 2, 2, 804874, 'EBIGAIL KELVIN', '', '', NULL, 'active', NULL, NULL, NULL, NULL),
(49, 24, 2, 2, 318586, 'SEHRISH ALAM', '', '', NULL, 'active', NULL, NULL, NULL, NULL),
(50, 24, 2, 2, 752446, 'TAQADAS ABBAS', '', '', NULL, 'active', NULL, NULL, NULL, NULL),
(51, 24, 2, 3, 24389, 'AHAB SULEMAN', '', '', NULL, 'active', NULL, NULL, NULL, NULL),
(52, 24, 2, 3, 260798, 'AYYAT HUSSAIN', '', '', NULL, 'active', NULL, NULL, NULL, NULL),
(53, 24, 2, 3, 14921, 'BEHRAM KHAN', '', '', NULL, 'active', NULL, NULL, NULL, NULL),
(54, 24, 2, 3, 312136, 'DUA SHAH', '', '', NULL, 'active', NULL, NULL, NULL, NULL),
(55, 24, 2, 3, 84528, 'FAIZA RAZZAQ', '', '', NULL, 'active', NULL, NULL, NULL, NULL),
(56, 24, 2, 3, 475041, 'MUHAMMAD MUDASSAR', '', '', NULL, 'active', NULL, NULL, NULL, NULL),
(57, 24, 2, 3, 965908, 'NISHA BABAR', '', '', NULL, 'active', NULL, NULL, NULL, NULL),
(58, 24, 2, 3, 180457, 'RANA ARSHMAAN ALI', '', '', NULL, 'active', NULL, NULL, NULL, NULL),
(59, 24, 2, 3, 749202, 'SABA AROOJ', '', '', NULL, 'active', NULL, NULL, NULL, NULL),
(60, 24, 2, 3, 827579, 'Syed Muhammad Usman Ali', '', '', NULL, 'active', NULL, NULL, NULL, NULL),
(61, 24, 2, 3, 396161, 'ZAYAN NOOR', '', '', NULL, 'active', NULL, NULL, NULL, NULL),
(62, 23, 2, 2, 253233, 'EHSAN UL HAQ', '', '', NULL, 'active', NULL, NULL, NULL, NULL),
(63, 23, 2, 2, 975521, 'HUMAYUN JAVED', '', '', NULL, 'active', NULL, NULL, NULL, NULL),
(64, 23, 2, 2, 720001, 'JAMES JACKSON', '', '', NULL, 'active', NULL, NULL, NULL, NULL),
(65, 23, 2, 2, 969192, 'LIAH ROSE', '', '', NULL, 'active', NULL, NULL, NULL, NULL),
(66, 23, 2, 2, 920825, 'MUHAMMAD MUBEEN MALIK', '', '', NULL, 'active', NULL, NULL, NULL, NULL),
(67, 23, 2, 2, 270801, 'MUHAMMAD UMAR TANVEER', '', '', NULL, 'active', NULL, NULL, NULL, NULL),
(68, 23, 2, 2, 872001, 'OSAMA IQBAL MALIK', '', '', NULL, 'active', NULL, NULL, NULL, NULL),
(69, 23, 2, 2, 118604, 'SYEDA TAFSEER ZEHRA', '', '', NULL, 'active', NULL, NULL, NULL, NULL),
(70, 23, 2, 2, 985179, 'TAHIR ZAMAN', '', '', NULL, 'active', NULL, NULL, NULL, NULL),
(71, 23, 2, 2, 968745, 'ZOHAIB ASHFAQ QURESHI', '', '', NULL, 'active', NULL, NULL, NULL, NULL),
(72, 23, 2, 3, 810093, 'Agha Ayan Ahmed', '', '', NULL, 'active', NULL, NULL, NULL, NULL),
(73, 23, 2, 3, 152291, 'AHMAD MAHMOOD KIYANI', '', '', NULL, 'active', NULL, NULL, NULL, NULL),
(74, 23, 2, 3, 675029, 'HARIS TAHIR', '', '', NULL, 'active', NULL, NULL, NULL, NULL),
(75, 23, 2, 3, 895104, 'JESSICA MORRIS', '', '', NULL, 'active', NULL, NULL, NULL, NULL),
(76, 23, 2, 3, 627417, 'MOHSIN RAZA HASHMI', '', '', NULL, 'active', NULL, NULL, NULL, NULL),
(77, 23, 2, 3, 748597, 'MUHAMMAD MOIZ', '', '', NULL, 'active', NULL, NULL, NULL, NULL),
(78, 23, 2, 3, 763481, 'MUHAMMAD NOUMAN ALI', '', '', NULL, 'active', NULL, NULL, NULL, NULL),
(79, 23, 2, 3, 210814, 'QURAT Ul AIN', '', '', NULL, 'active', NULL, NULL, NULL, NULL),
(80, 23, 2, 3, 951883, 'RAJA MOIZ UR REHMAN', '', '', NULL, 'active', NULL, NULL, NULL, NULL),
(81, 23, 2, 3, 764844, 'RAZIA FAZAL', '', '', NULL, 'active', NULL, NULL, NULL, NULL),
(82, 23, 2, 3, 342561, 'SHALOOM SHAFIQ', '', '', NULL, 'active', NULL, NULL, NULL, NULL),
(83, 23, 2, 3, 907183, 'UZAIR IFTIKHAR', '', '', NULL, 'active', NULL, NULL, NULL, NULL),
(84, 23, 2, 3, 300026, 'WALIYA ZAINAB', '', '', NULL, 'active', NULL, NULL, NULL, NULL),
(85, 23, 2, 3, 751543, 'ZAWAR RAZA KHAN', '', '', NULL, 'active', NULL, NULL, NULL, NULL),
(86, 23, 2, 3, 928533, 'HAMZA BASHIR', '', '', NULL, 'active', NULL, NULL, NULL, NULL),
(87, 25, 2, 2, 544101, 'HAIDER RAZA', '', '', NULL, 'active', NULL, NULL, NULL, NULL),
(88, 25, 2, 2, 333247, 'HASEEB AKHTER', '', '', NULL, 'active', NULL, NULL, NULL, NULL),
(89, 25, 2, 2, 731345, 'KHALID MIR', '', '', NULL, 'active', NULL, NULL, NULL, NULL),
(90, 25, 2, 2, 387901, 'ZAMRAN IMRAN', '', '', NULL, 'active', NULL, NULL, NULL, NULL),
(91, 25, 2, 2, 442901, 'Nauman Iqbal', '', '', NULL, 'active', NULL, NULL, NULL, NULL),
(92, 25, 2, 3, 387759, 'ABDUL MOEIZ NADEEM', '', '', NULL, 'active', NULL, NULL, NULL, NULL),
(93, 25, 2, 3, 226443, 'AHSAN ARSHAD', '', '', NULL, 'active', NULL, NULL, NULL, NULL),
(94, 25, 2, 3, 148343, 'Arham Mirza', '', '', NULL, 'active', NULL, NULL, NULL, NULL),
(95, 25, 2, 3, 546005, 'MALIK MUHAMMAD AQIB', '', '', NULL, 'active', NULL, NULL, NULL, NULL),
(96, 25, 2, 3, 951460, 'MEZAHAB VICTOR', '', '', NULL, 'active', NULL, NULL, NULL, NULL),
(97, 25, 2, 3, 184647, 'MUHAMMAD BIN QASIM', '', '', NULL, 'active', NULL, NULL, NULL, NULL),
(98, 25, 2, 3, 864265, 'MUHAMMAD NAUMAN', '', '', NULL, 'active', NULL, NULL, NULL, NULL),
(99, 25, 2, 3, 857097, 'MUHAMMAD USMAN SARWAR', '', '', NULL, 'active', NULL, NULL, NULL, NULL),
(100, 25, 2, 3, 691253, 'MUHAMMAD ZAIN', '', '', NULL, 'active', NULL, NULL, NULL, NULL),
(101, 25, 2, 3, 747141, 'OBAID UR REHMAN', '', '', NULL, 'active', NULL, NULL, NULL, NULL),
(102, 25, 2, 3, 981205, 'MUHAMMAD USMAN', '', '', NULL, 'active', NULL, NULL, NULL, NULL),
(103, 25, 2, 3, 609652, 'RACHEL ZIA', '', '', NULL, 'active', NULL, NULL, NULL, NULL),
(104, 25, 2, 3, 54397, 'SAHAR RIAZ', '', '', NULL, 'active', NULL, NULL, NULL, NULL),
(105, 25, 2, 3, 672784, 'SAWERA AMIN', '', '', NULL, 'active', NULL, NULL, NULL, NULL),
(106, 25, 2, 3, 478242, 'SUNDUS IMRAN SMITH', '', '', NULL, 'active', NULL, NULL, NULL, NULL),
(107, 25, 2, 3, 285255, 'SYED DANISH KAZMI', '', NULL, NULL, 'active', NULL, NULL, NULL, '2023-01-21 11:17:57'),
(108, 25, 2, 3, 723517, 'UMAIR ASGHAR', '', '', NULL, 'active', NULL, NULL, NULL, NULL),
(109, 25, 2, 3, 352347, 'MUHAMMAD HAYAT ABBASI', '', '', NULL, 'active', NULL, NULL, NULL, NULL),
(110, 25, 2, 3, 429681, 'Akheem Sarwer', '', '', NULL, 'active', NULL, NULL, NULL, NULL),
(111, 25, 2, 3, 478033, 'ALI ABDULLAH TASHFEEN', '', '', NULL, 'active', NULL, NULL, NULL, NULL),
(112, 25, 2, 3, 818356, 'AMARA JABEEN', '', '', NULL, 'active', NULL, NULL, NULL, NULL),
(113, 25, 2, 3, 917184, 'ANEELA ASHIQ', '', '', NULL, 'active', NULL, NULL, NULL, NULL),
(114, 26, 2, 3, 146494, 'ZAHRA NAYYER', '', '', NULL, 'active', NULL, NULL, NULL, NULL),
(115, 26, 2, 3, 384222, 'AREEBA ANSARI', '', '', NULL, 'active', NULL, NULL, NULL, NULL),
(116, 26, 2, 3, 609385, 'SAAD REHMAN', '', '', NULL, 'active', NULL, NULL, NULL, NULL),
(117, 26, 2, 3, 351081, 'ROY FAIQ ABID', '', '', NULL, 'active', NULL, NULL, NULL, NULL),
(119, 26, 2, 3, 60295, 'Bosco Leo', '', '', NULL, 'active', NULL, NULL, NULL, NULL),
(120, 26, 2, 2, 922865, 'FARHAN SATTI', '', '', NULL, 'active', NULL, NULL, NULL, NULL),
(121, 26, 2, 2, 397051, 'HANZLA ABBASI', '', '', NULL, 'active', NULL, NULL, NULL, NULL),
(122, 26, 2, 2, 730767, 'KAMRAN ABBAS', '', '', NULL, 'active', NULL, NULL, NULL, NULL),
(123, 26, 2, 3, 312576, 'MERAB VICTOR', '', NULL, NULL, 'active', NULL, NULL, NULL, '2023-01-21 11:18:03'),
(124, 26, 2, 3, 989047, 'MUHAMMAD USAMA IQBAL', '', NULL, NULL, 'active', NULL, NULL, NULL, '2023-01-21 11:18:08'),
(125, 26, 2, 3, 480650, 'MUNAZA JOYIA', '', '', NULL, 'active', NULL, NULL, NULL, NULL),
(126, 26, 2, 3, 117034, 'NAGEENA QADIR', '', '', NULL, 'active', NULL, NULL, NULL, NULL),
(127, 26, 2, 3, 794249, 'NAUMAN SHAUKAT', '', '', NULL, 'active', NULL, NULL, NULL, NULL),
(128, NULL, 3, NULL, 123456, 'Abdul Manan', '$2y$10$nE9y3ulQ3hZs2M094XSfrO2nBv4GlunCSKemAEPEWIwyHa0AaK0.u', NULL, NULL, 'active', NULL, NULL, NULL, '2023-01-21 11:18:39'),
(129, 128, 3, 4, 11125, 'Ammara Braikhna', NULL, NULL, NULL, 'active', NULL, NULL, NULL, NULL),
(130, 128, 3, 4, 38055, 'Hafsa Aamir', NULL, NULL, NULL, 'active', NULL, NULL, NULL, NULL),
(131, 128, 3, 4, 86327, 'Hamza Bin Zaheer', NULL, NULL, NULL, 'active', NULL, NULL, NULL, NULL),
(132, 128, 3, 4, 206562, 'Hassan Raza Hashmi', NULL, NULL, NULL, 'active', NULL, NULL, NULL, NULL),
(133, 128, 3, 4, 223202, 'Muhammad Tarteel', NULL, NULL, NULL, 'active', NULL, NULL, NULL, NULL),
(134, 128, 3, 4, 314622, 'Nimra Aleem', NULL, NULL, NULL, 'active', NULL, NULL, NULL, NULL),
(135, 128, 3, 4, 317432, 'Rabbia Khan', NULL, NULL, NULL, 'active', NULL, NULL, NULL, NULL),
(136, 128, 3, 4, 374129, 'Rehman Nawaz', NULL, NULL, NULL, 'active', NULL, NULL, NULL, NULL),
(137, 128, 3, 4, 499696, 'Seyed Hassan Razavi', NULL, NULL, NULL, 'active', NULL, NULL, NULL, NULL),
(138, 128, 3, 4, 509637, 'Shehwar Eeman', NULL, NULL, NULL, 'active', NULL, NULL, NULL, NULL),
(139, 128, 3, 4, 518106, 'Sufyan Nazir', NULL, NULL, NULL, 'active', NULL, NULL, NULL, NULL),
(140, 128, 3, 4, 593215, 'Sundas Aslam', NULL, NULL, NULL, 'active', NULL, NULL, NULL, NULL),
(141, 128, 3, 4, 649128, 'Umar Ibrar', NULL, NULL, NULL, 'active', NULL, NULL, NULL, NULL),
(142, 128, 3, 4, 658803, 'Sufyan Nazir', NULL, NULL, NULL, 'active', NULL, NULL, NULL, NULL),
(143, 128, 3, 4, 932211, 'Afza Sarwar', NULL, NULL, NULL, 'active', NULL, NULL, NULL, NULL),
(145, 21, 2, NULL, 111111, 'TEST', '$2y$10$UaSP9w2bQVj6oGYukyueM.SPV9Sl6jdiUom.4bFm3q05VlXtkXQ1O', 'test', '86f7b5fc-6fee-4880-94ea-36d9f0682cc2', 'active', NULL, NULL, '2023-01-27 05:57:07', '2023-01-27 05:57:07');

-- --------------------------------------------------------

--
-- Table structure for table `voice_audits`
--

CREATE TABLE `voice_audits` (
  `id` bigint(20) UNSIGNED NOT NULL,
  `voice_evaluation_id` int(11) DEFAULT NULL,
  `user_id` int(11) NOT NULL,
  `associate_id` int(11) NOT NULL,
  `team_lead_id` int(11) DEFAULT NULL,
  `campaign_id` int(11) DEFAULT NULL,
  `project_id` int(11) NOT NULL,
  `call_date` date DEFAULT NULL,
  `percentage` double(8,2) NOT NULL DEFAULT 0.00,
  `customer_name` varchar(255) COLLATE utf8mb4_unicode_ci DEFAULT NULL,
  `customer_phone` varchar(255) COLLATE utf8mb4_unicode_ci DEFAULT NULL,
  `recording_duration` time DEFAULT NULL,
  `recording_link` varchar(255) COLLATE utf8mb4_unicode_ci DEFAULT NULL,
  `outcome` enum('pending','accepted','rejected') COLLATE utf8mb4_unicode_ci DEFAULT 'accepted',
  `call_type` enum('General','Sales') COLLATE utf8mb4_unicode_ci DEFAULT NULL,
  `notes` longtext COLLATE utf8mb4_unicode_ci DEFAULT NULL,
  `review_priority` int(10) UNSIGNED NOT NULL DEFAULT 0,
  `status` enum('evaluated','appeal requested','appeal accepted','appeal rejected','action taken') COLLATE utf8mb4_unicode_ci DEFAULT 'evaluated',
  `rating` varchar(100) COLLATE utf8mb4_unicode_ci NOT NULL,
  `evaluation_time` time DEFAULT NULL,
  `deleted_at` timestamp NULL DEFAULT NULL,
  `created_at` timestamp NULL DEFAULT NULL,
  `updated_at` timestamp NULL DEFAULT NULL
) ENGINE=InnoDB DEFAULT CHARSET=utf8mb4 COLLATE=utf8mb4_unicode_ci;

--
-- Dumping data for table `voice_audits`
--

INSERT INTO `voice_audits` (`id`, `voice_evaluation_id`, `user_id`, `associate_id`, `team_lead_id`, `campaign_id`, `project_id`, `call_date`, `percentage`, `customer_name`, `customer_phone`, `recording_duration`, `recording_link`, `outcome`, `call_type`, `notes`, `review_priority`, `status`, `rating`, `evaluation_time`, `deleted_at`, `created_at`, `updated_at`) VALUES
(1, 1, 15, 35, 24, 2, 1, '2023-01-27', 95.00, 'TEST', '156498', '00:00:00', 'ETST', 'rejected', 'General', 'TES', 0, 'evaluated', 'above average', '00:00:22', NULL, '2023-01-28 11:46:39', '2023-01-28 11:46:39'),
(2, 1, 15, 41, 24, 2, 1, '2023-01-23', 95.00, 'TEST', '48498498498', '00:00:02', 'TEST', 'rejected', 'Sales', 'TEST', 0, 'evaluated', 'above average', '00:01:09', NULL, '2023-01-28 11:47:50', '2023-01-28 11:47:50'),
(3, 1, 15, 37, 24, 2, 1, '2023-01-27', 95.00, 'TEST', '1465116516', '00:00:02', 'TEST', 'rejected', 'Sales', 'TEST', 0, 'evaluated', 'above average', '00:00:24', NULL, '2023-01-28 11:48:16', '2023-01-28 11:48:16'),
(4, 1, 15, 48, 24, 2, 2, '2023-01-27', 95.00, 'TEST', '48644646', '00:00:22', 'TEST', 'rejected', 'Sales', 'TEST', 0, 'evaluated', 'above average', '00:00:33', NULL, '2023-01-28 11:49:11', '2023-01-28 11:49:11'),
(5, 1, 15, 50, 24, 2, 2, '2023-01-27', 95.00, 'TEST', '84898749848', '00:02:25', 'TEST', 'rejected', 'Sales', 'TEST', 0, 'evaluated', 'above average', '00:00:58', NULL, '2023-01-28 11:50:11', '2023-01-28 11:50:11'),
(6, 1, 15, 49, 24, 2, 2, '2023-01-09', 95.00, 'TEST', '498484968', '00:00:22', 'TEST', 'rejected', 'General', 'TEST', 0, 'evaluated', 'above average', '00:01:14', NULL, '2023-01-28 11:51:27', '2023-01-28 11:51:27'),
(7, 1, 15, 51, 24, 2, 3, '2023-01-24', 95.00, 'TEST', '5646465', '00:00:00', 'TEST', 'rejected', 'General', 'TEST', 0, 'evaluated', 'above average', '00:00:27', NULL, '2023-01-28 11:52:09', '2023-01-28 11:52:09'),
(8, 1, 15, 53, 24, 2, 3, '2023-01-16', 95.00, 'TEST', '56474989899', '00:02:55', 'TEST', 'rejected', 'General', 'TEST', 0, 'evaluated', 'above average', '00:00:40', NULL, '2023-01-28 11:52:50', '2023-01-28 11:52:50'),
(9, 1, 15, 61, 24, 2, 3, '2023-01-02', 95.00, 'TEST', '14981486464', '02:25:55', 'TEST', 'rejected', 'Sales', 'TEST', 0, 'evaluated', 'above average', '00:00:41', NULL, '2023-01-28 11:53:33', '2023-01-28 11:53:33'),
(10, 1, 1, 62, 23, 2, 2, '2023-01-27', 95.00, 'TEST', '444664', '00:00:22', 'TEST', 'rejected', 'General', 'TEST', 0, 'evaluated', 'above average', '00:00:25', '2023-01-28 12:19:26', '2023-01-28 12:05:03', '2023-01-28 12:19:26'),
(11, 1, 1, 64, 23, 2, 2, '2023-01-27', 95.00, 'TEST', '154454684', '00:02:55', 'TEST', 'rejected', 'General', 'TEST', 0, 'evaluated', 'above average', '00:00:34', '2023-01-28 12:19:28', '2023-01-28 12:05:39', '2023-01-28 12:19:28'),
(12, 1, 1, 62, 23, 2, 2, '2015-04-20', 95.00, 'Ismael Vandervort', '821-693-1796', '20:23:12', 'Ad accusantium omnis asperiores quia ad dolorum aliquid.', 'rejected', 'Sales', '640', 1, 'evaluated', 'above average', '00:00:18', '2023-01-28 12:19:30', '2023-01-28 12:05:59', '2023-01-28 12:19:30'),
(13, 1, 1, 62, 23, 2, 2, '2023-01-27', 100.00, 'test', '4513515115', '00:00:00', 'TEST', 'accepted', 'General', 'TEST', 0, 'evaluated', 'good', '00:00:24', '2023-01-28 12:19:32', '2023-01-28 12:18:20', '2023-01-28 12:19:32'),
(14, 1, 15, 62, 23, 2, 2, '2008-08-20', 95.00, 'Marlee Schumm', '815-546-5332', '20:22:10', 'Ea consequatur corrupti est alias voluptatem odit dolorem perferendis.', 'rejected', 'General', '84', 0, 'evaluated', 'above average', '00:00:36', NULL, '2023-01-28 12:21:26', '2023-01-28 12:21:26'),
(15, 1, 15, 70, 23, 2, 2, '2016-07-20', 95.00, 'Wilford Walter', '981-022-7591', '20:23:01', 'Quo vel recusandae.', 'rejected', 'Sales', '278', 0, 'evaluated', 'above average', '00:00:15', NULL, '2023-01-28 12:21:43', '2023-01-28 12:21:43'),
(16, 1, 15, 66, 23, 2, 2, '2023-01-27', 95.00, 'TEST', '444654646', '00:00:00', 'dsadsadsadsa', 'rejected', 'General', 'dsadsadsadsad', 0, 'evaluated', 'above average', '00:00:30', NULL, '2023-01-28 12:22:15', '2023-01-28 12:22:15'),
(17, 1, 15, 65, 23, 2, 2, '2014-10-20', 100.00, 'Celia Abernathy', '119-020-3312', '20:22:11', 'Aut laudantium vel accusamus enim voluptatum libero eligendi.', 'accepted', 'Sales', '177', 1, 'evaluated', 'good', '00:00:35', NULL, '2023-01-28 12:22:52', '2023-01-28 12:22:52'),
(18, 1, 15, 48, 24, 2, 2, '2023-01-27', 100.00, 'Venachester', '732-288-7214', '20:22:11', 'dsadsadsadsadsa', 'accepted', 'General', 'sadsadsadsadsadsad', 0, 'evaluated', 'good', '00:01:16', NULL, '2023-01-28 12:24:09', '2023-01-28 12:24:09');

-- --------------------------------------------------------

--
-- Table structure for table `voice_audit_actions`
--

CREATE TABLE `voice_audit_actions` (
  `id` bigint(20) UNSIGNED NOT NULL,
  `voice_audit_id` int(10) UNSIGNED NOT NULL,
  `user_id` int(10) UNSIGNED NOT NULL,
  `voice_evaluation_action_id` int(10) UNSIGNED NOT NULL,
  `remarks` text COLLATE utf8mb4_unicode_ci DEFAULT NULL,
  `deleted_at` timestamp NULL DEFAULT NULL,
  `created_at` timestamp NULL DEFAULT NULL,
  `updated_at` timestamp NULL DEFAULT NULL
) ENGINE=InnoDB DEFAULT CHARSET=utf8mb4 COLLATE=utf8mb4_unicode_ci;

--
-- Dumping data for table `voice_audit_actions`
--

INSERT INTO `voice_audit_actions` (`id`, `voice_audit_id`, `user_id`, `voice_evaluation_action_id`, `remarks`, `deleted_at`, `created_at`, `updated_at`) VALUES
(1, 21, 21, 2, 'Sent to landay ka PHD', NULL, '2023-01-25 12:38:57', '2023-01-25 12:38:57');

-- --------------------------------------------------------

--
-- Table structure for table `voice_audit_appeals`
--

CREATE TABLE `voice_audit_appeals` (
  `id` bigint(20) UNSIGNED NOT NULL,
  `voice_audit_id` int(10) UNSIGNED NOT NULL,
  `user_id` int(10) UNSIGNED NOT NULL,
  `campaign_id` int(10) UNSIGNED DEFAULT NULL,
  `remarks` text COLLATE utf8mb4_unicode_ci DEFAULT NULL,
  `status` enum('pending','accepted','rejected') COLLATE utf8mb4_unicode_ci NOT NULL DEFAULT 'pending',
  `deleted_at` timestamp NULL DEFAULT NULL,
  `created_at` timestamp NULL DEFAULT NULL,
  `updated_at` timestamp NULL DEFAULT NULL
) ENGINE=InnoDB DEFAULT CHARSET=utf8mb4 COLLATE=utf8mb4_unicode_ci;

--
-- Dumping data for table `voice_audit_appeals`
--

INSERT INTO `voice_audit_appeals` (`id`, `voice_audit_id`, `user_id`, `campaign_id`, `remarks`, `status`, `deleted_at`, `created_at`, `updated_at`) VALUES
(1, 16, 21, 2, 'Recheck the evaluation', 'pending', NULL, '2023-01-25 12:39:47', '2023-01-25 12:39:47');

-- --------------------------------------------------------

--
-- Table structure for table `voice_audit_custom_fields`
--

CREATE TABLE `voice_audit_custom_fields` (
  `id` bigint(20) UNSIGNED NOT NULL,
  `voice_custom_field_id` int(11) NOT NULL,
  `voice_audit_id` int(11) NOT NULL,
  `answer` longtext COLLATE utf8mb4_unicode_ci NOT NULL,
  `deleted_at` timestamp NULL DEFAULT NULL,
  `created_at` timestamp NULL DEFAULT NULL,
  `updated_at` timestamp NULL DEFAULT NULL
) ENGINE=InnoDB DEFAULT CHARSET=utf8mb4 COLLATE=utf8mb4_unicode_ci;

-- --------------------------------------------------------

--
-- Table structure for table `voice_audit_points`
--

CREATE TABLE `voice_audit_points` (
  `id` bigint(20) UNSIGNED NOT NULL,
  `voice_audit_id` int(11) NOT NULL,
  `datapoint_category_id` int(10) UNSIGNED DEFAULT NULL,
  `datapoint_id` int(10) UNSIGNED NOT NULL,
  `answer` int(10) UNSIGNED NOT NULL DEFAULT 6,
  `deleted_at` timestamp NULL DEFAULT NULL,
  `created_at` timestamp NULL DEFAULT NULL,
  `updated_at` timestamp NULL DEFAULT NULL
) ENGINE=InnoDB DEFAULT CHARSET=utf8mb4 COLLATE=utf8mb4_unicode_ci;

--
-- Dumping data for table `voice_audit_points`
--

INSERT INTO `voice_audit_points` (`id`, `voice_audit_id`, `datapoint_category_id`, `datapoint_id`, `answer`, `deleted_at`, `created_at`, `updated_at`) VALUES
(1, 1, 1, 1, 1, NULL, '2023-01-18 06:38:50', '2023-01-18 06:38:50'),
(2, 1, 1, 2, 1, NULL, '2023-01-18 06:38:50', '2023-01-18 06:38:50'),
(3, 1, 1, 3, 1, NULL, '2023-01-18 06:38:50', '2023-01-18 06:38:50'),
(4, 1, 1, 4, 1, NULL, '2023-01-18 06:38:50', '2023-01-18 09:05:45'),
(5, 1, 1, 5, 1, NULL, '2023-01-18 06:38:50', '2023-01-18 09:05:45'),
(6, 1, 2, 6, 1, NULL, '2023-01-18 06:38:50', '2023-01-18 06:38:50'),
(7, 1, 2, 7, 1, NULL, '2023-01-18 06:38:50', '2023-01-18 06:38:50'),
(8, 1, 2, 8, 1, NULL, '2023-01-18 06:38:50', '2023-01-18 06:38:50'),
(9, 1, 2, 9, 6, NULL, '2023-01-18 06:38:50', '2023-01-18 09:05:45'),
(10, 1, 2, 10, 6, NULL, '2023-01-18 06:38:50', '2023-01-18 09:05:45'),
(11, 1, 3, 11, 0, NULL, '2023-01-18 06:38:50', '2023-01-18 06:38:50'),
(12, 1, 3, 12, 0, NULL, '2023-01-18 06:38:50', '2023-01-18 06:38:50'),
(13, 1, 3, 13, 1, NULL, '2023-01-18 06:38:50', '2023-01-18 06:38:50'),
(14, 1, 3, 14, 1, NULL, '2023-01-18 06:38:51', '2023-01-18 09:05:45'),
(15, 1, 3, 15, 1, NULL, '2023-01-18 06:38:51', '2023-01-18 06:38:51'),
(16, 1, 4, 16, 1, NULL, '2023-01-18 06:38:51', '2023-01-18 09:05:45'),
(17, 1, 4, 17, 1, NULL, '2023-01-18 06:38:51', '2023-01-18 09:05:45'),
(18, 1, 4, 18, 1, NULL, '2023-01-18 06:38:51', '2023-01-18 09:05:45'),
(19, 1, 4, 19, 1, NULL, '2023-01-18 06:38:51', '2023-01-18 09:05:45'),
(20, 1, 4, 20, 0, NULL, '2023-01-18 06:38:51', '2023-01-18 06:38:51'),
(21, 1, 5, 21, 6, NULL, '2023-01-18 06:38:51', '2023-01-18 09:05:45'),
(22, 1, 5, 22, 1, NULL, '2023-01-18 06:38:51', '2023-01-18 09:05:45'),
(23, 1, 5, 23, 1, NULL, '2023-01-18 06:38:51', '2023-01-18 09:05:45'),
(24, 1, 5, 24, 6, NULL, '2023-01-18 06:38:51', '2023-01-18 09:05:45'),
(25, 1, 5, 25, 6, NULL, '2023-01-18 06:38:51', '2023-01-18 09:05:45'),
(26, 2, 1, 1, 6, NULL, '2023-01-20 12:19:46', '2023-01-20 12:19:46'),
(27, 2, 1, 2, 6, NULL, '2023-01-20 12:19:46', '2023-01-20 12:19:46'),
(28, 2, 1, 3, 6, NULL, '2023-01-20 12:19:46', '2023-01-20 12:19:46'),
(29, 2, 1, 4, 6, NULL, '2023-01-20 12:19:46', '2023-01-20 12:19:46'),
(30, 2, 1, 5, 6, NULL, '2023-01-20 12:19:46', '2023-01-20 12:19:46'),
(31, 2, 2, 6, 6, NULL, '2023-01-20 12:19:46', '2023-01-20 12:19:46'),
(32, 2, 2, 7, 6, NULL, '2023-01-20 12:19:46', '2023-01-20 12:19:46'),
(33, 2, 2, 8, 6, NULL, '2023-01-20 12:19:46', '2023-01-20 12:19:46'),
(34, 2, 2, 9, 6, NULL, '2023-01-20 12:19:46', '2023-01-20 12:19:46'),
(35, 2, 2, 10, 6, NULL, '2023-01-20 12:19:46', '2023-01-20 12:19:46'),
(36, 2, 3, 11, 6, NULL, '2023-01-20 12:19:46', '2023-01-20 12:19:46'),
(37, 2, 3, 12, 6, NULL, '2023-01-20 12:19:46', '2023-01-20 12:19:46'),
(38, 2, 3, 13, 6, NULL, '2023-01-20 12:19:46', '2023-01-20 12:19:46'),
(39, 2, 3, 14, 6, NULL, '2023-01-20 12:19:47', '2023-01-20 12:19:47'),
(40, 2, 3, 15, 6, NULL, '2023-01-20 12:19:47', '2023-01-20 12:19:47'),
(41, 2, 4, 16, 6, NULL, '2023-01-20 12:19:47', '2023-01-20 12:19:47'),
(42, 2, 4, 17, 6, NULL, '2023-01-20 12:19:47', '2023-01-20 12:19:47'),
(43, 2, 4, 18, 6, NULL, '2023-01-20 12:19:47', '2023-01-20 12:19:47'),
(44, 2, 4, 19, 6, NULL, '2023-01-20 12:19:47', '2023-01-20 12:19:47'),
(45, 2, 4, 20, 6, NULL, '2023-01-20 12:19:47', '2023-01-20 12:19:47'),
(46, 2, 5, 21, 6, NULL, '2023-01-20 12:19:47', '2023-01-20 12:19:47'),
(47, 2, 5, 22, 6, NULL, '2023-01-20 12:19:47', '2023-01-20 12:19:47'),
(48, 2, 5, 23, 6, NULL, '2023-01-20 12:19:47', '2023-01-20 12:19:47'),
(49, 2, 5, 24, 6, NULL, '2023-01-20 12:19:47', '2023-01-20 12:19:47'),
(50, 2, 5, 25, 6, NULL, '2023-01-20 12:19:47', '2023-01-20 12:19:47'),
(51, 3, 16, 76, 1, NULL, '2023-01-20 12:56:53', '2023-01-20 12:56:53'),
(52, 3, 16, 77, 1, NULL, '2023-01-20 12:56:53', '2023-01-20 12:56:53'),
(53, 3, 16, 78, 0, NULL, '2023-01-20 12:56:53', '2023-01-20 12:56:53'),
(54, 3, 16, 79, 6, NULL, '2023-01-20 12:56:53', '2023-01-20 12:56:53'),
(55, 3, 16, 80, 1, NULL, '2023-01-20 12:56:53', '2023-01-20 12:56:53'),
(56, 3, 17, 81, 6, NULL, '2023-01-20 12:56:53', '2023-01-20 12:56:53'),
(57, 3, 17, 82, 6, NULL, '2023-01-20 12:56:53', '2023-01-20 12:56:53'),
(58, 3, 17, 83, 6, NULL, '2023-01-20 12:56:53', '2023-01-20 12:56:53'),
(59, 3, 17, 84, 6, NULL, '2023-01-20 12:56:53', '2023-01-20 12:56:53'),
(60, 3, 17, 85, 6, NULL, '2023-01-20 12:56:53', '2023-01-20 12:56:53'),
(61, 3, 18, 86, 6, NULL, '2023-01-20 12:56:53', '2023-01-20 12:56:53'),
(62, 3, 18, 87, 6, NULL, '2023-01-20 12:56:53', '2023-01-20 12:56:53'),
(63, 3, 18, 88, 6, NULL, '2023-01-20 12:56:53', '2023-01-20 12:56:53'),
(64, 3, 18, 89, 6, NULL, '2023-01-20 12:56:53', '2023-01-20 12:56:53'),
(65, 3, 18, 90, 6, NULL, '2023-01-20 12:56:53', '2023-01-20 12:56:53'),
(66, 3, 19, 91, 6, NULL, '2023-01-20 12:56:53', '2023-01-20 12:56:53'),
(67, 3, 19, 92, 6, NULL, '2023-01-20 12:56:53', '2023-01-20 12:56:53'),
(68, 3, 19, 93, 6, NULL, '2023-01-20 12:56:53', '2023-01-20 12:56:53'),
(69, 3, 19, 94, 6, NULL, '2023-01-20 12:56:53', '2023-01-20 12:56:53'),
(70, 3, 19, 95, 6, NULL, '2023-01-20 12:56:53', '2023-01-20 12:56:53'),
(71, 3, 20, 96, 1, NULL, '2023-01-20 12:56:53', '2023-01-20 12:56:53'),
(72, 3, 20, 97, 1, NULL, '2023-01-20 12:56:53', '2023-01-20 12:56:53'),
(73, 3, 20, 98, 1, NULL, '2023-01-20 12:56:53', '2023-01-20 12:56:53'),
(74, 3, 20, 99, 1, NULL, '2023-01-20 12:56:53', '2023-01-20 12:56:53'),
(75, 3, 20, 100, 1, NULL, '2023-01-20 12:56:53', '2023-01-20 12:56:53'),
(76, 1, 1, 1, 6, NULL, '2023-01-21 11:29:29', '2023-01-21 11:29:29'),
(77, 1, 1, 2, 1, NULL, '2023-01-21 11:29:29', '2023-01-21 11:29:29'),
(78, 1, 1, 3, 0, NULL, '2023-01-21 11:29:29', '2023-01-21 11:29:29'),
(79, 1, 1, 4, 0, NULL, '2023-01-21 11:29:29', '2023-01-21 11:29:29'),
(80, 1, 1, 5, 6, NULL, '2023-01-21 11:29:29', '2023-01-21 11:29:29'),
(81, 1, 2, 6, 1, NULL, '2023-01-21 11:29:29', '2023-01-21 11:29:29'),
(82, 1, 2, 7, 1, NULL, '2023-01-21 11:29:29', '2023-01-21 11:29:29'),
(83, 1, 2, 8, 1, NULL, '2023-01-21 11:29:29', '2023-01-21 11:29:29'),
(84, 1, 2, 9, 0, NULL, '2023-01-21 11:29:29', '2023-01-21 11:29:29'),
(85, 1, 2, 10, 6, NULL, '2023-01-21 11:29:29', '2023-01-21 11:29:29'),
(86, 1, 3, 11, 1, NULL, '2023-01-21 11:29:29', '2023-01-21 11:29:29'),
(87, 1, 3, 12, 1, NULL, '2023-01-21 11:29:29', '2023-01-21 11:29:29'),
(88, 1, 3, 13, 1, NULL, '2023-01-21 11:29:29', '2023-01-21 11:29:29'),
(89, 1, 3, 14, 6, NULL, '2023-01-21 11:29:29', '2023-01-21 11:29:29'),
(90, 1, 3, 15, 0, NULL, '2023-01-21 11:29:29', '2023-01-21 11:29:29'),
(91, 1, 4, 16, 1, NULL, '2023-01-21 11:29:29', '2023-01-21 11:29:29'),
(92, 1, 4, 17, 1, NULL, '2023-01-21 11:29:29', '2023-01-21 11:29:29'),
(93, 1, 4, 18, 1, NULL, '2023-01-21 11:29:29', '2023-01-21 11:29:29'),
(94, 1, 4, 19, 0, NULL, '2023-01-21 11:29:29', '2023-01-21 11:29:29'),
(95, 1, 4, 20, 6, NULL, '2023-01-21 11:29:29', '2023-01-21 11:29:29'),
(96, 1, 5, 21, 1, NULL, '2023-01-21 11:29:29', '2023-01-21 11:29:29'),
(97, 1, 5, 22, 1, NULL, '2023-01-21 11:29:29', '2023-01-21 11:29:29'),
(98, 1, 5, 23, 1, NULL, '2023-01-21 11:29:29', '2023-01-21 11:29:29'),
(99, 1, 5, 24, 0, NULL, '2023-01-21 11:29:29', '2023-01-21 11:29:29'),
(100, 1, 5, 25, 6, NULL, '2023-01-21 11:29:29', '2023-01-21 11:29:29'),
(101, 2, 1, 1, 0, NULL, '2023-01-21 11:47:12', '2023-01-21 11:47:12'),
(102, 2, 1, 2, 0, NULL, '2023-01-21 11:47:12', '2023-01-21 11:47:12'),
(103, 2, 1, 3, 1, NULL, '2023-01-21 11:47:12', '2023-01-21 11:47:12'),
(104, 2, 1, 4, 1, NULL, '2023-01-21 11:47:12', '2023-01-21 11:47:12'),
(105, 2, 1, 5, 1, NULL, '2023-01-21 11:47:12', '2023-01-21 11:47:12'),
(106, 2, 2, 6, 1, NULL, '2023-01-21 11:47:12', '2023-01-21 11:47:12'),
(107, 2, 2, 7, 1, NULL, '2023-01-21 11:47:12', '2023-01-21 11:47:12'),
(108, 2, 2, 8, 1, NULL, '2023-01-21 11:47:12', '2023-01-21 11:47:12'),
(109, 2, 2, 9, 6, NULL, '2023-01-21 11:47:12', '2023-01-21 11:47:12'),
(110, 2, 2, 10, 6, NULL, '2023-01-21 11:47:12', '2023-01-21 11:47:12'),
(111, 2, 3, 11, 1, NULL, '2023-01-21 11:47:12', '2023-01-21 11:47:12'),
(112, 2, 3, 12, 1, NULL, '2023-01-21 11:47:12', '2023-01-21 11:47:12'),
(113, 2, 3, 13, 1, NULL, '2023-01-21 11:47:12', '2023-01-21 11:47:12'),
(114, 2, 3, 14, 1, NULL, '2023-01-21 11:47:12', '2023-01-21 11:47:12'),
(115, 2, 3, 15, 6, NULL, '2023-01-21 11:47:12', '2023-01-21 11:47:12'),
(116, 2, 4, 16, 6, NULL, '2023-01-21 11:47:12', '2023-01-21 11:47:12'),
(117, 2, 4, 17, 0, NULL, '2023-01-21 11:47:12', '2023-01-21 11:47:12'),
(118, 2, 4, 18, 0, NULL, '2023-01-21 11:47:12', '2023-01-21 11:47:12'),
(119, 2, 4, 19, 1, NULL, '2023-01-21 11:47:12', '2023-01-21 11:47:12'),
(120, 2, 4, 20, 1, NULL, '2023-01-21 11:47:12', '2023-01-21 11:47:12'),
(121, 2, 5, 21, 1, NULL, '2023-01-21 11:47:12', '2023-01-21 11:47:12'),
(122, 2, 5, 22, 1, NULL, '2023-01-21 11:47:12', '2023-01-21 11:47:12'),
(123, 2, 5, 23, 1, NULL, '2023-01-21 11:47:13', '2023-01-21 11:47:13'),
(124, 2, 5, 24, 0, NULL, '2023-01-21 11:47:13', '2023-01-21 11:47:13'),
(125, 2, 5, 25, 0, NULL, '2023-01-21 11:47:13', '2023-01-21 11:47:13'),
(126, 3, 1, 1, 1, NULL, '2023-01-21 11:47:44', '2023-01-21 11:47:44'),
(127, 3, 1, 2, 1, NULL, '2023-01-21 11:47:44', '2023-01-21 11:47:44'),
(128, 3, 1, 3, 6, NULL, '2023-01-21 11:47:44', '2023-01-21 11:47:44'),
(129, 3, 1, 4, 6, NULL, '2023-01-21 11:47:44', '2023-01-21 11:47:44'),
(130, 3, 1, 5, 6, NULL, '2023-01-21 11:47:44', '2023-01-21 11:47:44'),
(131, 3, 2, 6, 0, NULL, '2023-01-21 11:47:44', '2023-01-21 11:47:44'),
(132, 3, 2, 7, 0, NULL, '2023-01-21 11:47:44', '2023-01-21 11:47:44'),
(133, 3, 2, 8, 0, NULL, '2023-01-21 11:47:44', '2023-01-21 11:47:44'),
(134, 3, 2, 9, 6, NULL, '2023-01-21 11:47:44', '2023-01-21 11:47:44'),
(135, 3, 2, 10, 0, NULL, '2023-01-21 11:47:44', '2023-01-21 11:47:44'),
(136, 3, 3, 11, 1, NULL, '2023-01-21 11:47:44', '2023-01-21 11:47:44'),
(137, 3, 3, 12, 1, NULL, '2023-01-21 11:47:44', '2023-01-21 11:47:44'),
(138, 3, 3, 13, 1, NULL, '2023-01-21 11:47:44', '2023-01-21 11:47:44'),
(139, 3, 3, 14, 1, NULL, '2023-01-21 11:47:44', '2023-01-21 11:47:44'),
(140, 3, 3, 15, 1, NULL, '2023-01-21 11:47:44', '2023-01-21 11:47:44'),
(141, 3, 4, 16, 0, NULL, '2023-01-21 11:47:44', '2023-01-21 11:47:44'),
(142, 3, 4, 17, 6, NULL, '2023-01-21 11:47:44', '2023-01-21 11:47:44'),
(143, 3, 4, 18, 6, NULL, '2023-01-21 11:47:44', '2023-01-21 11:47:44'),
(144, 3, 4, 19, 1, NULL, '2023-01-21 11:47:44', '2023-01-21 11:47:44'),
(145, 3, 4, 20, 0, NULL, '2023-01-21 11:47:44', '2023-01-21 11:47:44'),
(146, 3, 5, 21, 6, NULL, '2023-01-21 11:47:44', '2023-01-21 11:47:44'),
(147, 3, 5, 22, 0, NULL, '2023-01-21 11:47:44', '2023-01-21 11:47:44'),
(148, 3, 5, 23, 1, NULL, '2023-01-21 11:47:44', '2023-01-21 11:47:44'),
(149, 3, 5, 24, 1, NULL, '2023-01-21 11:47:44', '2023-01-21 11:47:44'),
(150, 3, 5, 25, 0, NULL, '2023-01-21 11:47:44', '2023-01-21 11:47:44'),
(151, 4, 1, 1, 0, NULL, '2023-01-21 11:48:13', '2023-01-21 11:48:13'),
(152, 4, 1, 2, 1, NULL, '2023-01-21 11:48:13', '2023-01-21 11:48:13'),
(153, 4, 1, 3, 1, NULL, '2023-01-21 11:48:13', '2023-01-21 11:48:13'),
(154, 4, 1, 4, 6, NULL, '2023-01-21 11:48:13', '2023-01-21 11:48:13'),
(155, 4, 1, 5, 0, NULL, '2023-01-21 11:48:13', '2023-01-21 11:48:13'),
(156, 4, 2, 6, 1, NULL, '2023-01-21 11:48:13', '2023-01-21 11:48:13'),
(157, 4, 2, 7, 1, NULL, '2023-01-21 11:48:13', '2023-01-21 11:48:13'),
(158, 4, 2, 8, 6, NULL, '2023-01-21 11:48:13', '2023-01-21 11:48:13'),
(159, 4, 2, 9, 1, NULL, '2023-01-21 11:48:13', '2023-01-21 11:48:13'),
(160, 4, 2, 10, 6, NULL, '2023-01-21 11:48:13', '2023-01-21 11:48:13'),
(161, 4, 3, 11, 6, NULL, '2023-01-21 11:48:13', '2023-01-21 11:48:13'),
(162, 4, 3, 12, 1, NULL, '2023-01-21 11:48:13', '2023-01-21 11:48:13'),
(163, 4, 3, 13, 1, NULL, '2023-01-21 11:48:13', '2023-01-21 11:48:13'),
(164, 4, 3, 14, 0, NULL, '2023-01-21 11:48:13', '2023-01-21 11:48:13'),
(165, 4, 3, 15, 6, NULL, '2023-01-21 11:48:13', '2023-01-21 11:48:13'),
(166, 4, 4, 16, 1, NULL, '2023-01-21 11:48:13', '2023-01-21 11:48:13'),
(167, 4, 4, 17, 6, NULL, '2023-01-21 11:48:13', '2023-01-21 11:48:13'),
(168, 4, 4, 18, 0, NULL, '2023-01-21 11:48:13', '2023-01-21 11:48:13'),
(169, 4, 4, 19, 1, NULL, '2023-01-21 11:48:13', '2023-01-21 11:48:13'),
(170, 4, 4, 20, 1, NULL, '2023-01-21 11:48:13', '2023-01-21 11:48:13'),
(171, 4, 5, 21, 6, NULL, '2023-01-21 11:48:13', '2023-01-21 11:48:13'),
(172, 4, 5, 22, 6, NULL, '2023-01-21 11:48:13', '2023-01-21 11:48:13'),
(173, 4, 5, 23, 0, NULL, '2023-01-21 11:48:13', '2023-01-21 11:48:13'),
(174, 4, 5, 24, 0, NULL, '2023-01-21 11:48:13', '2023-01-21 11:48:13'),
(175, 4, 5, 25, 6, NULL, '2023-01-21 11:48:13', '2023-01-21 11:48:13'),
(176, 5, 1, 1, 6, NULL, '2023-01-21 11:48:46', '2023-01-21 11:48:46'),
(177, 5, 1, 2, 1, NULL, '2023-01-21 11:48:46', '2023-01-21 11:48:46'),
(178, 5, 1, 3, 6, NULL, '2023-01-21 11:48:46', '2023-01-21 11:48:46'),
(179, 5, 1, 4, 6, NULL, '2023-01-21 11:48:46', '2023-01-21 11:48:46'),
(180, 5, 1, 5, 0, NULL, '2023-01-21 11:48:47', '2023-01-21 11:48:47'),
(181, 5, 2, 6, 0, NULL, '2023-01-21 11:48:47', '2023-01-21 11:48:47'),
(182, 5, 2, 7, 1, NULL, '2023-01-21 11:48:47', '2023-01-21 11:48:47'),
(183, 5, 2, 8, 1, NULL, '2023-01-21 11:48:47', '2023-01-21 11:48:47'),
(184, 5, 2, 9, 0, NULL, '2023-01-21 11:48:47', '2023-01-21 11:48:47'),
(185, 5, 2, 10, 6, NULL, '2023-01-21 11:48:47', '2023-01-21 11:48:47'),
(186, 5, 3, 11, 6, NULL, '2023-01-21 11:48:47', '2023-01-21 11:48:47'),
(187, 5, 3, 12, 6, NULL, '2023-01-21 11:48:47', '2023-01-21 11:48:47'),
(188, 5, 3, 13, 0, NULL, '2023-01-21 11:48:47', '2023-01-21 11:48:47'),
(189, 5, 3, 14, 1, NULL, '2023-01-21 11:48:47', '2023-01-21 11:48:47'),
(190, 5, 3, 15, 6, NULL, '2023-01-21 11:48:47', '2023-01-21 11:48:47'),
(191, 5, 4, 16, 1, NULL, '2023-01-21 11:48:47', '2023-01-21 11:48:47'),
(192, 5, 4, 17, 1, NULL, '2023-01-21 11:48:47', '2023-01-21 11:48:47'),
(193, 5, 4, 18, 6, NULL, '2023-01-21 11:48:47', '2023-01-21 11:48:47'),
(194, 5, 4, 19, 0, NULL, '2023-01-21 11:48:47', '2023-01-21 11:48:47'),
(195, 5, 4, 20, 0, NULL, '2023-01-21 11:48:47', '2023-01-21 11:48:47'),
(196, 5, 5, 21, 1, NULL, '2023-01-21 11:48:47', '2023-01-21 11:48:47'),
(197, 5, 5, 22, 0, NULL, '2023-01-21 11:48:47', '2023-01-21 11:48:47'),
(198, 5, 5, 23, 0, NULL, '2023-01-21 11:48:47', '2023-01-21 11:48:47'),
(199, 5, 5, 24, 0, NULL, '2023-01-21 11:48:47', '2023-01-21 11:48:47'),
(200, 5, 5, 25, 0, NULL, '2023-01-21 11:48:47', '2023-01-21 11:48:47'),
(201, 6, 1, 1, 1, NULL, '2023-01-21 11:49:27', '2023-01-21 11:49:27'),
(202, 6, 1, 2, 0, NULL, '2023-01-21 11:49:27', '2023-01-21 11:49:27'),
(203, 6, 1, 3, 0, NULL, '2023-01-21 11:49:27', '2023-01-21 11:49:27'),
(204, 6, 1, 4, 6, NULL, '2023-01-21 11:49:27', '2023-01-21 11:49:27'),
(205, 6, 1, 5, 6, NULL, '2023-01-21 11:49:27', '2023-01-21 11:49:27'),
(206, 6, 2, 6, 6, NULL, '2023-01-21 11:49:27', '2023-01-21 11:49:27'),
(207, 6, 2, 7, 1, NULL, '2023-01-21 11:49:27', '2023-01-21 11:49:27'),
(208, 6, 2, 8, 6, NULL, '2023-01-21 11:49:27', '2023-01-21 11:49:27'),
(209, 6, 2, 9, 1, NULL, '2023-01-21 11:49:27', '2023-01-21 11:49:27'),
(210, 6, 2, 10, 1, NULL, '2023-01-21 11:49:27', '2023-01-21 11:49:27'),
(211, 6, 3, 11, 1, NULL, '2023-01-21 11:49:27', '2023-01-21 11:49:27'),
(212, 6, 3, 12, 0, NULL, '2023-01-21 11:49:27', '2023-01-21 11:49:27'),
(213, 6, 3, 13, 6, NULL, '2023-01-21 11:49:27', '2023-01-21 11:49:27'),
(214, 6, 3, 14, 6, NULL, '2023-01-21 11:49:27', '2023-01-21 11:49:27'),
(215, 6, 3, 15, 0, NULL, '2023-01-21 11:49:27', '2023-01-21 11:49:27'),
(216, 6, 4, 16, 1, NULL, '2023-01-21 11:49:27', '2023-01-21 11:49:27'),
(217, 6, 4, 17, 0, NULL, '2023-01-21 11:49:27', '2023-01-21 11:49:27'),
(218, 6, 4, 18, 0, NULL, '2023-01-21 11:49:27', '2023-01-21 11:49:27'),
(219, 6, 4, 19, 0, NULL, '2023-01-21 11:49:27', '2023-01-21 11:49:27'),
(220, 6, 4, 20, 1, NULL, '2023-01-21 11:49:27', '2023-01-21 11:49:27'),
(221, 6, 5, 21, 6, NULL, '2023-01-21 11:49:27', '2023-01-21 11:49:27'),
(222, 6, 5, 22, 0, NULL, '2023-01-21 11:49:27', '2023-01-21 11:49:27'),
(223, 6, 5, 23, 1, NULL, '2023-01-21 11:49:27', '2023-01-21 11:49:27'),
(224, 6, 5, 24, 6, NULL, '2023-01-21 11:49:27', '2023-01-21 11:49:27'),
(225, 6, 5, 25, 1, NULL, '2023-01-21 11:49:27', '2023-01-21 11:49:27'),
(226, 7, 11, 51, 6, NULL, '2023-01-21 11:50:56', '2023-01-21 11:50:56'),
(227, 7, 11, 52, 6, NULL, '2023-01-21 11:50:56', '2023-01-21 11:50:56'),
(228, 7, 11, 53, 6, NULL, '2023-01-21 11:50:56', '2023-01-21 11:50:56'),
(229, 7, 11, 54, 6, NULL, '2023-01-21 11:50:56', '2023-01-21 11:50:56'),
(230, 7, 11, 55, 1, NULL, '2023-01-21 11:50:56', '2023-01-21 11:50:56'),
(231, 7, 12, 56, 6, NULL, '2023-01-21 11:50:56', '2023-01-21 11:50:56'),
(232, 7, 12, 57, 6, NULL, '2023-01-21 11:50:56', '2023-01-21 11:50:56'),
(233, 7, 12, 58, 6, NULL, '2023-01-21 11:50:56', '2023-01-21 11:50:56'),
(234, 7, 12, 59, 6, NULL, '2023-01-21 11:50:56', '2023-01-21 11:50:56'),
(235, 7, 12, 60, 6, NULL, '2023-01-21 11:50:56', '2023-01-21 11:50:56'),
(236, 7, 13, 61, 6, NULL, '2023-01-21 11:50:56', '2023-01-21 11:50:56'),
(237, 7, 13, 62, 6, NULL, '2023-01-21 11:50:56', '2023-01-21 11:50:56'),
(238, 7, 13, 63, 6, NULL, '2023-01-21 11:50:56', '2023-01-21 11:50:56'),
(239, 7, 13, 64, 6, NULL, '2023-01-21 11:50:56', '2023-01-21 11:50:56'),
(240, 7, 13, 65, 6, NULL, '2023-01-21 11:50:56', '2023-01-21 11:50:56'),
(241, 7, 14, 66, 6, NULL, '2023-01-21 11:50:56', '2023-01-21 11:50:56'),
(242, 7, 14, 67, 6, NULL, '2023-01-21 11:50:56', '2023-01-21 11:50:56'),
(243, 7, 14, 68, 6, NULL, '2023-01-21 11:50:56', '2023-01-21 11:50:56'),
(244, 7, 14, 69, 6, NULL, '2023-01-21 11:50:56', '2023-01-21 11:50:56'),
(245, 7, 14, 70, 6, NULL, '2023-01-21 11:50:56', '2023-01-21 11:50:56'),
(246, 7, 15, 71, 6, NULL, '2023-01-21 11:50:56', '2023-01-21 11:50:56'),
(247, 7, 15, 72, 6, NULL, '2023-01-21 11:50:56', '2023-01-21 11:50:56'),
(248, 7, 15, 73, 6, NULL, '2023-01-21 11:50:56', '2023-01-21 11:50:56'),
(249, 7, 15, 74, 6, NULL, '2023-01-21 11:50:56', '2023-01-21 11:50:56'),
(250, 7, 15, 75, 6, NULL, '2023-01-21 11:50:56', '2023-01-21 11:50:56'),
(251, 8, 11, 51, 6, NULL, '2023-01-21 11:51:48', '2023-01-21 11:51:48'),
(252, 8, 11, 52, 0, NULL, '2023-01-21 11:51:48', '2023-01-21 11:51:48'),
(253, 8, 11, 53, 0, NULL, '2023-01-21 11:51:48', '2023-01-21 11:51:48'),
(254, 8, 11, 54, 1, NULL, '2023-01-21 11:51:48', '2023-01-21 11:51:48'),
(255, 8, 11, 55, 6, NULL, '2023-01-21 11:51:48', '2023-01-21 11:51:48'),
(256, 8, 12, 56, 6, NULL, '2023-01-21 11:51:48', '2023-01-21 11:51:48'),
(257, 8, 12, 57, 0, NULL, '2023-01-21 11:51:48', '2023-01-21 11:51:48'),
(258, 8, 12, 58, 0, NULL, '2023-01-21 11:51:48', '2023-01-21 11:51:48'),
(259, 8, 12, 59, 0, NULL, '2023-01-21 11:51:48', '2023-01-21 11:51:48'),
(260, 8, 12, 60, 1, NULL, '2023-01-21 11:51:48', '2023-01-21 11:51:48'),
(261, 8, 13, 61, 1, NULL, '2023-01-21 11:51:48', '2023-01-21 11:51:48'),
(262, 8, 13, 62, 0, NULL, '2023-01-21 11:51:48', '2023-01-21 11:51:48'),
(263, 8, 13, 63, 0, NULL, '2023-01-21 11:51:48', '2023-01-21 11:51:48'),
(264, 8, 13, 64, 1, NULL, '2023-01-21 11:51:48', '2023-01-21 11:51:48'),
(265, 8, 13, 65, 1, NULL, '2023-01-21 11:51:48', '2023-01-21 11:51:48'),
(266, 8, 14, 66, 0, NULL, '2023-01-21 11:51:48', '2023-01-21 11:51:48'),
(267, 8, 14, 67, 0, NULL, '2023-01-21 11:51:48', '2023-01-21 11:51:48'),
(268, 8, 14, 68, 0, NULL, '2023-01-21 11:51:48', '2023-01-21 11:51:48'),
(269, 8, 14, 69, 1, NULL, '2023-01-21 11:51:48', '2023-01-21 11:51:48'),
(270, 8, 14, 70, 6, NULL, '2023-01-21 11:51:48', '2023-01-21 11:51:48'),
(271, 8, 15, 71, 0, NULL, '2023-01-21 11:51:48', '2023-01-21 11:51:48'),
(272, 8, 15, 72, 1, NULL, '2023-01-21 11:51:48', '2023-01-21 11:51:48'),
(273, 8, 15, 73, 0, NULL, '2023-01-21 11:51:48', '2023-01-21 11:51:48'),
(274, 8, 15, 74, 6, NULL, '2023-01-21 11:51:48', '2023-01-21 11:51:48'),
(275, 8, 15, 75, 1, NULL, '2023-01-21 11:51:48', '2023-01-21 11:51:48'),
(276, 9, 11, 51, 0, NULL, '2023-01-21 11:52:16', '2023-01-21 11:52:16'),
(277, 9, 11, 52, 0, NULL, '2023-01-21 11:52:16', '2023-01-21 11:52:16'),
(278, 9, 11, 53, 0, NULL, '2023-01-21 11:52:16', '2023-01-21 11:52:16'),
(279, 9, 11, 54, 6, NULL, '2023-01-21 11:52:16', '2023-01-21 11:52:16'),
(280, 9, 11, 55, 6, NULL, '2023-01-21 11:52:16', '2023-01-21 11:52:16'),
(281, 9, 12, 56, 1, NULL, '2023-01-21 11:52:16', '2023-01-21 11:52:16'),
(282, 9, 12, 57, 6, NULL, '2023-01-21 11:52:16', '2023-01-21 11:52:16'),
(283, 9, 12, 58, 6, NULL, '2023-01-21 11:52:16', '2023-01-21 11:52:16'),
(284, 9, 12, 59, 0, NULL, '2023-01-21 11:52:16', '2023-01-21 11:52:16'),
(285, 9, 12, 60, 1, NULL, '2023-01-21 11:52:16', '2023-01-21 11:52:16'),
(286, 9, 13, 61, 1, NULL, '2023-01-21 11:52:16', '2023-01-21 11:52:16'),
(287, 9, 13, 62, 6, NULL, '2023-01-21 11:52:16', '2023-01-21 11:52:16'),
(288, 9, 13, 63, 0, NULL, '2023-01-21 11:52:16', '2023-01-21 11:52:16'),
(289, 9, 13, 64, 6, NULL, '2023-01-21 11:52:16', '2023-01-21 11:52:16'),
(290, 9, 13, 65, 6, NULL, '2023-01-21 11:52:16', '2023-01-21 11:52:16'),
(291, 9, 14, 66, 6, NULL, '2023-01-21 11:52:16', '2023-01-21 11:52:16'),
(292, 9, 14, 67, 6, NULL, '2023-01-21 11:52:16', '2023-01-21 11:52:16'),
(293, 9, 14, 68, 6, NULL, '2023-01-21 11:52:16', '2023-01-21 11:52:16'),
(294, 9, 14, 69, 1, NULL, '2023-01-21 11:52:16', '2023-01-21 11:52:16'),
(295, 9, 14, 70, 6, NULL, '2023-01-21 11:52:16', '2023-01-21 11:52:16'),
(296, 9, 15, 71, 0, NULL, '2023-01-21 11:52:16', '2023-01-21 11:52:16'),
(297, 9, 15, 72, 1, NULL, '2023-01-21 11:52:16', '2023-01-21 11:52:16'),
(298, 9, 15, 73, 0, NULL, '2023-01-21 11:52:16', '2023-01-21 11:52:16'),
(299, 9, 15, 74, 0, NULL, '2023-01-21 11:52:16', '2023-01-21 11:52:16'),
(300, 9, 15, 75, 1, NULL, '2023-01-21 11:52:16', '2023-01-21 11:52:16'),
(301, 10, 11, 51, 6, NULL, '2023-01-21 11:57:35', '2023-01-21 11:57:35'),
(302, 10, 11, 52, 1, NULL, '2023-01-21 11:57:35', '2023-01-21 11:57:35'),
(303, 10, 11, 53, 0, NULL, '2023-01-21 11:57:35', '2023-01-21 11:57:35'),
(304, 10, 11, 54, 6, NULL, '2023-01-21 11:57:35', '2023-01-21 11:57:35'),
(305, 10, 11, 55, 6, NULL, '2023-01-21 11:57:35', '2023-01-21 11:57:35'),
(306, 10, 12, 56, 0, NULL, '2023-01-21 11:57:35', '2023-01-21 11:57:35'),
(307, 10, 12, 57, 6, NULL, '2023-01-21 11:57:35', '2023-01-21 11:57:35'),
(308, 10, 12, 58, 1, NULL, '2023-01-21 11:57:35', '2023-01-21 11:57:35'),
(309, 10, 12, 59, 6, NULL, '2023-01-21 11:57:35', '2023-01-21 11:57:35'),
(310, 10, 12, 60, 6, NULL, '2023-01-21 11:57:35', '2023-01-21 11:57:35'),
(311, 10, 13, 61, 0, NULL, '2023-01-21 11:57:35', '2023-01-21 11:57:35'),
(312, 10, 13, 62, 1, NULL, '2023-01-21 11:57:35', '2023-01-21 11:57:35'),
(313, 10, 13, 63, 1, NULL, '2023-01-21 11:57:35', '2023-01-21 11:57:35'),
(314, 10, 13, 64, 1, NULL, '2023-01-21 11:57:35', '2023-01-21 11:57:35'),
(315, 10, 13, 65, 1, NULL, '2023-01-21 11:57:35', '2023-01-21 11:57:35'),
(316, 10, 14, 66, 6, NULL, '2023-01-21 11:57:35', '2023-01-21 11:57:35'),
(317, 10, 14, 67, 1, NULL, '2023-01-21 11:57:35', '2023-01-21 11:57:35'),
(318, 10, 14, 68, 6, NULL, '2023-01-21 11:57:35', '2023-01-21 11:57:35'),
(319, 10, 14, 69, 1, NULL, '2023-01-21 11:57:35', '2023-01-21 11:57:35'),
(320, 10, 14, 70, 6, NULL, '2023-01-21 11:57:35', '2023-01-21 11:57:35'),
(321, 10, 15, 71, 1, NULL, '2023-01-21 11:57:35', '2023-01-21 11:57:35'),
(322, 10, 15, 72, 6, NULL, '2023-01-21 11:57:35', '2023-01-21 11:57:35'),
(323, 10, 15, 73, 0, NULL, '2023-01-21 11:57:35', '2023-01-21 11:57:35'),
(324, 10, 15, 74, 0, NULL, '2023-01-21 11:57:35', '2023-01-21 11:57:35'),
(325, 10, 15, 75, 6, NULL, '2023-01-21 11:57:35', '2023-01-21 11:57:35'),
(326, 11, 11, 51, 6, NULL, '2023-01-21 11:58:00', '2023-01-21 11:58:00'),
(327, 11, 11, 52, 6, NULL, '2023-01-21 11:58:00', '2023-01-21 11:58:00'),
(328, 11, 11, 53, 6, NULL, '2023-01-21 11:58:00', '2023-01-21 11:58:00'),
(329, 11, 11, 54, 6, NULL, '2023-01-21 11:58:00', '2023-01-21 11:58:00'),
(330, 11, 11, 55, 6, NULL, '2023-01-21 11:58:00', '2023-01-21 11:58:00'),
(331, 11, 12, 56, 6, NULL, '2023-01-21 11:58:00', '2023-01-21 11:58:00'),
(332, 11, 12, 57, 6, NULL, '2023-01-21 11:58:00', '2023-01-21 11:58:00'),
(333, 11, 12, 58, 6, NULL, '2023-01-21 11:58:00', '2023-01-21 11:58:00'),
(334, 11, 12, 59, 6, NULL, '2023-01-21 11:58:00', '2023-01-21 11:58:00'),
(335, 11, 12, 60, 6, NULL, '2023-01-21 11:58:00', '2023-01-21 11:58:00'),
(336, 11, 13, 61, 6, NULL, '2023-01-21 11:58:00', '2023-01-21 11:58:00'),
(337, 11, 13, 62, 6, NULL, '2023-01-21 11:58:00', '2023-01-21 11:58:00'),
(338, 11, 13, 63, 6, NULL, '2023-01-21 11:58:00', '2023-01-21 11:58:00'),
(339, 11, 13, 64, 6, NULL, '2023-01-21 11:58:00', '2023-01-21 11:58:00'),
(340, 11, 13, 65, 6, NULL, '2023-01-21 11:58:00', '2023-01-21 11:58:00'),
(341, 11, 14, 66, 6, NULL, '2023-01-21 11:58:00', '2023-01-21 11:58:00'),
(342, 11, 14, 67, 6, NULL, '2023-01-21 11:58:00', '2023-01-21 11:58:00'),
(343, 11, 14, 68, 6, NULL, '2023-01-21 11:58:00', '2023-01-21 11:58:00'),
(344, 11, 14, 69, 6, NULL, '2023-01-21 11:58:00', '2023-01-21 11:58:00'),
(345, 11, 14, 70, 6, NULL, '2023-01-21 11:58:00', '2023-01-21 11:58:00'),
(346, 11, 15, 71, 6, NULL, '2023-01-21 11:58:00', '2023-01-21 11:58:00'),
(347, 11, 15, 72, 6, NULL, '2023-01-21 11:58:00', '2023-01-21 11:58:00'),
(348, 11, 15, 73, 6, NULL, '2023-01-21 11:58:00', '2023-01-21 11:58:00'),
(349, 11, 15, 74, 6, NULL, '2023-01-21 11:58:00', '2023-01-21 11:58:00'),
(350, 11, 15, 75, 6, NULL, '2023-01-21 11:58:00', '2023-01-21 11:58:00'),
(351, 12, 16, 76, 6, NULL, '2023-01-21 11:59:52', '2023-01-21 11:59:52'),
(352, 12, 16, 77, 6, NULL, '2023-01-21 11:59:52', '2023-01-21 11:59:52'),
(353, 12, 16, 78, 6, NULL, '2023-01-21 11:59:52', '2023-01-21 11:59:52'),
(354, 12, 16, 79, 6, NULL, '2023-01-21 11:59:52', '2023-01-21 11:59:52'),
(355, 12, 16, 80, 6, NULL, '2023-01-21 11:59:52', '2023-01-21 11:59:52'),
(356, 12, 17, 81, 6, NULL, '2023-01-21 11:59:52', '2023-01-21 11:59:52'),
(357, 12, 17, 82, 6, NULL, '2023-01-21 11:59:52', '2023-01-21 11:59:52'),
(358, 12, 17, 83, 6, NULL, '2023-01-21 11:59:52', '2023-01-21 11:59:52'),
(359, 12, 17, 84, 6, NULL, '2023-01-21 11:59:52', '2023-01-21 11:59:52'),
(360, 12, 17, 85, 6, NULL, '2023-01-21 11:59:52', '2023-01-21 11:59:52'),
(361, 12, 18, 86, 6, NULL, '2023-01-21 11:59:52', '2023-01-21 11:59:52'),
(362, 12, 18, 87, 6, NULL, '2023-01-21 11:59:52', '2023-01-21 11:59:52'),
(363, 12, 18, 88, 6, NULL, '2023-01-21 11:59:52', '2023-01-21 11:59:52'),
(364, 12, 18, 89, 6, NULL, '2023-01-21 11:59:52', '2023-01-21 11:59:52'),
(365, 12, 18, 90, 6, NULL, '2023-01-21 11:59:52', '2023-01-21 11:59:52'),
(366, 12, 19, 91, 6, NULL, '2023-01-21 11:59:52', '2023-01-21 11:59:52'),
(367, 12, 19, 92, 6, NULL, '2023-01-21 11:59:52', '2023-01-21 11:59:52'),
(368, 12, 19, 93, 6, NULL, '2023-01-21 11:59:52', '2023-01-21 11:59:52'),
(369, 12, 19, 94, 6, NULL, '2023-01-21 11:59:52', '2023-01-21 11:59:52'),
(370, 12, 19, 95, 6, NULL, '2023-01-21 11:59:52', '2023-01-21 11:59:52'),
(371, 12, 20, 96, 6, NULL, '2023-01-21 11:59:52', '2023-01-21 11:59:52'),
(372, 12, 20, 97, 6, NULL, '2023-01-21 11:59:52', '2023-01-21 11:59:52'),
(373, 12, 20, 98, 6, NULL, '2023-01-21 11:59:52', '2023-01-21 11:59:52'),
(374, 12, 20, 99, 6, NULL, '2023-01-21 11:59:52', '2023-01-21 11:59:52'),
(375, 12, 20, 100, 6, NULL, '2023-01-21 11:59:52', '2023-01-21 11:59:52'),
(376, 13, 16, 76, 0, NULL, '2023-01-21 12:00:29', '2023-01-21 12:00:29'),
(377, 13, 16, 77, 1, NULL, '2023-01-21 12:00:29', '2023-01-21 12:00:29'),
(378, 13, 16, 78, 0, NULL, '2023-01-21 12:00:29', '2023-01-21 12:00:29'),
(379, 13, 16, 79, 6, NULL, '2023-01-21 12:00:29', '2023-01-21 12:00:29'),
(380, 13, 16, 80, 0, NULL, '2023-01-21 12:00:29', '2023-01-21 12:00:29'),
(381, 13, 17, 81, 0, NULL, '2023-01-21 12:00:29', '2023-01-21 12:00:29'),
(382, 13, 17, 82, 6, NULL, '2023-01-21 12:00:29', '2023-01-21 12:00:29'),
(383, 13, 17, 83, 1, NULL, '2023-01-21 12:00:29', '2023-01-21 12:00:29'),
(384, 13, 17, 84, 6, NULL, '2023-01-21 12:00:29', '2023-01-21 12:00:29'),
(385, 13, 17, 85, 6, NULL, '2023-01-21 12:00:29', '2023-01-21 12:00:29'),
(386, 13, 18, 86, 6, NULL, '2023-01-21 12:00:29', '2023-01-21 12:00:29'),
(387, 13, 18, 87, 6, NULL, '2023-01-21 12:00:29', '2023-01-21 12:00:29'),
(388, 13, 18, 88, 0, NULL, '2023-01-21 12:00:29', '2023-01-21 12:00:29'),
(389, 13, 18, 89, 1, NULL, '2023-01-21 12:00:29', '2023-01-21 12:00:29'),
(390, 13, 18, 90, 6, NULL, '2023-01-21 12:00:29', '2023-01-21 12:00:29'),
(391, 13, 19, 91, 0, NULL, '2023-01-21 12:00:29', '2023-01-21 12:00:29'),
(392, 13, 19, 92, 6, NULL, '2023-01-21 12:00:29', '2023-01-21 12:00:29'),
(393, 13, 19, 93, 1, NULL, '2023-01-21 12:00:29', '2023-01-21 12:00:29'),
(394, 13, 19, 94, 0, NULL, '2023-01-21 12:00:29', '2023-01-21 12:00:29'),
(395, 13, 19, 95, 6, NULL, '2023-01-21 12:00:29', '2023-01-21 12:00:29'),
(396, 13, 20, 96, 6, NULL, '2023-01-21 12:00:29', '2023-01-21 12:00:29'),
(397, 13, 20, 97, 1, NULL, '2023-01-21 12:00:29', '2023-01-21 12:00:29'),
(398, 13, 20, 98, 6, NULL, '2023-01-21 12:00:29', '2023-01-21 12:00:29'),
(399, 13, 20, 99, 6, NULL, '2023-01-21 12:00:29', '2023-01-21 12:00:29'),
(400, 13, 20, 100, 1, NULL, '2023-01-21 12:00:29', '2023-01-21 12:00:29'),
(401, 14, 16, 76, 0, NULL, '2023-01-21 12:01:58', '2023-01-21 12:01:58'),
(402, 14, 16, 77, 0, NULL, '2023-01-21 12:01:58', '2023-01-21 12:01:58'),
(403, 14, 16, 78, 6, NULL, '2023-01-21 12:01:58', '2023-01-21 12:01:58'),
(404, 14, 16, 79, 6, NULL, '2023-01-21 12:01:58', '2023-01-21 12:01:58'),
(405, 14, 16, 80, 6, NULL, '2023-01-21 12:01:58', '2023-01-21 12:01:58'),
(406, 14, 17, 81, 1, NULL, '2023-01-21 12:01:58', '2023-01-21 12:01:58'),
(407, 14, 17, 82, 1, NULL, '2023-01-21 12:01:58', '2023-01-21 12:01:58'),
(408, 14, 17, 83, 6, NULL, '2023-01-21 12:01:58', '2023-01-21 12:01:58'),
(409, 14, 17, 84, 1, NULL, '2023-01-21 12:01:58', '2023-01-21 12:01:58'),
(410, 14, 17, 85, 6, NULL, '2023-01-21 12:01:58', '2023-01-21 12:01:58'),
(411, 14, 18, 86, 0, NULL, '2023-01-21 12:01:58', '2023-01-21 12:01:58'),
(412, 14, 18, 87, 0, NULL, '2023-01-21 12:01:58', '2023-01-21 12:01:58'),
(413, 14, 18, 88, 1, NULL, '2023-01-21 12:01:58', '2023-01-21 12:01:58'),
(414, 14, 18, 89, 1, NULL, '2023-01-21 12:01:58', '2023-01-21 12:01:58'),
(415, 14, 18, 90, 1, NULL, '2023-01-21 12:01:58', '2023-01-21 12:01:58'),
(416, 14, 19, 91, 1, NULL, '2023-01-21 12:01:58', '2023-01-21 12:01:58'),
(417, 14, 19, 92, 1, NULL, '2023-01-21 12:01:58', '2023-01-21 12:01:58'),
(418, 14, 19, 93, 0, NULL, '2023-01-21 12:01:58', '2023-01-21 12:01:58'),
(419, 14, 19, 94, 0, NULL, '2023-01-21 12:01:58', '2023-01-21 12:01:58'),
(420, 14, 19, 95, 1, NULL, '2023-01-21 12:01:58', '2023-01-21 12:01:58'),
(421, 14, 20, 96, 1, NULL, '2023-01-21 12:01:58', '2023-01-21 12:01:58'),
(422, 14, 20, 97, 1, NULL, '2023-01-21 12:01:58', '2023-01-21 12:01:58'),
(423, 14, 20, 98, 6, NULL, '2023-01-21 12:01:58', '2023-01-21 12:01:58'),
(424, 14, 20, 99, 6, NULL, '2023-01-21 12:01:58', '2023-01-21 12:01:58'),
(425, 14, 20, 100, 6, NULL, '2023-01-21 12:01:58', '2023-01-21 12:01:58'),
(426, 15, 16, 76, 6, NULL, '2023-01-21 12:04:47', '2023-01-21 12:04:47'),
(427, 15, 16, 77, 6, NULL, '2023-01-21 12:04:47', '2023-01-21 12:04:47'),
(428, 15, 16, 78, 6, NULL, '2023-01-21 12:04:47', '2023-01-21 12:04:47'),
(429, 15, 16, 79, 6, NULL, '2023-01-21 12:04:47', '2023-01-21 12:04:47'),
(430, 15, 16, 80, 6, NULL, '2023-01-21 12:04:47', '2023-01-21 12:04:47'),
(431, 15, 17, 81, 6, NULL, '2023-01-21 12:04:47', '2023-01-21 12:04:47'),
(432, 15, 17, 82, 6, NULL, '2023-01-21 12:04:47', '2023-01-21 12:04:47'),
(433, 15, 17, 83, 6, NULL, '2023-01-21 12:04:48', '2023-01-21 12:04:48'),
(434, 15, 17, 84, 6, NULL, '2023-01-21 12:04:48', '2023-01-21 12:04:48'),
(435, 15, 17, 85, 6, NULL, '2023-01-21 12:04:48', '2023-01-21 12:04:48'),
(436, 15, 18, 86, 6, NULL, '2023-01-21 12:04:48', '2023-01-21 12:04:48'),
(437, 15, 18, 87, 6, NULL, '2023-01-21 12:04:48', '2023-01-21 12:04:48'),
(438, 15, 18, 88, 6, NULL, '2023-01-21 12:04:48', '2023-01-21 12:04:48'),
(439, 15, 18, 89, 6, NULL, '2023-01-21 12:04:48', '2023-01-21 12:04:48'),
(440, 15, 18, 90, 6, NULL, '2023-01-21 12:04:48', '2023-01-21 12:04:48'),
(441, 15, 19, 91, 6, NULL, '2023-01-21 12:04:48', '2023-01-21 12:04:48'),
(442, 15, 19, 92, 6, NULL, '2023-01-21 12:04:48', '2023-01-21 12:04:48'),
(443, 15, 19, 93, 6, NULL, '2023-01-21 12:04:48', '2023-01-21 12:04:48'),
(444, 15, 19, 94, 6, NULL, '2023-01-21 12:04:48', '2023-01-21 12:04:48'),
(445, 15, 19, 95, 6, NULL, '2023-01-21 12:04:48', '2023-01-21 12:04:48'),
(446, 15, 20, 96, 6, NULL, '2023-01-21 12:04:48', '2023-01-21 12:04:48'),
(447, 15, 20, 97, 6, NULL, '2023-01-21 12:04:48', '2023-01-21 12:04:48'),
(448, 15, 20, 98, 6, NULL, '2023-01-21 12:04:48', '2023-01-21 12:04:48'),
(449, 15, 20, 99, 6, NULL, '2023-01-21 12:04:48', '2023-01-21 12:04:48'),
(450, 15, 20, 100, 6, NULL, '2023-01-21 12:04:48', '2023-01-21 12:04:48'),
(451, 16, 16, 76, 6, NULL, '2023-01-21 12:06:21', '2023-01-21 12:06:21'),
(452, 16, 16, 77, 6, NULL, '2023-01-21 12:06:21', '2023-01-21 12:06:21'),
(453, 16, 16, 78, 6, NULL, '2023-01-21 12:06:21', '2023-01-21 12:06:21'),
(454, 16, 16, 79, 6, NULL, '2023-01-21 12:06:21', '2023-01-21 12:06:21'),
(455, 16, 16, 80, 6, NULL, '2023-01-21 12:06:21', '2023-01-21 12:06:21'),
(456, 16, 17, 81, 6, NULL, '2023-01-21 12:06:21', '2023-01-21 12:06:21'),
(457, 16, 17, 82, 6, NULL, '2023-01-21 12:06:21', '2023-01-21 12:06:21'),
(458, 16, 17, 83, 6, NULL, '2023-01-21 12:06:21', '2023-01-21 12:06:21'),
(459, 16, 17, 84, 6, NULL, '2023-01-21 12:06:21', '2023-01-21 12:06:21'),
(460, 16, 17, 85, 6, NULL, '2023-01-21 12:06:21', '2023-01-21 12:06:21'),
(461, 16, 18, 86, 6, NULL, '2023-01-21 12:06:21', '2023-01-21 12:06:21'),
(462, 16, 18, 87, 6, NULL, '2023-01-21 12:06:21', '2023-01-21 12:06:21'),
(463, 16, 18, 88, 6, NULL, '2023-01-21 12:06:21', '2023-01-21 12:06:21'),
(464, 16, 18, 89, 6, NULL, '2023-01-21 12:06:21', '2023-01-21 12:06:21'),
(465, 16, 18, 90, 6, NULL, '2023-01-21 12:06:21', '2023-01-21 12:06:21'),
(466, 16, 19, 91, 6, NULL, '2023-01-21 12:06:21', '2023-01-21 12:06:21'),
(467, 16, 19, 92, 6, NULL, '2023-01-21 12:06:21', '2023-01-21 12:06:21'),
(468, 16, 19, 93, 6, NULL, '2023-01-21 12:06:21', '2023-01-21 12:06:21'),
(469, 16, 19, 94, 6, NULL, '2023-01-21 12:06:21', '2023-01-21 12:06:21'),
(470, 16, 19, 95, 6, NULL, '2023-01-21 12:06:21', '2023-01-21 12:06:21'),
(471, 16, 20, 96, 6, NULL, '2023-01-21 12:06:21', '2023-01-21 12:06:21'),
(472, 16, 20, 97, 6, NULL, '2023-01-21 12:06:21', '2023-01-21 12:06:21'),
(473, 16, 20, 98, 6, NULL, '2023-01-21 12:06:21', '2023-01-21 12:06:21'),
(474, 16, 20, 99, 6, NULL, '2023-01-21 12:06:21', '2023-01-21 12:06:21'),
(475, 16, 20, 100, 6, NULL, '2023-01-21 12:06:21', '2023-01-21 12:06:21'),
(476, 17, 16, 76, 1, NULL, '2023-01-21 12:07:05', '2023-01-21 12:07:05'),
(477, 17, 16, 77, 0, NULL, '2023-01-21 12:07:05', '2023-01-21 12:07:05'),
(478, 17, 16, 78, 6, NULL, '2023-01-21 12:07:05', '2023-01-21 12:07:05'),
(479, 17, 16, 79, 1, NULL, '2023-01-21 12:07:05', '2023-01-21 12:07:05'),
(480, 17, 16, 80, 6, NULL, '2023-01-21 12:07:05', '2023-01-21 12:07:05'),
(481, 17, 17, 81, 1, NULL, '2023-01-21 12:07:05', '2023-01-21 12:07:05'),
(482, 17, 17, 82, 1, NULL, '2023-01-21 12:07:05', '2023-01-21 12:07:05'),
(483, 17, 17, 83, 1, NULL, '2023-01-21 12:07:05', '2023-01-21 12:07:05'),
(484, 17, 17, 84, 0, NULL, '2023-01-21 12:07:05', '2023-01-21 12:07:05'),
(485, 17, 17, 85, 6, NULL, '2023-01-21 12:07:05', '2023-01-21 12:07:05'),
(486, 17, 18, 86, 1, NULL, '2023-01-21 12:07:05', '2023-01-21 12:07:05'),
(487, 17, 18, 87, 1, NULL, '2023-01-21 12:07:05', '2023-01-21 12:07:05'),
(488, 17, 18, 88, 6, NULL, '2023-01-21 12:07:05', '2023-01-21 12:07:05'),
(489, 17, 18, 89, 6, NULL, '2023-01-21 12:07:05', '2023-01-21 12:07:05'),
(490, 17, 18, 90, 6, NULL, '2023-01-21 12:07:05', '2023-01-21 12:07:05'),
(491, 17, 19, 91, 1, NULL, '2023-01-21 12:07:05', '2023-01-21 12:07:05'),
(492, 17, 19, 92, 6, NULL, '2023-01-21 12:07:05', '2023-01-21 12:07:05'),
(493, 17, 19, 93, 6, NULL, '2023-01-21 12:07:05', '2023-01-21 12:07:05'),
(494, 17, 19, 94, 6, NULL, '2023-01-21 12:07:05', '2023-01-21 12:07:05'),
(495, 17, 19, 95, 6, NULL, '2023-01-21 12:07:05', '2023-01-21 12:07:05'),
(496, 17, 20, 96, 6, NULL, '2023-01-21 12:07:05', '2023-01-21 12:07:05'),
(497, 17, 20, 97, 6, NULL, '2023-01-21 12:07:05', '2023-01-21 12:07:05'),
(498, 17, 20, 98, 6, NULL, '2023-01-21 12:07:05', '2023-01-21 12:07:05'),
(499, 17, 20, 99, 1, NULL, '2023-01-21 12:07:05', '2023-01-21 12:07:05'),
(500, 17, 20, 100, 1, NULL, '2023-01-21 12:07:05', '2023-01-21 12:07:05'),
(501, 18, 16, 76, 6, NULL, '2023-01-21 12:08:27', '2023-01-21 12:08:27'),
(502, 18, 16, 77, 0, NULL, '2023-01-21 12:08:27', '2023-01-21 12:08:27'),
(503, 18, 16, 78, 1, NULL, '2023-01-21 12:08:27', '2023-01-21 12:08:27'),
(504, 18, 16, 79, 1, NULL, '2023-01-21 12:08:27', '2023-01-21 12:08:27'),
(505, 18, 16, 80, 6, NULL, '2023-01-21 12:08:27', '2023-01-21 12:08:27'),
(506, 18, 17, 81, 1, NULL, '2023-01-21 12:08:27', '2023-01-21 12:08:27'),
(507, 18, 17, 82, 6, NULL, '2023-01-21 12:08:27', '2023-01-21 12:08:27'),
(508, 18, 17, 83, 1, NULL, '2023-01-21 12:08:27', '2023-01-21 12:08:27'),
(509, 18, 17, 84, 0, NULL, '2023-01-21 12:08:27', '2023-01-21 12:08:27'),
(510, 18, 17, 85, 1, NULL, '2023-01-21 12:08:27', '2023-01-21 12:08:27'),
(511, 18, 18, 86, 6, NULL, '2023-01-21 12:08:27', '2023-01-21 12:08:27'),
(512, 18, 18, 87, 6, NULL, '2023-01-21 12:08:27', '2023-01-21 12:08:27'),
(513, 18, 18, 88, 0, NULL, '2023-01-21 12:08:27', '2023-01-21 12:08:27'),
(514, 18, 18, 89, 1, NULL, '2023-01-21 12:08:27', '2023-01-21 12:08:27'),
(515, 18, 18, 90, 6, NULL, '2023-01-21 12:08:27', '2023-01-21 12:08:27'),
(516, 18, 19, 91, 1, NULL, '2023-01-21 12:08:27', '2023-01-21 12:08:27'),
(517, 18, 19, 92, 0, NULL, '2023-01-21 12:08:27', '2023-01-21 12:08:27'),
(518, 18, 19, 93, 1, NULL, '2023-01-21 12:08:27', '2023-01-21 12:08:27'),
(519, 18, 19, 94, 6, NULL, '2023-01-21 12:08:27', '2023-01-21 12:08:27'),
(520, 18, 19, 95, 6, NULL, '2023-01-21 12:08:27', '2023-01-21 12:08:27'),
(521, 18, 20, 96, 0, NULL, '2023-01-21 12:08:27', '2023-01-21 12:08:27'),
(522, 18, 20, 97, 6, NULL, '2023-01-21 12:08:27', '2023-01-21 12:08:27'),
(523, 18, 20, 98, 6, NULL, '2023-01-21 12:08:27', '2023-01-21 12:08:27'),
(524, 18, 20, 99, 1, NULL, '2023-01-21 12:08:27', '2023-01-21 12:08:27'),
(525, 18, 20, 100, 6, NULL, '2023-01-21 12:08:27', '2023-01-21 12:08:27'),
(526, 19, 6, 26, 6, NULL, '2023-01-21 13:29:11', '2023-01-21 13:29:11'),
(527, 19, 6, 27, 0, NULL, '2023-01-21 13:29:11', '2023-01-21 13:29:11'),
(528, 19, 6, 28, 6, NULL, '2023-01-21 13:29:11', '2023-01-21 13:29:11'),
(529, 19, 6, 29, 6, NULL, '2023-01-21 13:29:11', '2023-01-21 13:29:11'),
(530, 19, 6, 30, 6, NULL, '2023-01-21 13:29:11', '2023-01-21 13:29:11'),
(531, 19, 7, 31, 6, NULL, '2023-01-21 13:29:11', '2023-01-21 13:29:11'),
(532, 19, 7, 32, 0, NULL, '2023-01-21 13:29:11', '2023-01-21 13:29:11'),
(533, 19, 7, 33, 1, NULL, '2023-01-21 13:29:11', '2023-01-21 13:29:11'),
(534, 19, 7, 34, 1, NULL, '2023-01-21 13:29:11', '2023-01-21 13:29:11'),
(535, 19, 7, 35, 6, NULL, '2023-01-21 13:29:11', '2023-01-21 13:29:11'),
(536, 19, 8, 36, 0, NULL, '2023-01-21 13:29:11', '2023-01-21 13:29:11'),
(537, 19, 8, 37, 1, NULL, '2023-01-21 13:29:11', '2023-01-21 13:29:11'),
(538, 19, 8, 38, 1, NULL, '2023-01-21 13:29:11', '2023-01-21 13:29:11'),
(539, 19, 8, 39, 6, NULL, '2023-01-21 13:29:11', '2023-01-21 13:29:11'),
(540, 19, 8, 40, 6, NULL, '2023-01-21 13:29:11', '2023-01-21 13:29:11'),
(541, 19, 9, 41, 0, NULL, '2023-01-21 13:29:11', '2023-01-21 13:29:11'),
(542, 19, 9, 42, 6, NULL, '2023-01-21 13:29:11', '2023-01-21 13:29:11'),
(543, 19, 9, 43, 0, NULL, '2023-01-21 13:29:11', '2023-01-21 13:29:11'),
(544, 19, 9, 44, 1, NULL, '2023-01-21 13:29:11', '2023-01-21 13:29:11'),
(545, 19, 9, 45, 1, NULL, '2023-01-21 13:29:11', '2023-01-21 13:29:11'),
(546, 19, 10, 46, 1, NULL, '2023-01-21 13:29:11', '2023-01-21 13:29:11'),
(547, 19, 10, 47, 6, NULL, '2023-01-21 13:29:11', '2023-01-21 13:29:11'),
(548, 19, 10, 48, 0, NULL, '2023-01-21 13:29:11', '2023-01-21 13:29:11'),
(549, 19, 10, 49, 0, NULL, '2023-01-21 13:29:11', '2023-01-21 13:29:11'),
(550, 19, 10, 50, 1, NULL, '2023-01-21 13:29:11', '2023-01-21 13:29:11'),
(551, 20, 6, 26, 0, NULL, '2023-01-21 13:30:23', '2023-01-21 13:30:23'),
(552, 20, 6, 27, 6, NULL, '2023-01-21 13:30:23', '2023-01-21 13:30:23'),
(553, 20, 6, 28, 0, NULL, '2023-01-21 13:30:23', '2023-01-21 13:30:23'),
(554, 20, 6, 29, 1, NULL, '2023-01-21 13:30:23', '2023-01-21 13:30:23'),
(555, 20, 6, 30, 0, NULL, '2023-01-21 13:30:23', '2023-01-21 13:30:23'),
(556, 20, 7, 31, 0, NULL, '2023-01-21 13:30:23', '2023-01-21 13:30:23'),
(557, 20, 7, 32, 6, NULL, '2023-01-21 13:30:23', '2023-01-21 13:30:23'),
(558, 20, 7, 33, 0, NULL, '2023-01-21 13:30:23', '2023-01-21 13:30:23'),
(559, 20, 7, 34, 0, NULL, '2023-01-21 13:30:23', '2023-01-21 13:30:23'),
(560, 20, 7, 35, 0, NULL, '2023-01-21 13:30:23', '2023-01-21 13:30:23'),
(561, 20, 8, 36, 0, NULL, '2023-01-21 13:30:23', '2023-01-21 13:30:23'),
(562, 20, 8, 37, 6, NULL, '2023-01-21 13:30:23', '2023-01-21 13:30:23'),
(563, 20, 8, 38, 1, NULL, '2023-01-21 13:30:23', '2023-01-21 13:30:23'),
(564, 20, 8, 39, 1, NULL, '2023-01-21 13:30:23', '2023-01-21 13:30:23'),
(565, 20, 8, 40, 6, NULL, '2023-01-21 13:30:23', '2023-01-21 13:30:23'),
(566, 20, 9, 41, 6, NULL, '2023-01-21 13:30:23', '2023-01-21 13:30:23'),
(567, 20, 9, 42, 0, NULL, '2023-01-21 13:30:23', '2023-01-21 13:30:23'),
(568, 20, 9, 43, 1, NULL, '2023-01-21 13:30:23', '2023-01-21 13:30:23'),
(569, 20, 9, 44, 6, NULL, '2023-01-21 13:30:23', '2023-01-21 13:30:23'),
(570, 20, 9, 45, 0, NULL, '2023-01-21 13:30:23', '2023-01-21 13:30:23'),
(571, 20, 10, 46, 1, NULL, '2023-01-21 13:30:23', '2023-01-21 13:30:23'),
(572, 20, 10, 47, 0, NULL, '2023-01-21 13:30:23', '2023-01-21 13:30:23'),
(573, 20, 10, 48, 1, NULL, '2023-01-21 13:30:23', '2023-01-21 13:30:23'),
(574, 20, 10, 49, 1, NULL, '2023-01-21 13:30:23', '2023-01-21 13:30:23'),
(575, 20, 10, 50, 1, NULL, '2023-01-21 13:30:23', '2023-01-21 13:30:23'),
(576, 21, 6, 26, 6, NULL, '2023-01-21 13:30:57', '2023-01-21 13:30:57'),
(577, 21, 6, 27, 1, NULL, '2023-01-21 13:30:57', '2023-01-21 13:30:57'),
(578, 21, 6, 28, 6, NULL, '2023-01-21 13:30:57', '2023-01-21 13:30:57'),
(579, 21, 6, 29, 1, NULL, '2023-01-21 13:30:57', '2023-01-21 13:30:57'),
(580, 21, 6, 30, 6, NULL, '2023-01-21 13:30:57', '2023-01-21 13:30:57'),
(581, 21, 7, 31, 0, NULL, '2023-01-21 13:30:57', '2023-01-21 13:30:57'),
(582, 21, 7, 32, 1, NULL, '2023-01-21 13:30:57', '2023-01-21 13:30:57'),
(583, 21, 7, 33, 1, NULL, '2023-01-21 13:30:57', '2023-01-21 13:30:57'),
(584, 21, 7, 34, 6, NULL, '2023-01-21 13:30:57', '2023-01-21 13:30:57'),
(585, 21, 7, 35, 6, NULL, '2023-01-21 13:30:57', '2023-01-21 13:30:57'),
(586, 21, 8, 36, 6, NULL, '2023-01-21 13:30:57', '2023-01-21 13:30:57'),
(587, 21, 8, 37, 1, NULL, '2023-01-21 13:30:57', '2023-01-21 13:30:57'),
(588, 21, 8, 38, 0, NULL, '2023-01-21 13:30:57', '2023-01-21 13:30:57'),
(589, 21, 8, 39, 1, NULL, '2023-01-21 13:30:57', '2023-01-21 13:30:57'),
(590, 21, 8, 40, 1, NULL, '2023-01-21 13:30:57', '2023-01-21 13:30:57'),
(591, 21, 9, 41, 1, NULL, '2023-01-21 13:30:57', '2023-01-21 13:30:57'),
(592, 21, 9, 42, 6, NULL, '2023-01-21 13:30:57', '2023-01-21 13:30:57'),
(593, 21, 9, 43, 0, NULL, '2023-01-21 13:30:57', '2023-01-21 13:30:57'),
(594, 21, 9, 44, 6, NULL, '2023-01-21 13:30:57', '2023-01-21 13:30:57'),
(595, 21, 9, 45, 1, NULL, '2023-01-21 13:30:57', '2023-01-21 13:30:57'),
(596, 21, 10, 46, 0, NULL, '2023-01-21 13:30:57', '2023-01-21 13:30:57'),
(597, 21, 10, 47, 0, NULL, '2023-01-21 13:30:57', '2023-01-21 13:30:57'),
(598, 21, 10, 48, 0, NULL, '2023-01-21 13:30:57', '2023-01-21 13:30:57'),
(599, 21, 10, 49, 1, NULL, '2023-01-21 13:30:57', '2023-01-21 13:30:57'),
(600, 21, 10, 50, 6, NULL, '2023-01-21 13:30:57', '2023-01-21 13:30:57'),
(601, 22, 11, 51, 6, NULL, '2023-01-21 13:32:36', '2023-01-21 13:32:36'),
(602, 22, 11, 52, 1, NULL, '2023-01-21 13:32:36', '2023-01-21 13:32:36'),
(603, 22, 11, 53, 6, NULL, '2023-01-21 13:32:36', '2023-01-21 13:32:36'),
(604, 22, 11, 54, 0, NULL, '2023-01-21 13:32:36', '2023-01-21 13:32:36'),
(605, 22, 11, 55, 6, NULL, '2023-01-21 13:32:36', '2023-01-21 13:32:36'),
(606, 22, 12, 56, 1, NULL, '2023-01-21 13:32:36', '2023-01-21 13:32:36'),
(607, 22, 12, 57, 6, NULL, '2023-01-21 13:32:36', '2023-01-21 13:32:36'),
(608, 22, 12, 58, 0, NULL, '2023-01-21 13:32:36', '2023-01-21 13:32:36'),
(609, 22, 12, 59, 1, NULL, '2023-01-21 13:32:36', '2023-01-21 13:32:36'),
(610, 22, 12, 60, 1, NULL, '2023-01-21 13:32:36', '2023-01-21 13:32:36'),
(611, 22, 13, 61, 6, NULL, '2023-01-21 13:32:36', '2023-01-21 13:32:36'),
(612, 22, 13, 62, 0, NULL, '2023-01-21 13:32:36', '2023-01-21 13:32:36'),
(613, 22, 13, 63, 6, NULL, '2023-01-21 13:32:36', '2023-01-21 13:32:36'),
(614, 22, 13, 64, 6, NULL, '2023-01-21 13:32:36', '2023-01-21 13:32:36'),
(615, 22, 13, 65, 0, NULL, '2023-01-21 13:32:36', '2023-01-21 13:32:36'),
(616, 22, 14, 66, 1, NULL, '2023-01-21 13:32:36', '2023-01-21 13:32:36'),
(617, 22, 14, 67, 1, NULL, '2023-01-21 13:32:36', '2023-01-21 13:32:36'),
(618, 22, 14, 68, 1, NULL, '2023-01-21 13:32:36', '2023-01-21 13:32:36'),
(619, 22, 14, 69, 0, NULL, '2023-01-21 13:32:36', '2023-01-21 13:32:36'),
(620, 22, 14, 70, 6, NULL, '2023-01-21 13:32:36', '2023-01-21 13:32:36'),
(621, 22, 15, 71, 0, NULL, '2023-01-21 13:32:36', '2023-01-21 13:32:36'),
(622, 22, 15, 72, 6, NULL, '2023-01-21 13:32:36', '2023-01-21 13:32:36'),
(623, 22, 15, 73, 1, NULL, '2023-01-21 13:32:36', '2023-01-21 13:32:36'),
(624, 22, 15, 74, 0, NULL, '2023-01-21 13:32:36', '2023-01-21 13:32:36'),
(625, 22, 15, 75, 0, NULL, '2023-01-21 13:32:36', '2023-01-21 13:32:36'),
(626, 23, 11, 51, 1, NULL, '2023-01-21 13:33:06', '2023-01-21 13:33:06'),
(627, 23, 11, 52, 1, NULL, '2023-01-21 13:33:06', '2023-01-21 13:33:06'),
(628, 23, 11, 53, 1, NULL, '2023-01-21 13:33:06', '2023-01-21 13:33:06'),
(629, 23, 11, 54, 6, NULL, '2023-01-21 13:33:06', '2023-01-21 13:33:06'),
(630, 23, 11, 55, 6, NULL, '2023-01-21 13:33:06', '2023-01-21 13:33:06'),
(631, 23, 12, 56, 6, NULL, '2023-01-21 13:33:06', '2023-01-21 13:33:06'),
(632, 23, 12, 57, 0, NULL, '2023-01-21 13:33:06', '2023-01-21 13:33:06'),
(633, 23, 12, 58, 6, NULL, '2023-01-21 13:33:06', '2023-01-21 13:33:06'),
(634, 23, 12, 59, 0, NULL, '2023-01-21 13:33:06', '2023-01-21 13:33:06'),
(635, 23, 12, 60, 6, NULL, '2023-01-21 13:33:06', '2023-01-21 13:33:06'),
(636, 23, 13, 61, 1, NULL, '2023-01-21 13:33:06', '2023-01-21 13:33:06'),
(637, 23, 13, 62, 6, NULL, '2023-01-21 13:33:06', '2023-01-21 13:33:06'),
(638, 23, 13, 63, 6, NULL, '2023-01-21 13:33:06', '2023-01-21 13:33:06'),
(639, 23, 13, 64, 6, NULL, '2023-01-21 13:33:06', '2023-01-21 13:33:06'),
(640, 23, 13, 65, 6, NULL, '2023-01-21 13:33:06', '2023-01-21 13:33:06'),
(641, 23, 14, 66, 6, NULL, '2023-01-21 13:33:06', '2023-01-21 13:33:06'),
(642, 23, 14, 67, 6, NULL, '2023-01-21 13:33:06', '2023-01-21 13:33:06'),
(643, 23, 14, 68, 6, NULL, '2023-01-21 13:33:06', '2023-01-21 13:33:06'),
(644, 23, 14, 69, 0, NULL, '2023-01-21 13:33:06', '2023-01-21 13:33:06'),
(645, 23, 14, 70, 6, NULL, '2023-01-21 13:33:06', '2023-01-21 13:33:06'),
(646, 23, 15, 71, 1, NULL, '2023-01-21 13:33:06', '2023-01-21 13:33:06'),
(647, 23, 15, 72, 6, NULL, '2023-01-21 13:33:06', '2023-01-21 13:33:06'),
(648, 23, 15, 73, 1, NULL, '2023-01-21 13:33:06', '2023-01-21 13:33:06'),
(649, 23, 15, 74, 0, NULL, '2023-01-21 13:33:06', '2023-01-21 13:33:06'),
(650, 23, 15, 75, 6, NULL, '2023-01-21 13:33:06', '2023-01-21 13:33:06'),
(651, 24, 11, 51, 6, NULL, '2023-01-21 13:33:43', '2023-01-21 13:33:43'),
(652, 24, 11, 52, 6, NULL, '2023-01-21 13:33:43', '2023-01-21 13:33:43'),
(653, 24, 11, 53, 1, NULL, '2023-01-21 13:33:43', '2023-01-21 13:33:43'),
(654, 24, 11, 54, 6, NULL, '2023-01-21 13:33:43', '2023-01-21 13:33:43'),
(655, 24, 11, 55, 0, NULL, '2023-01-21 13:33:43', '2023-01-21 13:33:43'),
(656, 24, 12, 56, 6, NULL, '2023-01-21 13:33:43', '2023-01-21 13:33:43'),
(657, 24, 12, 57, 1, NULL, '2023-01-21 13:33:43', '2023-01-21 13:33:43'),
(658, 24, 12, 58, 6, NULL, '2023-01-21 13:33:43', '2023-01-21 13:33:43'),
(659, 24, 12, 59, 0, NULL, '2023-01-21 13:33:43', '2023-01-21 13:33:43'),
(660, 24, 12, 60, 1, NULL, '2023-01-21 13:33:43', '2023-01-21 13:33:43'),
(661, 24, 13, 61, 6, NULL, '2023-01-21 13:33:43', '2023-01-21 13:33:43'),
(662, 24, 13, 62, 1, NULL, '2023-01-21 13:33:43', '2023-01-21 13:33:43'),
(663, 24, 13, 63, 1, NULL, '2023-01-21 13:33:43', '2023-01-21 13:33:43'),
(664, 24, 13, 64, 1, NULL, '2023-01-21 13:33:43', '2023-01-21 13:33:43'),
(665, 24, 13, 65, 0, NULL, '2023-01-21 13:33:43', '2023-01-21 13:33:43'),
(666, 24, 14, 66, 0, NULL, '2023-01-21 13:33:43', '2023-01-21 13:33:43'),
(667, 24, 14, 67, 6, NULL, '2023-01-21 13:33:43', '2023-01-21 13:33:43'),
(668, 24, 14, 68, 1, NULL, '2023-01-21 13:33:43', '2023-01-21 13:33:43'),
(669, 24, 14, 69, 0, NULL, '2023-01-21 13:33:43', '2023-01-21 13:33:43'),
(670, 24, 14, 70, 0, NULL, '2023-01-21 13:33:43', '2023-01-21 13:33:43'),
(671, 24, 15, 71, 6, NULL, '2023-01-21 13:33:43', '2023-01-21 13:33:43'),
(672, 24, 15, 72, 1, NULL, '2023-01-21 13:33:43', '2023-01-21 13:33:43'),
(673, 24, 15, 73, 1, NULL, '2023-01-21 13:33:43', '2023-01-21 13:33:43'),
(674, 24, 15, 74, 6, NULL, '2023-01-21 13:33:43', '2023-01-21 13:33:43'),
(675, 24, 15, 75, 0, NULL, '2023-01-21 13:33:43', '2023-01-21 13:33:43'),
(676, 25, 11, 51, 0, NULL, '2023-01-21 13:34:14', '2023-01-21 13:34:14'),
(677, 25, 11, 52, 6, NULL, '2023-01-21 13:34:14', '2023-01-21 13:34:14'),
(678, 25, 11, 53, 0, NULL, '2023-01-21 13:34:14', '2023-01-21 13:34:14'),
(679, 25, 11, 54, 6, NULL, '2023-01-21 13:34:14', '2023-01-21 13:34:14'),
(680, 25, 11, 55, 0, NULL, '2023-01-21 13:34:14', '2023-01-21 13:34:14'),
(681, 25, 12, 56, 6, NULL, '2023-01-21 13:34:14', '2023-01-21 13:34:14'),
(682, 25, 12, 57, 6, NULL, '2023-01-21 13:34:14', '2023-01-21 13:34:14'),
(683, 25, 12, 58, 0, NULL, '2023-01-21 13:34:14', '2023-01-21 13:34:14'),
(684, 25, 12, 59, 0, NULL, '2023-01-21 13:34:14', '2023-01-21 13:34:14'),
(685, 25, 12, 60, 6, NULL, '2023-01-21 13:34:14', '2023-01-21 13:34:14'),
(686, 25, 13, 61, 6, NULL, '2023-01-21 13:34:14', '2023-01-21 13:34:14'),
(687, 25, 13, 62, 0, NULL, '2023-01-21 13:34:14', '2023-01-21 13:34:14'),
(688, 25, 13, 63, 6, NULL, '2023-01-21 13:34:14', '2023-01-21 13:34:14'),
(689, 25, 13, 64, 6, NULL, '2023-01-21 13:34:14', '2023-01-21 13:34:14'),
(690, 25, 13, 65, 6, NULL, '2023-01-21 13:34:14', '2023-01-21 13:34:14'),
(691, 25, 14, 66, 1, NULL, '2023-01-21 13:34:14', '2023-01-21 13:34:14'),
(692, 25, 14, 67, 6, NULL, '2023-01-21 13:34:14', '2023-01-21 13:34:14'),
(693, 25, 14, 68, 0, NULL, '2023-01-21 13:34:14', '2023-01-21 13:34:14'),
(694, 25, 14, 69, 6, NULL, '2023-01-21 13:34:14', '2023-01-21 13:34:14'),
(695, 25, 14, 70, 6, NULL, '2023-01-21 13:34:14', '2023-01-21 13:34:14'),
(696, 25, 15, 71, 6, NULL, '2023-01-21 13:34:14', '2023-01-21 13:34:14'),
(697, 25, 15, 72, 0, NULL, '2023-01-21 13:34:14', '2023-01-21 13:34:14'),
(698, 25, 15, 73, 1, NULL, '2023-01-21 13:34:14', '2023-01-21 13:34:14'),
(699, 25, 15, 74, 1, NULL, '2023-01-21 13:34:14', '2023-01-21 13:34:14'),
(700, 25, 15, 75, 1, NULL, '2023-01-21 13:34:14', '2023-01-21 13:34:14'),
(701, 26, 16, 76, 0, NULL, '2023-01-21 13:34:44', '2023-01-21 13:34:44'),
(702, 26, 16, 77, 1, NULL, '2023-01-21 13:34:44', '2023-01-21 13:34:44');
INSERT INTO `voice_audit_points` (`id`, `voice_audit_id`, `datapoint_category_id`, `datapoint_id`, `answer`, `deleted_at`, `created_at`, `updated_at`) VALUES
(703, 26, 16, 78, 0, NULL, '2023-01-21 13:34:44', '2023-01-21 13:34:44'),
(704, 26, 16, 79, 6, NULL, '2023-01-21 13:34:44', '2023-01-21 13:34:44'),
(705, 26, 16, 80, 1, NULL, '2023-01-21 13:34:44', '2023-01-21 13:34:44'),
(706, 26, 17, 81, 6, NULL, '2023-01-21 13:34:44', '2023-01-21 13:34:44'),
(707, 26, 17, 82, 0, NULL, '2023-01-21 13:34:44', '2023-01-21 13:34:44'),
(708, 26, 17, 83, 0, NULL, '2023-01-21 13:34:44', '2023-01-21 13:34:44'),
(709, 26, 17, 84, 6, NULL, '2023-01-21 13:34:44', '2023-01-21 13:34:44'),
(710, 26, 17, 85, 0, NULL, '2023-01-21 13:34:44', '2023-01-21 13:34:44'),
(711, 26, 18, 86, 0, NULL, '2023-01-21 13:34:44', '2023-01-21 13:34:44'),
(712, 26, 18, 87, 1, NULL, '2023-01-21 13:34:44', '2023-01-21 13:34:44'),
(713, 26, 18, 88, 6, NULL, '2023-01-21 13:34:44', '2023-01-21 13:34:44'),
(714, 26, 18, 89, 0, NULL, '2023-01-21 13:34:44', '2023-01-21 13:34:44'),
(715, 26, 18, 90, 6, NULL, '2023-01-21 13:34:44', '2023-01-21 13:34:44'),
(716, 26, 19, 91, 0, NULL, '2023-01-21 13:34:44', '2023-01-21 13:34:44'),
(717, 26, 19, 92, 0, NULL, '2023-01-21 13:34:44', '2023-01-21 13:34:44'),
(718, 26, 19, 93, 6, NULL, '2023-01-21 13:34:44', '2023-01-21 13:34:44'),
(719, 26, 19, 94, 6, NULL, '2023-01-21 13:34:44', '2023-01-21 13:34:44'),
(720, 26, 19, 95, 6, NULL, '2023-01-21 13:34:44', '2023-01-21 13:34:44'),
(721, 26, 20, 96, 1, NULL, '2023-01-21 13:34:44', '2023-01-21 13:34:44'),
(722, 26, 20, 97, 0, NULL, '2023-01-21 13:34:44', '2023-01-21 13:34:44'),
(723, 26, 20, 98, 0, NULL, '2023-01-21 13:34:44', '2023-01-21 13:34:44'),
(724, 26, 20, 99, 0, NULL, '2023-01-21 13:34:44', '2023-01-21 13:34:44'),
(725, 26, 20, 100, 1, NULL, '2023-01-21 13:34:44', '2023-01-21 13:34:44'),
(726, 27, 16, 76, 1, NULL, '2023-01-21 13:35:12', '2023-01-21 13:35:12'),
(727, 27, 16, 77, 1, NULL, '2023-01-21 13:35:12', '2023-01-21 13:35:12'),
(728, 27, 16, 78, 0, NULL, '2023-01-21 13:35:12', '2023-01-21 13:35:12'),
(729, 27, 16, 79, 6, NULL, '2023-01-21 13:35:12', '2023-01-21 13:35:12'),
(730, 27, 16, 80, 6, NULL, '2023-01-21 13:35:12', '2023-01-21 13:35:12'),
(731, 27, 17, 81, 0, NULL, '2023-01-21 13:35:12', '2023-01-21 13:35:12'),
(732, 27, 17, 82, 1, NULL, '2023-01-21 13:35:12', '2023-01-21 13:35:12'),
(733, 27, 17, 83, 0, NULL, '2023-01-21 13:35:12', '2023-01-21 13:35:12'),
(734, 27, 17, 84, 0, NULL, '2023-01-21 13:35:12', '2023-01-21 13:35:12'),
(735, 27, 17, 85, 6, NULL, '2023-01-21 13:35:12', '2023-01-21 13:35:12'),
(736, 27, 18, 86, 1, NULL, '2023-01-21 13:35:12', '2023-01-21 13:35:12'),
(737, 27, 18, 87, 1, NULL, '2023-01-21 13:35:12', '2023-01-21 13:35:12'),
(738, 27, 18, 88, 6, NULL, '2023-01-21 13:35:12', '2023-01-21 13:35:12'),
(739, 27, 18, 89, 0, NULL, '2023-01-21 13:35:12', '2023-01-21 13:35:12'),
(740, 27, 18, 90, 0, NULL, '2023-01-21 13:35:12', '2023-01-21 13:35:12'),
(741, 27, 19, 91, 1, NULL, '2023-01-21 13:35:12', '2023-01-21 13:35:12'),
(742, 27, 19, 92, 1, NULL, '2023-01-21 13:35:12', '2023-01-21 13:35:12'),
(743, 27, 19, 93, 1, NULL, '2023-01-21 13:35:12', '2023-01-21 13:35:12'),
(744, 27, 19, 94, 0, NULL, '2023-01-21 13:35:12', '2023-01-21 13:35:12'),
(745, 27, 19, 95, 6, NULL, '2023-01-21 13:35:12', '2023-01-21 13:35:12'),
(746, 27, 20, 96, 1, NULL, '2023-01-21 13:35:12', '2023-01-21 13:35:12'),
(747, 27, 20, 97, 6, NULL, '2023-01-21 13:35:12', '2023-01-21 13:35:12'),
(748, 27, 20, 98, 0, NULL, '2023-01-21 13:35:12', '2023-01-21 13:35:12'),
(749, 27, 20, 99, 1, NULL, '2023-01-21 13:35:12', '2023-01-21 13:35:12'),
(750, 27, 20, 100, 6, NULL, '2023-01-21 13:35:12', '2023-01-21 13:35:12'),
(751, 28, 16, 76, 6, NULL, '2023-01-21 13:35:49', '2023-01-21 13:35:49'),
(752, 28, 16, 77, 6, NULL, '2023-01-21 13:35:49', '2023-01-21 13:35:49'),
(753, 28, 16, 78, 6, NULL, '2023-01-21 13:35:49', '2023-01-21 13:35:49'),
(754, 28, 16, 79, 6, NULL, '2023-01-21 13:35:49', '2023-01-21 13:35:49'),
(755, 28, 16, 80, 6, NULL, '2023-01-21 13:35:49', '2023-01-21 13:35:49'),
(756, 28, 17, 81, 6, NULL, '2023-01-21 13:35:49', '2023-01-21 13:35:49'),
(757, 28, 17, 82, 6, NULL, '2023-01-21 13:35:49', '2023-01-21 13:35:49'),
(758, 28, 17, 83, 6, NULL, '2023-01-21 13:35:49', '2023-01-21 13:35:49'),
(759, 28, 17, 84, 6, NULL, '2023-01-21 13:35:49', '2023-01-21 13:35:49'),
(760, 28, 17, 85, 6, NULL, '2023-01-21 13:35:49', '2023-01-21 13:35:49'),
(761, 28, 18, 86, 6, NULL, '2023-01-21 13:35:49', '2023-01-21 13:35:49'),
(762, 28, 18, 87, 6, NULL, '2023-01-21 13:35:49', '2023-01-21 13:35:49'),
(763, 28, 18, 88, 6, NULL, '2023-01-21 13:35:49', '2023-01-21 13:35:49'),
(764, 28, 18, 89, 6, NULL, '2023-01-21 13:35:49', '2023-01-21 13:35:49'),
(765, 28, 18, 90, 6, NULL, '2023-01-21 13:35:49', '2023-01-21 13:35:49'),
(766, 28, 19, 91, 6, NULL, '2023-01-21 13:35:49', '2023-01-21 13:35:49'),
(767, 28, 19, 92, 6, NULL, '2023-01-21 13:35:49', '2023-01-21 13:35:49'),
(768, 28, 19, 93, 6, NULL, '2023-01-21 13:35:49', '2023-01-21 13:35:49'),
(769, 28, 19, 94, 6, NULL, '2023-01-21 13:35:49', '2023-01-21 13:35:49'),
(770, 28, 19, 95, 6, NULL, '2023-01-21 13:35:49', '2023-01-21 13:35:49'),
(771, 28, 20, 96, 6, NULL, '2023-01-21 13:35:49', '2023-01-21 13:35:49'),
(772, 28, 20, 97, 6, NULL, '2023-01-21 13:35:49', '2023-01-21 13:35:49'),
(773, 28, 20, 98, 6, NULL, '2023-01-21 13:35:49', '2023-01-21 13:35:49'),
(774, 28, 20, 99, 6, NULL, '2023-01-21 13:35:49', '2023-01-21 13:35:49'),
(775, 28, 20, 100, 6, NULL, '2023-01-21 13:35:49', '2023-01-21 13:35:49'),
(776, 1, 1, 1, 6, NULL, '2023-01-24 06:35:46', '2023-01-24 06:35:46'),
(777, 1, 1, 2, 6, NULL, '2023-01-24 06:35:47', '2023-01-24 06:35:47'),
(778, 1, 1, 3, 6, NULL, '2023-01-24 06:35:47', '2023-01-24 06:35:47'),
(779, 1, 1, 4, 6, NULL, '2023-01-24 06:35:47', '2023-01-24 06:35:47'),
(780, 1, 1, 5, 6, NULL, '2023-01-24 06:35:47', '2023-01-24 06:35:47'),
(781, 1, 2, 6, 6, NULL, '2023-01-24 06:35:47', '2023-01-24 06:35:47'),
(782, 1, 2, 7, 6, NULL, '2023-01-24 06:35:47', '2023-01-24 06:35:47'),
(783, 1, 2, 8, 6, NULL, '2023-01-24 06:35:47', '2023-01-24 06:35:47'),
(784, 1, 2, 9, 6, NULL, '2023-01-24 06:35:47', '2023-01-24 06:35:47'),
(785, 1, 2, 10, 6, NULL, '2023-01-24 06:35:47', '2023-01-24 06:35:47'),
(786, 1, 3, 11, 6, NULL, '2023-01-24 06:35:47', '2023-01-24 06:35:47'),
(787, 1, 3, 12, 6, NULL, '2023-01-24 06:35:47', '2023-01-24 06:35:47'),
(788, 1, 3, 13, 6, NULL, '2023-01-24 06:35:47', '2023-01-24 06:35:47'),
(789, 1, 3, 14, 6, NULL, '2023-01-24 06:35:47', '2023-01-24 06:35:47'),
(790, 1, 3, 15, 6, NULL, '2023-01-24 06:35:47', '2023-01-24 06:35:47'),
(791, 1, 4, 16, 6, NULL, '2023-01-24 06:35:47', '2023-01-24 06:35:47'),
(792, 1, 4, 17, 6, NULL, '2023-01-24 06:35:47', '2023-01-24 06:35:47'),
(793, 1, 4, 18, 6, NULL, '2023-01-24 06:35:47', '2023-01-24 06:35:47'),
(794, 1, 4, 19, 6, NULL, '2023-01-24 06:35:47', '2023-01-24 06:35:47'),
(795, 1, 4, 20, 6, NULL, '2023-01-24 06:35:47', '2023-01-24 06:35:47'),
(796, 1, 5, 21, 6, NULL, '2023-01-24 06:35:47', '2023-01-24 06:35:47'),
(797, 1, 5, 22, 6, NULL, '2023-01-24 06:35:47', '2023-01-24 06:35:47'),
(798, 1, 5, 23, 6, NULL, '2023-01-24 06:35:47', '2023-01-24 06:35:47'),
(799, 1, 5, 24, 6, NULL, '2023-01-24 06:35:47', '2023-01-24 06:35:47'),
(800, 1, 5, 25, 6, NULL, '2023-01-24 06:35:47', '2023-01-24 06:35:47'),
(801, 2, 1, 1, 6, NULL, '2023-01-24 06:36:36', '2023-01-24 06:36:36'),
(802, 2, 1, 2, 6, NULL, '2023-01-24 06:36:36', '2023-01-24 06:36:36'),
(803, 2, 1, 3, 6, NULL, '2023-01-24 06:36:36', '2023-01-24 06:36:36'),
(804, 2, 1, 4, 6, NULL, '2023-01-24 06:36:36', '2023-01-24 06:36:36'),
(805, 2, 1, 5, 6, NULL, '2023-01-24 06:36:36', '2023-01-24 06:36:36'),
(806, 2, 2, 6, 6, NULL, '2023-01-24 06:36:36', '2023-01-24 06:36:36'),
(807, 2, 2, 7, 6, NULL, '2023-01-24 06:36:36', '2023-01-24 06:36:36'),
(808, 2, 2, 8, 6, NULL, '2023-01-24 06:36:36', '2023-01-24 06:36:36'),
(809, 2, 2, 9, 6, NULL, '2023-01-24 06:36:36', '2023-01-24 06:36:36'),
(810, 2, 2, 10, 6, NULL, '2023-01-24 06:36:36', '2023-01-24 06:36:36'),
(811, 2, 3, 11, 6, NULL, '2023-01-24 06:36:36', '2023-01-24 06:36:36'),
(812, 2, 3, 12, 6, NULL, '2023-01-24 06:36:36', '2023-01-24 06:36:36'),
(813, 2, 3, 13, 6, NULL, '2023-01-24 06:36:36', '2023-01-24 06:36:36'),
(814, 2, 3, 14, 6, NULL, '2023-01-24 06:36:36', '2023-01-24 06:36:36'),
(815, 2, 3, 15, 6, NULL, '2023-01-24 06:36:36', '2023-01-24 06:36:36'),
(816, 2, 4, 16, 6, NULL, '2023-01-24 06:36:36', '2023-01-24 06:36:36'),
(817, 2, 4, 17, 6, NULL, '2023-01-24 06:36:36', '2023-01-24 06:36:36'),
(818, 2, 4, 18, 6, NULL, '2023-01-24 06:36:36', '2023-01-24 06:36:36'),
(819, 2, 4, 19, 6, NULL, '2023-01-24 06:36:36', '2023-01-24 06:36:36'),
(820, 2, 4, 20, 6, NULL, '2023-01-24 06:36:36', '2023-01-24 06:36:36'),
(821, 2, 5, 21, 6, NULL, '2023-01-24 06:36:36', '2023-01-24 06:36:36'),
(822, 2, 5, 22, 6, NULL, '2023-01-24 06:36:36', '2023-01-24 06:36:36'),
(823, 2, 5, 23, 6, NULL, '2023-01-24 06:36:36', '2023-01-24 06:36:36'),
(824, 2, 5, 24, 6, NULL, '2023-01-24 06:36:36', '2023-01-24 06:36:36'),
(825, 2, 5, 25, 6, NULL, '2023-01-24 06:36:36', '2023-01-24 06:36:36'),
(826, 3, 6, 26, 6, NULL, '2023-01-24 08:24:46', '2023-01-24 08:24:46'),
(827, 3, 6, 27, 6, NULL, '2023-01-24 08:24:46', '2023-01-24 08:24:46'),
(828, 3, 6, 28, 6, NULL, '2023-01-24 08:24:46', '2023-01-24 08:24:46'),
(829, 3, 6, 29, 6, NULL, '2023-01-24 08:24:46', '2023-01-24 08:24:46'),
(830, 3, 6, 30, 6, NULL, '2023-01-24 08:24:46', '2023-01-24 08:24:46'),
(831, 3, 7, 31, 6, NULL, '2023-01-24 08:24:46', '2023-01-24 08:24:46'),
(832, 3, 7, 32, 6, NULL, '2023-01-24 08:24:46', '2023-01-24 08:24:46'),
(833, 3, 7, 33, 6, NULL, '2023-01-24 08:24:46', '2023-01-24 08:24:46'),
(834, 3, 7, 34, 6, NULL, '2023-01-24 08:24:46', '2023-01-24 08:24:46'),
(835, 3, 7, 35, 6, NULL, '2023-01-24 08:24:46', '2023-01-24 08:24:46'),
(836, 3, 8, 36, 6, NULL, '2023-01-24 08:24:46', '2023-01-24 08:24:46'),
(837, 3, 8, 37, 6, NULL, '2023-01-24 08:24:46', '2023-01-24 08:24:46'),
(838, 3, 8, 38, 6, NULL, '2023-01-24 08:24:46', '2023-01-24 08:24:46'),
(839, 3, 8, 39, 6, NULL, '2023-01-24 08:24:47', '2023-01-24 08:24:47'),
(840, 3, 8, 40, 6, NULL, '2023-01-24 08:24:47', '2023-01-24 08:24:47'),
(841, 3, 9, 41, 6, NULL, '2023-01-24 08:24:47', '2023-01-24 08:24:47'),
(842, 3, 9, 42, 6, NULL, '2023-01-24 08:24:47', '2023-01-24 08:24:47'),
(843, 3, 9, 43, 6, NULL, '2023-01-24 08:24:47', '2023-01-24 08:24:47'),
(844, 3, 9, 44, 6, NULL, '2023-01-24 08:24:47', '2023-01-24 08:24:47'),
(845, 3, 9, 45, 6, NULL, '2023-01-24 08:24:47', '2023-01-24 08:24:47'),
(846, 3, 10, 46, 6, NULL, '2023-01-24 08:24:47', '2023-01-24 08:24:47'),
(847, 3, 10, 47, 6, NULL, '2023-01-24 08:24:47', '2023-01-24 08:24:47'),
(848, 3, 10, 48, 6, NULL, '2023-01-24 08:24:47', '2023-01-24 08:24:47'),
(849, 3, 10, 49, 6, NULL, '2023-01-24 08:24:47', '2023-01-24 08:24:47'),
(850, 3, 10, 50, 6, NULL, '2023-01-24 08:24:47', '2023-01-24 08:24:47'),
(851, 4, 6, 26, 6, NULL, '2023-01-24 08:25:28', '2023-01-24 08:25:28'),
(852, 4, 6, 27, 6, NULL, '2023-01-24 08:25:28', '2023-01-24 08:25:28'),
(853, 4, 6, 28, 6, NULL, '2023-01-24 08:25:28', '2023-01-24 08:25:28'),
(854, 4, 6, 29, 6, NULL, '2023-01-24 08:25:28', '2023-01-24 08:25:28'),
(855, 4, 6, 30, 6, NULL, '2023-01-24 08:25:28', '2023-01-24 08:25:28'),
(856, 4, 7, 31, 6, NULL, '2023-01-24 08:25:28', '2023-01-24 08:25:28'),
(857, 4, 7, 32, 6, NULL, '2023-01-24 08:25:28', '2023-01-24 08:25:28'),
(858, 4, 7, 33, 6, NULL, '2023-01-24 08:25:28', '2023-01-24 08:25:28'),
(859, 4, 7, 34, 6, NULL, '2023-01-24 08:25:28', '2023-01-24 08:25:28'),
(860, 4, 7, 35, 6, NULL, '2023-01-24 08:25:28', '2023-01-24 08:25:28'),
(861, 4, 8, 36, 6, NULL, '2023-01-24 08:25:28', '2023-01-24 08:25:28'),
(862, 4, 8, 37, 6, NULL, '2023-01-24 08:25:28', '2023-01-24 08:25:28'),
(863, 4, 8, 38, 6, NULL, '2023-01-24 08:25:28', '2023-01-24 08:25:28'),
(864, 4, 8, 39, 6, NULL, '2023-01-24 08:25:28', '2023-01-24 08:25:28'),
(865, 4, 8, 40, 6, NULL, '2023-01-24 08:25:28', '2023-01-24 08:25:28'),
(866, 4, 9, 41, 6, NULL, '2023-01-24 08:25:29', '2023-01-24 08:25:29'),
(867, 4, 9, 42, 6, NULL, '2023-01-24 08:25:29', '2023-01-24 08:25:29'),
(868, 4, 9, 43, 6, NULL, '2023-01-24 08:25:29', '2023-01-24 08:25:29'),
(869, 4, 9, 44, 6, NULL, '2023-01-24 08:25:29', '2023-01-24 08:25:29'),
(870, 4, 9, 45, 6, NULL, '2023-01-24 08:25:29', '2023-01-24 08:25:29'),
(871, 4, 10, 46, 6, NULL, '2023-01-24 08:25:29', '2023-01-24 08:25:29'),
(872, 4, 10, 47, 6, NULL, '2023-01-24 08:25:29', '2023-01-24 08:25:29'),
(873, 4, 10, 48, 6, NULL, '2023-01-24 08:25:29', '2023-01-24 08:25:29'),
(874, 4, 10, 49, 6, NULL, '2023-01-24 08:25:29', '2023-01-24 08:25:29'),
(875, 4, 10, 50, 6, NULL, '2023-01-24 08:25:29', '2023-01-24 08:25:29'),
(876, 5, 11, 51, 6, NULL, '2023-01-24 08:31:09', '2023-01-24 08:31:09'),
(877, 5, 11, 52, 6, NULL, '2023-01-24 08:31:09', '2023-01-24 08:31:09'),
(878, 5, 11, 53, 6, NULL, '2023-01-24 08:31:09', '2023-01-24 08:31:09'),
(879, 5, 11, 54, 6, NULL, '2023-01-24 08:31:09', '2023-01-24 08:31:09'),
(880, 5, 11, 55, 6, NULL, '2023-01-24 08:31:09', '2023-01-24 08:31:09'),
(881, 5, 12, 56, 6, NULL, '2023-01-24 08:31:09', '2023-01-24 08:31:09'),
(882, 5, 12, 57, 6, NULL, '2023-01-24 08:31:09', '2023-01-24 08:31:09'),
(883, 5, 12, 58, 6, NULL, '2023-01-24 08:31:09', '2023-01-24 08:31:09'),
(884, 5, 12, 59, 6, NULL, '2023-01-24 08:31:09', '2023-01-24 08:31:09'),
(885, 5, 12, 60, 6, NULL, '2023-01-24 08:31:09', '2023-01-24 08:31:09'),
(886, 5, 13, 61, 6, NULL, '2023-01-24 08:31:09', '2023-01-24 08:31:09'),
(887, 5, 13, 62, 6, NULL, '2023-01-24 08:31:09', '2023-01-24 08:31:09'),
(888, 5, 13, 63, 6, NULL, '2023-01-24 08:31:09', '2023-01-24 08:31:09'),
(889, 5, 13, 64, 6, NULL, '2023-01-24 08:31:09', '2023-01-24 08:31:09'),
(890, 5, 13, 65, 6, NULL, '2023-01-24 08:31:09', '2023-01-24 08:31:09'),
(891, 5, 14, 66, 6, NULL, '2023-01-24 08:31:09', '2023-01-24 08:31:09'),
(892, 5, 14, 67, 6, NULL, '2023-01-24 08:31:09', '2023-01-24 08:31:09'),
(893, 5, 14, 68, 6, NULL, '2023-01-24 08:31:09', '2023-01-24 08:31:09'),
(894, 5, 14, 69, 6, NULL, '2023-01-24 08:31:09', '2023-01-24 08:31:09'),
(895, 5, 14, 70, 6, NULL, '2023-01-24 08:31:09', '2023-01-24 08:31:09'),
(896, 5, 15, 71, 6, NULL, '2023-01-24 08:31:09', '2023-01-24 08:31:09'),
(897, 5, 15, 72, 6, NULL, '2023-01-24 08:31:09', '2023-01-24 08:31:09'),
(898, 5, 15, 73, 6, NULL, '2023-01-24 08:31:09', '2023-01-24 08:31:09'),
(899, 5, 15, 74, 6, NULL, '2023-01-24 08:31:09', '2023-01-24 08:31:09'),
(900, 5, 15, 75, 6, NULL, '2023-01-24 08:31:09', '2023-01-24 08:31:09'),
(901, 6, 11, 51, 6, NULL, '2023-01-24 08:41:05', '2023-01-24 08:41:05'),
(902, 6, 11, 52, 6, NULL, '2023-01-24 08:41:05', '2023-01-24 08:41:05'),
(903, 6, 11, 53, 6, NULL, '2023-01-24 08:41:05', '2023-01-24 08:41:05'),
(904, 6, 11, 54, 6, NULL, '2023-01-24 08:41:05', '2023-01-24 08:41:05'),
(905, 6, 11, 55, 6, NULL, '2023-01-24 08:41:05', '2023-01-24 08:41:05'),
(906, 6, 12, 56, 6, NULL, '2023-01-24 08:41:05', '2023-01-24 08:41:05'),
(907, 6, 12, 57, 6, NULL, '2023-01-24 08:41:05', '2023-01-24 08:41:05'),
(908, 6, 12, 58, 6, NULL, '2023-01-24 08:41:05', '2023-01-24 08:41:05'),
(909, 6, 12, 59, 6, NULL, '2023-01-24 08:41:05', '2023-01-24 08:41:05'),
(910, 6, 12, 60, 6, NULL, '2023-01-24 08:41:06', '2023-01-24 08:41:06'),
(911, 6, 13, 61, 6, NULL, '2023-01-24 08:41:06', '2023-01-24 08:41:06'),
(912, 6, 13, 62, 6, NULL, '2023-01-24 08:41:06', '2023-01-24 08:41:06'),
(913, 6, 13, 63, 6, NULL, '2023-01-24 08:41:06', '2023-01-24 08:41:06'),
(914, 6, 13, 64, 6, NULL, '2023-01-24 08:41:06', '2023-01-24 08:41:06'),
(915, 6, 13, 65, 6, NULL, '2023-01-24 08:41:06', '2023-01-24 08:41:06'),
(916, 6, 14, 66, 6, NULL, '2023-01-24 08:41:06', '2023-01-24 08:41:06'),
(917, 6, 14, 67, 6, NULL, '2023-01-24 08:41:06', '2023-01-24 08:41:06'),
(918, 6, 14, 68, 6, NULL, '2023-01-24 08:41:06', '2023-01-24 08:41:06'),
(919, 6, 14, 69, 6, NULL, '2023-01-24 08:41:06', '2023-01-24 08:41:06'),
(920, 6, 14, 70, 6, NULL, '2023-01-24 08:41:06', '2023-01-24 08:41:06'),
(921, 6, 15, 71, 6, NULL, '2023-01-24 08:41:06', '2023-01-24 08:41:06'),
(922, 6, 15, 72, 6, NULL, '2023-01-24 08:41:06', '2023-01-24 08:41:06'),
(923, 6, 15, 73, 6, NULL, '2023-01-24 08:41:06', '2023-01-24 08:41:06'),
(924, 6, 15, 74, 6, NULL, '2023-01-24 08:41:06', '2023-01-24 08:41:06'),
(925, 6, 15, 75, 6, NULL, '2023-01-24 08:41:06', '2023-01-24 08:41:06'),
(926, 7, 16, 76, 6, NULL, '2023-01-24 08:41:53', '2023-01-24 08:41:53'),
(927, 7, 16, 77, 6, NULL, '2023-01-24 08:41:53', '2023-01-24 08:41:53'),
(928, 7, 16, 78, 6, NULL, '2023-01-24 08:41:53', '2023-01-24 08:41:53'),
(929, 7, 16, 79, 6, NULL, '2023-01-24 08:41:53', '2023-01-24 08:41:53'),
(930, 7, 16, 80, 6, NULL, '2023-01-24 08:41:53', '2023-01-24 08:41:53'),
(931, 7, 17, 81, 6, NULL, '2023-01-24 08:41:53', '2023-01-24 08:41:53'),
(932, 7, 17, 82, 6, NULL, '2023-01-24 08:41:53', '2023-01-24 08:41:53'),
(933, 7, 17, 83, 6, NULL, '2023-01-24 08:41:53', '2023-01-24 08:41:53'),
(934, 7, 17, 84, 6, NULL, '2023-01-24 08:41:53', '2023-01-24 08:41:53'),
(935, 7, 17, 85, 6, NULL, '2023-01-24 08:41:53', '2023-01-24 08:41:53'),
(936, 7, 18, 86, 6, NULL, '2023-01-24 08:41:53', '2023-01-24 08:41:53'),
(937, 7, 18, 87, 6, NULL, '2023-01-24 08:41:53', '2023-01-24 08:41:53'),
(938, 7, 18, 88, 6, NULL, '2023-01-24 08:41:53', '2023-01-24 08:41:53'),
(939, 7, 18, 89, 6, NULL, '2023-01-24 08:41:53', '2023-01-24 08:41:53'),
(940, 7, 18, 90, 6, NULL, '2023-01-24 08:41:53', '2023-01-24 08:41:53'),
(941, 7, 19, 91, 6, NULL, '2023-01-24 08:41:53', '2023-01-24 08:41:53'),
(942, 7, 19, 92, 6, NULL, '2023-01-24 08:41:53', '2023-01-24 08:41:53'),
(943, 7, 19, 93, 6, NULL, '2023-01-24 08:41:54', '2023-01-24 08:41:54'),
(944, 7, 19, 94, 6, NULL, '2023-01-24 08:41:54', '2023-01-24 08:41:54'),
(945, 7, 19, 95, 6, NULL, '2023-01-24 08:41:54', '2023-01-24 08:41:54'),
(946, 7, 20, 96, 6, NULL, '2023-01-24 08:41:54', '2023-01-24 08:41:54'),
(947, 7, 20, 97, 6, NULL, '2023-01-24 08:41:54', '2023-01-24 08:41:54'),
(948, 7, 20, 98, 6, NULL, '2023-01-24 08:41:54', '2023-01-24 08:41:54'),
(949, 7, 20, 99, 6, NULL, '2023-01-24 08:41:54', '2023-01-24 08:41:54'),
(950, 7, 20, 100, 6, NULL, '2023-01-24 08:41:54', '2023-01-24 08:41:54'),
(951, 8, 16, 76, 6, NULL, '2023-01-24 08:42:21', '2023-01-24 08:42:21'),
(952, 8, 16, 77, 6, NULL, '2023-01-24 08:42:21', '2023-01-24 08:42:21'),
(953, 8, 16, 78, 6, NULL, '2023-01-24 08:42:21', '2023-01-24 08:42:21'),
(954, 8, 16, 79, 6, NULL, '2023-01-24 08:42:21', '2023-01-24 08:42:21'),
(955, 8, 16, 80, 6, NULL, '2023-01-24 08:42:21', '2023-01-24 08:42:21'),
(956, 8, 17, 81, 6, NULL, '2023-01-24 08:42:21', '2023-01-24 08:42:21'),
(957, 8, 17, 82, 6, NULL, '2023-01-24 08:42:21', '2023-01-24 08:42:21'),
(958, 8, 17, 83, 6, NULL, '2023-01-24 08:42:21', '2023-01-24 08:42:21'),
(959, 8, 17, 84, 6, NULL, '2023-01-24 08:42:21', '2023-01-24 08:42:21'),
(960, 8, 17, 85, 6, NULL, '2023-01-24 08:42:21', '2023-01-24 08:42:21'),
(961, 8, 18, 86, 6, NULL, '2023-01-24 08:42:21', '2023-01-24 08:42:21'),
(962, 8, 18, 87, 6, NULL, '2023-01-24 08:42:21', '2023-01-24 08:42:21'),
(963, 8, 18, 88, 6, NULL, '2023-01-24 08:42:21', '2023-01-24 08:42:21'),
(964, 8, 18, 89, 6, NULL, '2023-01-24 08:42:21', '2023-01-24 08:42:21'),
(965, 8, 18, 90, 6, NULL, '2023-01-24 08:42:21', '2023-01-24 08:42:21'),
(966, 8, 19, 91, 6, NULL, '2023-01-24 08:42:21', '2023-01-24 08:42:21'),
(967, 8, 19, 92, 6, NULL, '2023-01-24 08:42:21', '2023-01-24 08:42:21'),
(968, 8, 19, 93, 6, NULL, '2023-01-24 08:42:21', '2023-01-24 08:42:21'),
(969, 8, 19, 94, 6, NULL, '2023-01-24 08:42:21', '2023-01-24 08:42:21'),
(970, 8, 19, 95, 6, NULL, '2023-01-24 08:42:21', '2023-01-24 08:42:21'),
(971, 8, 20, 96, 6, NULL, '2023-01-24 08:42:22', '2023-01-24 08:42:22'),
(972, 8, 20, 97, 6, NULL, '2023-01-24 08:42:22', '2023-01-24 08:42:22'),
(973, 8, 20, 98, 6, NULL, '2023-01-24 08:42:22', '2023-01-24 08:42:22'),
(974, 8, 20, 99, 6, NULL, '2023-01-24 08:42:22', '2023-01-24 08:42:22'),
(975, 8, 20, 100, 6, NULL, '2023-01-24 08:42:22', '2023-01-24 08:42:22'),
(976, 9, 11, 51, 6, NULL, '2023-01-24 08:43:30', '2023-01-24 08:43:30'),
(977, 9, 11, 52, 6, NULL, '2023-01-24 08:43:30', '2023-01-24 08:43:30'),
(978, 9, 11, 53, 6, NULL, '2023-01-24 08:43:30', '2023-01-24 08:43:30'),
(979, 9, 11, 54, 6, NULL, '2023-01-24 08:43:30', '2023-01-24 08:43:30'),
(980, 9, 11, 55, 6, NULL, '2023-01-24 08:43:30', '2023-01-24 08:43:30'),
(981, 9, 12, 56, 6, NULL, '2023-01-24 08:43:30', '2023-01-24 08:43:30'),
(982, 9, 12, 57, 6, NULL, '2023-01-24 08:43:30', '2023-01-24 08:43:30'),
(983, 9, 12, 58, 6, NULL, '2023-01-24 08:43:30', '2023-01-24 08:43:30'),
(984, 9, 12, 59, 6, NULL, '2023-01-24 08:43:30', '2023-01-24 08:43:30'),
(985, 9, 12, 60, 6, NULL, '2023-01-24 08:43:30', '2023-01-24 08:43:30'),
(986, 9, 13, 61, 6, NULL, '2023-01-24 08:43:30', '2023-01-24 08:43:30'),
(987, 9, 13, 62, 6, NULL, '2023-01-24 08:43:30', '2023-01-24 08:43:30'),
(988, 9, 13, 63, 6, NULL, '2023-01-24 08:43:30', '2023-01-24 08:43:30'),
(989, 9, 13, 64, 6, NULL, '2023-01-24 08:43:30', '2023-01-24 08:43:30'),
(990, 9, 13, 65, 6, NULL, '2023-01-24 08:43:30', '2023-01-24 08:43:30'),
(991, 9, 14, 66, 6, NULL, '2023-01-24 08:43:30', '2023-01-24 08:43:30'),
(992, 9, 14, 67, 6, NULL, '2023-01-24 08:43:30', '2023-01-24 08:43:30'),
(993, 9, 14, 68, 6, NULL, '2023-01-24 08:43:30', '2023-01-24 08:43:30'),
(994, 9, 14, 69, 6, NULL, '2023-01-24 08:43:30', '2023-01-24 08:43:30'),
(995, 9, 14, 70, 6, NULL, '2023-01-24 08:43:30', '2023-01-24 08:43:30'),
(996, 9, 15, 71, 6, NULL, '2023-01-24 08:43:30', '2023-01-24 08:43:30'),
(997, 9, 15, 72, 6, NULL, '2023-01-24 08:43:30', '2023-01-24 08:43:30'),
(998, 9, 15, 73, 6, NULL, '2023-01-24 08:43:30', '2023-01-24 08:43:30'),
(999, 9, 15, 74, 6, NULL, '2023-01-24 08:43:30', '2023-01-24 08:43:30'),
(1000, 9, 15, 75, 6, NULL, '2023-01-24 08:43:30', '2023-01-24 08:43:30'),
(1001, 10, 11, 51, 6, NULL, '2023-01-24 08:44:00', '2023-01-24 08:44:00'),
(1002, 10, 11, 52, 6, NULL, '2023-01-24 08:44:00', '2023-01-24 08:44:00'),
(1003, 10, 11, 53, 6, NULL, '2023-01-24 08:44:00', '2023-01-24 08:44:00'),
(1004, 10, 11, 54, 6, NULL, '2023-01-24 08:44:00', '2023-01-24 08:44:00'),
(1005, 10, 11, 55, 6, NULL, '2023-01-24 08:44:00', '2023-01-24 08:44:00'),
(1006, 10, 12, 56, 6, NULL, '2023-01-24 08:44:00', '2023-01-24 08:44:00'),
(1007, 10, 12, 57, 6, NULL, '2023-01-24 08:44:00', '2023-01-24 08:44:00'),
(1008, 10, 12, 58, 6, NULL, '2023-01-24 08:44:00', '2023-01-24 08:44:00'),
(1009, 10, 12, 59, 6, NULL, '2023-01-24 08:44:00', '2023-01-24 08:44:00'),
(1010, 10, 12, 60, 6, NULL, '2023-01-24 08:44:00', '2023-01-24 08:44:00'),
(1011, 10, 13, 61, 6, NULL, '2023-01-24 08:44:00', '2023-01-24 08:44:00'),
(1012, 10, 13, 62, 6, NULL, '2023-01-24 08:44:00', '2023-01-24 08:44:00'),
(1013, 10, 13, 63, 6, NULL, '2023-01-24 08:44:00', '2023-01-24 08:44:00'),
(1014, 10, 13, 64, 6, NULL, '2023-01-24 08:44:00', '2023-01-24 08:44:00'),
(1015, 10, 13, 65, 6, NULL, '2023-01-24 08:44:00', '2023-01-24 08:44:00'),
(1016, 10, 14, 66, 6, NULL, '2023-01-24 08:44:00', '2023-01-24 08:44:00'),
(1017, 10, 14, 67, 6, NULL, '2023-01-24 08:44:00', '2023-01-24 08:44:00'),
(1018, 10, 14, 68, 6, NULL, '2023-01-24 08:44:00', '2023-01-24 08:44:00'),
(1019, 10, 14, 69, 6, NULL, '2023-01-24 08:44:00', '2023-01-24 08:44:00'),
(1020, 10, 14, 70, 6, NULL, '2023-01-24 08:44:00', '2023-01-24 08:44:00'),
(1021, 10, 15, 71, 6, NULL, '2023-01-24 08:44:00', '2023-01-24 08:44:00'),
(1022, 10, 15, 72, 6, NULL, '2023-01-24 08:44:01', '2023-01-24 08:44:01'),
(1023, 10, 15, 73, 6, NULL, '2023-01-24 08:44:01', '2023-01-24 08:44:01'),
(1024, 10, 15, 74, 6, NULL, '2023-01-24 08:44:01', '2023-01-24 08:44:01'),
(1025, 10, 15, 75, 6, NULL, '2023-01-24 08:44:01', '2023-01-24 08:44:01'),
(1026, 11, 11, 51, 6, NULL, '2023-01-24 08:44:34', '2023-01-24 08:44:34'),
(1027, 11, 11, 52, 6, NULL, '2023-01-24 08:44:34', '2023-01-24 08:44:34'),
(1028, 11, 11, 53, 6, NULL, '2023-01-24 08:44:34', '2023-01-24 08:44:34'),
(1029, 11, 11, 54, 6, NULL, '2023-01-24 08:44:34', '2023-01-24 08:44:34'),
(1030, 11, 11, 55, 6, NULL, '2023-01-24 08:44:34', '2023-01-24 08:44:34'),
(1031, 11, 12, 56, 6, NULL, '2023-01-24 08:44:34', '2023-01-24 08:44:34'),
(1032, 11, 12, 57, 6, NULL, '2023-01-24 08:44:34', '2023-01-24 08:44:34'),
(1033, 11, 12, 58, 6, NULL, '2023-01-24 08:44:34', '2023-01-24 08:44:34'),
(1034, 11, 12, 59, 6, NULL, '2023-01-24 08:44:34', '2023-01-24 08:44:34'),
(1035, 11, 12, 60, 6, NULL, '2023-01-24 08:44:34', '2023-01-24 08:44:34'),
(1036, 11, 13, 61, 6, NULL, '2023-01-24 08:44:34', '2023-01-24 08:44:34'),
(1037, 11, 13, 62, 6, NULL, '2023-01-24 08:44:34', '2023-01-24 08:44:34'),
(1038, 11, 13, 63, 6, NULL, '2023-01-24 08:44:34', '2023-01-24 08:44:34'),
(1039, 11, 13, 64, 6, NULL, '2023-01-24 08:44:34', '2023-01-24 08:44:34'),
(1040, 11, 13, 65, 6, NULL, '2023-01-24 08:44:34', '2023-01-24 08:44:34'),
(1041, 11, 14, 66, 6, NULL, '2023-01-24 08:44:34', '2023-01-24 08:44:34'),
(1042, 11, 14, 67, 6, NULL, '2023-01-24 08:44:34', '2023-01-24 08:44:34'),
(1043, 11, 14, 68, 6, NULL, '2023-01-24 08:44:34', '2023-01-24 08:44:34'),
(1044, 11, 14, 69, 6, NULL, '2023-01-24 08:44:34', '2023-01-24 08:44:34'),
(1045, 11, 14, 70, 6, NULL, '2023-01-24 08:44:34', '2023-01-24 08:44:34'),
(1046, 11, 15, 71, 6, NULL, '2023-01-24 08:44:34', '2023-01-24 08:44:34'),
(1047, 11, 15, 72, 6, NULL, '2023-01-24 08:44:34', '2023-01-24 08:44:34'),
(1048, 11, 15, 73, 6, NULL, '2023-01-24 08:44:34', '2023-01-24 08:44:34'),
(1049, 11, 15, 74, 6, NULL, '2023-01-24 08:44:34', '2023-01-24 08:44:34'),
(1050, 11, 15, 75, 6, NULL, '2023-01-24 08:44:34', '2023-01-24 08:44:34'),
(1051, 12, 11, 51, 6, NULL, '2023-01-24 08:45:07', '2023-01-24 08:45:07'),
(1052, 12, 11, 52, 6, NULL, '2023-01-24 08:45:07', '2023-01-24 08:45:07'),
(1053, 12, 11, 53, 6, NULL, '2023-01-24 08:45:07', '2023-01-24 08:45:07'),
(1054, 12, 11, 54, 6, NULL, '2023-01-24 08:45:07', '2023-01-24 08:45:07'),
(1055, 12, 11, 55, 6, NULL, '2023-01-24 08:45:07', '2023-01-24 08:45:07'),
(1056, 12, 12, 56, 6, NULL, '2023-01-24 08:45:07', '2023-01-24 08:45:07'),
(1057, 12, 12, 57, 6, NULL, '2023-01-24 08:45:07', '2023-01-24 08:45:07'),
(1058, 12, 12, 58, 6, NULL, '2023-01-24 08:45:07', '2023-01-24 08:45:07'),
(1059, 12, 12, 59, 6, NULL, '2023-01-24 08:45:07', '2023-01-24 08:45:07'),
(1060, 12, 12, 60, 6, NULL, '2023-01-24 08:45:07', '2023-01-24 08:45:07'),
(1061, 12, 13, 61, 6, NULL, '2023-01-24 08:45:07', '2023-01-24 08:45:07'),
(1062, 12, 13, 62, 6, NULL, '2023-01-24 08:45:07', '2023-01-24 08:45:07'),
(1063, 12, 13, 63, 6, NULL, '2023-01-24 08:45:07', '2023-01-24 08:45:07'),
(1064, 12, 13, 64, 6, NULL, '2023-01-24 08:45:07', '2023-01-24 08:45:07'),
(1065, 12, 13, 65, 6, NULL, '2023-01-24 08:45:07', '2023-01-24 08:45:07'),
(1066, 12, 14, 66, 6, NULL, '2023-01-24 08:45:07', '2023-01-24 08:45:07'),
(1067, 12, 14, 67, 6, NULL, '2023-01-24 08:45:07', '2023-01-24 08:45:07'),
(1068, 12, 14, 68, 6, NULL, '2023-01-24 08:45:07', '2023-01-24 08:45:07'),
(1069, 12, 14, 69, 6, NULL, '2023-01-24 08:45:07', '2023-01-24 08:45:07'),
(1070, 12, 14, 70, 6, NULL, '2023-01-24 08:45:07', '2023-01-24 08:45:07'),
(1071, 12, 15, 71, 6, NULL, '2023-01-24 08:45:07', '2023-01-24 08:45:07'),
(1072, 12, 15, 72, 6, NULL, '2023-01-24 08:45:07', '2023-01-24 08:45:07'),
(1073, 12, 15, 73, 6, NULL, '2023-01-24 08:45:07', '2023-01-24 08:45:07'),
(1074, 12, 15, 74, 6, NULL, '2023-01-24 08:45:07', '2023-01-24 08:45:07'),
(1075, 12, 15, 75, 6, NULL, '2023-01-24 08:45:07', '2023-01-24 08:45:07'),
(1076, 13, 11, 51, 6, NULL, '2023-01-24 08:45:52', '2023-01-24 08:45:52'),
(1077, 13, 11, 52, 6, NULL, '2023-01-24 08:45:52', '2023-01-24 08:45:52'),
(1078, 13, 11, 53, 6, NULL, '2023-01-24 08:45:52', '2023-01-24 08:45:52'),
(1079, 13, 11, 54, 6, NULL, '2023-01-24 08:45:52', '2023-01-24 08:45:52'),
(1080, 13, 11, 55, 6, NULL, '2023-01-24 08:45:52', '2023-01-24 08:45:52'),
(1081, 13, 12, 56, 6, NULL, '2023-01-24 08:45:52', '2023-01-24 08:45:52'),
(1082, 13, 12, 57, 6, NULL, '2023-01-24 08:45:52', '2023-01-24 08:45:52'),
(1083, 13, 12, 58, 6, NULL, '2023-01-24 08:45:52', '2023-01-24 08:45:52'),
(1084, 13, 12, 59, 6, NULL, '2023-01-24 08:45:52', '2023-01-24 08:45:52'),
(1085, 13, 12, 60, 6, NULL, '2023-01-24 08:45:52', '2023-01-24 08:45:52'),
(1086, 13, 13, 61, 6, NULL, '2023-01-24 08:45:52', '2023-01-24 08:45:52'),
(1087, 13, 13, 62, 6, NULL, '2023-01-24 08:45:52', '2023-01-24 08:45:52'),
(1088, 13, 13, 63, 6, NULL, '2023-01-24 08:45:52', '2023-01-24 08:45:52'),
(1089, 13, 13, 64, 6, NULL, '2023-01-24 08:45:52', '2023-01-24 08:45:52'),
(1090, 13, 13, 65, 6, NULL, '2023-01-24 08:45:52', '2023-01-24 08:45:52'),
(1091, 13, 14, 66, 6, NULL, '2023-01-24 08:45:52', '2023-01-24 08:45:52'),
(1092, 13, 14, 67, 6, NULL, '2023-01-24 08:45:52', '2023-01-24 08:45:52'),
(1093, 13, 14, 68, 6, NULL, '2023-01-24 08:45:52', '2023-01-24 08:45:52'),
(1094, 13, 14, 69, 6, NULL, '2023-01-24 08:45:52', '2023-01-24 08:45:52'),
(1095, 13, 14, 70, 6, NULL, '2023-01-24 08:45:52', '2023-01-24 08:45:52'),
(1096, 13, 15, 71, 6, NULL, '2023-01-24 08:45:52', '2023-01-24 08:45:52'),
(1097, 13, 15, 72, 6, NULL, '2023-01-24 08:45:52', '2023-01-24 08:45:52'),
(1098, 13, 15, 73, 6, NULL, '2023-01-24 08:45:52', '2023-01-24 08:45:52'),
(1099, 13, 15, 74, 6, NULL, '2023-01-24 08:45:52', '2023-01-24 08:45:52'),
(1100, 13, 15, 75, 6, NULL, '2023-01-24 08:45:52', '2023-01-24 08:45:52'),
(1101, 14, 6, 26, 6, NULL, '2023-01-24 08:46:40', '2023-01-24 08:46:40'),
(1102, 14, 6, 27, 6, NULL, '2023-01-24 08:46:40', '2023-01-24 08:46:40'),
(1103, 14, 6, 28, 6, NULL, '2023-01-24 08:46:40', '2023-01-24 08:46:40'),
(1104, 14, 6, 29, 6, NULL, '2023-01-24 08:46:40', '2023-01-24 08:46:40'),
(1105, 14, 6, 30, 6, NULL, '2023-01-24 08:46:40', '2023-01-24 08:46:40'),
(1106, 14, 7, 31, 6, NULL, '2023-01-24 08:46:40', '2023-01-24 08:46:40'),
(1107, 14, 7, 32, 6, NULL, '2023-01-24 08:46:40', '2023-01-24 08:46:40'),
(1108, 14, 7, 33, 6, NULL, '2023-01-24 08:46:40', '2023-01-24 08:46:40'),
(1109, 14, 7, 34, 6, NULL, '2023-01-24 08:46:40', '2023-01-24 08:46:40'),
(1110, 14, 7, 35, 6, NULL, '2023-01-24 08:46:40', '2023-01-24 08:46:40'),
(1111, 14, 8, 36, 6, NULL, '2023-01-24 08:46:40', '2023-01-24 08:46:40'),
(1112, 14, 8, 37, 6, NULL, '2023-01-24 08:46:40', '2023-01-24 08:46:40'),
(1113, 14, 8, 38, 6, NULL, '2023-01-24 08:46:40', '2023-01-24 08:46:40'),
(1114, 14, 8, 39, 6, NULL, '2023-01-24 08:46:40', '2023-01-24 08:46:40'),
(1115, 14, 8, 40, 6, NULL, '2023-01-24 08:46:40', '2023-01-24 08:46:40'),
(1116, 14, 9, 41, 6, NULL, '2023-01-24 08:46:40', '2023-01-24 08:46:40'),
(1117, 14, 9, 42, 6, NULL, '2023-01-24 08:46:40', '2023-01-24 08:46:40'),
(1118, 14, 9, 43, 6, NULL, '2023-01-24 08:46:40', '2023-01-24 08:46:40'),
(1119, 14, 9, 44, 6, NULL, '2023-01-24 08:46:40', '2023-01-24 08:46:40'),
(1120, 14, 9, 45, 6, NULL, '2023-01-24 08:46:40', '2023-01-24 08:46:40'),
(1121, 14, 10, 46, 6, NULL, '2023-01-24 08:46:40', '2023-01-24 08:46:40'),
(1122, 14, 10, 47, 6, NULL, '2023-01-24 08:46:40', '2023-01-24 08:46:40'),
(1123, 14, 10, 48, 6, NULL, '2023-01-24 08:46:40', '2023-01-24 08:46:40'),
(1124, 14, 10, 49, 6, NULL, '2023-01-24 08:46:40', '2023-01-24 08:46:40'),
(1125, 14, 10, 50, 6, NULL, '2023-01-24 08:46:40', '2023-01-24 08:46:40'),
(1126, 15, 6, 26, 6, NULL, '2023-01-24 08:47:11', '2023-01-24 08:47:11'),
(1127, 15, 6, 27, 6, NULL, '2023-01-24 08:47:11', '2023-01-24 08:47:11'),
(1128, 15, 6, 28, 6, NULL, '2023-01-24 08:47:11', '2023-01-24 08:47:11'),
(1129, 15, 6, 29, 6, NULL, '2023-01-24 08:47:11', '2023-01-24 08:47:11'),
(1130, 15, 6, 30, 6, NULL, '2023-01-24 08:47:11', '2023-01-24 08:47:11'),
(1131, 15, 7, 31, 6, NULL, '2023-01-24 08:47:11', '2023-01-24 08:47:11'),
(1132, 15, 7, 32, 6, NULL, '2023-01-24 08:47:11', '2023-01-24 08:47:11'),
(1133, 15, 7, 33, 6, NULL, '2023-01-24 08:47:11', '2023-01-24 08:47:11'),
(1134, 15, 7, 34, 6, NULL, '2023-01-24 08:47:11', '2023-01-24 08:47:11'),
(1135, 15, 7, 35, 6, NULL, '2023-01-24 08:47:11', '2023-01-24 08:47:11'),
(1136, 15, 8, 36, 6, NULL, '2023-01-24 08:47:11', '2023-01-24 08:47:11'),
(1137, 15, 8, 37, 6, NULL, '2023-01-24 08:47:11', '2023-01-24 08:47:11'),
(1138, 15, 8, 38, 6, NULL, '2023-01-24 08:47:11', '2023-01-24 08:47:11'),
(1139, 15, 8, 39, 6, NULL, '2023-01-24 08:47:11', '2023-01-24 08:47:11'),
(1140, 15, 8, 40, 6, NULL, '2023-01-24 08:47:11', '2023-01-24 08:47:11'),
(1141, 15, 9, 41, 6, NULL, '2023-01-24 08:47:11', '2023-01-24 08:47:11'),
(1142, 15, 9, 42, 6, NULL, '2023-01-24 08:47:11', '2023-01-24 08:47:11'),
(1143, 15, 9, 43, 6, NULL, '2023-01-24 08:47:11', '2023-01-24 08:47:11'),
(1144, 15, 9, 44, 6, NULL, '2023-01-24 08:47:11', '2023-01-24 08:47:11'),
(1145, 15, 9, 45, 6, NULL, '2023-01-24 08:47:11', '2023-01-24 08:47:11'),
(1146, 15, 10, 46, 6, NULL, '2023-01-24 08:47:11', '2023-01-24 08:47:11'),
(1147, 15, 10, 47, 6, NULL, '2023-01-24 08:47:11', '2023-01-24 08:47:11'),
(1148, 15, 10, 48, 6, NULL, '2023-01-24 08:47:11', '2023-01-24 08:47:11'),
(1149, 15, 10, 49, 6, NULL, '2023-01-24 08:47:11', '2023-01-24 08:47:11'),
(1150, 15, 10, 50, 6, NULL, '2023-01-24 08:47:11', '2023-01-24 08:47:11'),
(1151, 16, 6, 26, 6, NULL, '2023-01-24 08:48:59', '2023-01-24 08:48:59'),
(1152, 16, 6, 27, 6, NULL, '2023-01-24 08:48:59', '2023-01-24 08:48:59'),
(1153, 16, 6, 28, 6, NULL, '2023-01-24 08:48:59', '2023-01-24 08:48:59'),
(1154, 16, 6, 29, 6, NULL, '2023-01-24 08:48:59', '2023-01-24 08:48:59'),
(1155, 16, 6, 30, 6, NULL, '2023-01-24 08:48:59', '2023-01-24 08:48:59'),
(1156, 16, 7, 31, 6, NULL, '2023-01-24 08:48:59', '2023-01-24 08:48:59'),
(1157, 16, 7, 32, 6, NULL, '2023-01-24 08:48:59', '2023-01-24 08:48:59'),
(1158, 16, 7, 33, 6, NULL, '2023-01-24 08:49:00', '2023-01-24 08:49:00'),
(1159, 16, 7, 34, 6, NULL, '2023-01-24 08:49:00', '2023-01-24 08:49:00'),
(1160, 16, 7, 35, 6, NULL, '2023-01-24 08:49:00', '2023-01-24 08:49:00'),
(1161, 16, 8, 36, 6, NULL, '2023-01-24 08:49:00', '2023-01-24 08:49:00'),
(1162, 16, 8, 37, 6, NULL, '2023-01-24 08:49:00', '2023-01-24 08:49:00'),
(1163, 16, 8, 38, 6, NULL, '2023-01-24 08:49:00', '2023-01-24 08:49:00'),
(1164, 16, 8, 39, 6, NULL, '2023-01-24 08:49:00', '2023-01-24 08:49:00'),
(1165, 16, 8, 40, 6, NULL, '2023-01-24 08:49:00', '2023-01-24 08:49:00'),
(1166, 16, 9, 41, 6, NULL, '2023-01-24 08:49:00', '2023-01-24 08:49:00'),
(1167, 16, 9, 42, 6, NULL, '2023-01-24 08:49:00', '2023-01-24 08:49:00'),
(1168, 16, 9, 43, 6, NULL, '2023-01-24 08:49:00', '2023-01-24 08:49:00'),
(1169, 16, 9, 44, 6, NULL, '2023-01-24 08:49:00', '2023-01-24 08:49:00'),
(1170, 16, 9, 45, 6, NULL, '2023-01-24 08:49:00', '2023-01-24 08:49:00'),
(1171, 16, 10, 46, 6, NULL, '2023-01-24 08:49:00', '2023-01-24 08:49:00'),
(1172, 16, 10, 47, 6, NULL, '2023-01-24 08:49:00', '2023-01-24 08:49:00'),
(1173, 16, 10, 48, 6, NULL, '2023-01-24 08:49:00', '2023-01-24 08:49:00'),
(1174, 16, 10, 49, 6, NULL, '2023-01-24 08:49:00', '2023-01-24 08:49:00'),
(1175, 16, 10, 50, 6, NULL, '2023-01-24 08:49:00', '2023-01-24 08:49:00'),
(1176, 17, 1, 1, 6, NULL, '2023-01-24 08:49:55', '2023-01-24 08:49:55'),
(1177, 17, 1, 2, 6, NULL, '2023-01-24 08:49:55', '2023-01-24 08:49:55'),
(1178, 17, 1, 3, 6, NULL, '2023-01-24 08:49:55', '2023-01-24 08:49:55'),
(1179, 17, 1, 4, 6, NULL, '2023-01-24 08:49:55', '2023-01-24 08:49:55'),
(1180, 17, 1, 5, 6, NULL, '2023-01-24 08:49:55', '2023-01-24 08:49:55'),
(1181, 17, 2, 6, 6, NULL, '2023-01-24 08:49:55', '2023-01-24 08:49:55'),
(1182, 17, 2, 7, 6, NULL, '2023-01-24 08:49:55', '2023-01-24 08:49:55'),
(1183, 17, 2, 8, 6, NULL, '2023-01-24 08:49:55', '2023-01-24 08:49:55'),
(1184, 17, 2, 9, 6, NULL, '2023-01-24 08:49:55', '2023-01-24 08:49:55'),
(1185, 17, 2, 10, 6, NULL, '2023-01-24 08:49:55', '2023-01-24 08:49:55'),
(1186, 17, 3, 11, 6, NULL, '2023-01-24 08:49:55', '2023-01-24 08:49:55'),
(1187, 17, 3, 12, 6, NULL, '2023-01-24 08:49:55', '2023-01-24 08:49:55'),
(1188, 17, 3, 13, 6, NULL, '2023-01-24 08:49:55', '2023-01-24 08:49:55'),
(1189, 17, 3, 14, 6, NULL, '2023-01-24 08:49:55', '2023-01-24 08:49:55'),
(1190, 17, 3, 15, 6, NULL, '2023-01-24 08:49:55', '2023-01-24 08:49:55'),
(1191, 17, 4, 16, 6, NULL, '2023-01-24 08:49:55', '2023-01-24 08:49:55'),
(1192, 17, 4, 17, 6, NULL, '2023-01-24 08:49:55', '2023-01-24 08:49:55'),
(1193, 17, 4, 18, 6, NULL, '2023-01-24 08:49:55', '2023-01-24 08:49:55'),
(1194, 17, 4, 19, 6, NULL, '2023-01-24 08:49:55', '2023-01-24 08:49:55'),
(1195, 17, 4, 20, 6, NULL, '2023-01-24 08:49:55', '2023-01-24 08:49:55'),
(1196, 17, 5, 21, 6, NULL, '2023-01-24 08:49:55', '2023-01-24 08:49:55'),
(1197, 17, 5, 22, 6, NULL, '2023-01-24 08:49:55', '2023-01-24 08:49:55'),
(1198, 17, 5, 23, 6, NULL, '2023-01-24 08:49:55', '2023-01-24 08:49:55'),
(1199, 17, 5, 24, 6, NULL, '2023-01-24 08:49:55', '2023-01-24 08:49:55'),
(1200, 17, 5, 25, 6, NULL, '2023-01-24 08:49:55', '2023-01-24 08:49:55'),
(1201, 18, 1, 1, 6, NULL, '2023-01-24 08:50:25', '2023-01-24 08:50:25'),
(1202, 18, 1, 2, 6, NULL, '2023-01-24 08:50:25', '2023-01-24 08:50:25'),
(1203, 18, 1, 3, 6, NULL, '2023-01-24 08:50:25', '2023-01-24 08:50:25'),
(1204, 18, 1, 4, 6, NULL, '2023-01-24 08:50:26', '2023-01-24 08:50:26'),
(1205, 18, 1, 5, 6, NULL, '2023-01-24 08:50:26', '2023-01-24 08:50:26'),
(1206, 18, 2, 6, 6, NULL, '2023-01-24 08:50:26', '2023-01-24 08:50:26'),
(1207, 18, 2, 7, 6, NULL, '2023-01-24 08:50:26', '2023-01-24 08:50:26'),
(1208, 18, 2, 8, 6, NULL, '2023-01-24 08:50:26', '2023-01-24 08:50:26'),
(1209, 18, 2, 9, 6, NULL, '2023-01-24 08:50:26', '2023-01-24 08:50:26'),
(1210, 18, 2, 10, 6, NULL, '2023-01-24 08:50:26', '2023-01-24 08:50:26'),
(1211, 18, 3, 11, 6, NULL, '2023-01-24 08:50:26', '2023-01-24 08:50:26'),
(1212, 18, 3, 12, 6, NULL, '2023-01-24 08:50:26', '2023-01-24 08:50:26'),
(1213, 18, 3, 13, 6, NULL, '2023-01-24 08:50:26', '2023-01-24 08:50:26'),
(1214, 18, 3, 14, 6, NULL, '2023-01-24 08:50:26', '2023-01-24 08:50:26'),
(1215, 18, 3, 15, 6, NULL, '2023-01-24 08:50:26', '2023-01-24 08:50:26'),
(1216, 18, 4, 16, 6, NULL, '2023-01-24 08:50:26', '2023-01-24 08:50:26'),
(1217, 18, 4, 17, 6, NULL, '2023-01-24 08:50:26', '2023-01-24 08:50:26'),
(1218, 18, 4, 18, 6, NULL, '2023-01-24 08:50:26', '2023-01-24 08:50:26'),
(1219, 18, 4, 19, 6, NULL, '2023-01-24 08:50:26', '2023-01-24 08:50:26'),
(1220, 18, 4, 20, 6, NULL, '2023-01-24 08:50:26', '2023-01-24 08:50:26'),
(1221, 18, 5, 21, 6, NULL, '2023-01-24 08:50:26', '2023-01-24 08:50:26'),
(1222, 18, 5, 22, 6, NULL, '2023-01-24 08:50:26', '2023-01-24 08:50:26'),
(1223, 18, 5, 23, 6, NULL, '2023-01-24 08:50:26', '2023-01-24 08:50:26'),
(1224, 18, 5, 24, 6, NULL, '2023-01-24 08:50:26', '2023-01-24 08:50:26'),
(1225, 18, 5, 25, 6, NULL, '2023-01-24 08:50:26', '2023-01-24 08:50:26'),
(1226, 19, 16, 76, 6, NULL, '2023-01-25 05:24:16', '2023-01-25 05:24:16'),
(1227, 19, 16, 77, 6, NULL, '2023-01-25 05:24:16', '2023-01-25 05:24:16'),
(1228, 19, 16, 78, 6, NULL, '2023-01-25 05:24:16', '2023-01-25 05:24:16'),
(1229, 19, 16, 79, 6, NULL, '2023-01-25 05:24:16', '2023-01-25 05:24:16'),
(1230, 19, 16, 80, 6, NULL, '2023-01-25 05:24:16', '2023-01-25 05:24:16'),
(1231, 19, 17, 81, 6, NULL, '2023-01-25 05:24:16', '2023-01-25 05:24:16'),
(1232, 19, 17, 82, 6, NULL, '2023-01-25 05:24:16', '2023-01-25 05:24:16'),
(1233, 19, 17, 83, 6, NULL, '2023-01-25 05:24:16', '2023-01-25 05:24:16'),
(1234, 19, 17, 84, 6, NULL, '2023-01-25 05:24:16', '2023-01-25 05:24:16'),
(1235, 19, 17, 85, 6, NULL, '2023-01-25 05:24:16', '2023-01-25 05:24:16'),
(1236, 19, 18, 86, 6, NULL, '2023-01-25 05:24:16', '2023-01-25 05:24:16'),
(1237, 19, 18, 87, 6, NULL, '2023-01-25 05:24:16', '2023-01-25 05:24:16'),
(1238, 19, 18, 88, 6, NULL, '2023-01-25 05:24:16', '2023-01-25 05:24:16'),
(1239, 19, 18, 89, 6, NULL, '2023-01-25 05:24:16', '2023-01-25 05:24:16'),
(1240, 19, 18, 90, 6, NULL, '2023-01-25 05:24:16', '2023-01-25 05:24:16'),
(1241, 19, 19, 91, 6, NULL, '2023-01-25 05:24:16', '2023-01-25 05:24:16'),
(1242, 19, 19, 92, 6, NULL, '2023-01-25 05:24:16', '2023-01-25 05:24:16'),
(1243, 19, 19, 93, 6, NULL, '2023-01-25 05:24:16', '2023-01-25 05:24:16'),
(1244, 19, 19, 94, 6, NULL, '2023-01-25 05:24:16', '2023-01-25 05:24:16'),
(1245, 19, 19, 95, 6, NULL, '2023-01-25 05:24:16', '2023-01-25 05:24:16'),
(1246, 19, 20, 96, 6, NULL, '2023-01-25 05:24:16', '2023-01-25 05:24:16'),
(1247, 19, 20, 97, 6, NULL, '2023-01-25 05:24:16', '2023-01-25 05:24:16'),
(1248, 19, 20, 98, 6, NULL, '2023-01-25 05:24:16', '2023-01-25 05:24:16'),
(1249, 19, 20, 99, 6, NULL, '2023-01-25 05:24:16', '2023-01-25 05:24:16'),
(1250, 19, 20, 100, 6, NULL, '2023-01-25 05:24:16', '2023-01-25 05:24:16'),
(1251, 20, 16, 76, 6, NULL, '2023-01-25 05:24:52', '2023-01-25 05:24:52'),
(1252, 20, 16, 77, 6, NULL, '2023-01-25 05:24:52', '2023-01-25 05:24:52'),
(1253, 20, 16, 78, 6, NULL, '2023-01-25 05:24:52', '2023-01-25 05:24:52'),
(1254, 20, 16, 79, 6, NULL, '2023-01-25 05:24:52', '2023-01-25 05:24:52'),
(1255, 20, 16, 80, 6, NULL, '2023-01-25 05:24:52', '2023-01-25 05:24:52'),
(1256, 20, 17, 81, 6, NULL, '2023-01-25 05:24:52', '2023-01-25 05:24:52'),
(1257, 20, 17, 82, 6, NULL, '2023-01-25 05:24:52', '2023-01-25 05:24:52'),
(1258, 20, 17, 83, 6, NULL, '2023-01-25 05:24:52', '2023-01-25 05:24:52'),
(1259, 20, 17, 84, 6, NULL, '2023-01-25 05:24:52', '2023-01-25 05:24:52'),
(1260, 20, 17, 85, 6, NULL, '2023-01-25 05:24:52', '2023-01-25 05:24:52'),
(1261, 20, 18, 86, 6, NULL, '2023-01-25 05:24:52', '2023-01-25 05:24:52'),
(1262, 20, 18, 87, 6, NULL, '2023-01-25 05:24:52', '2023-01-25 05:24:52'),
(1263, 20, 18, 88, 6, NULL, '2023-01-25 05:24:52', '2023-01-25 05:24:52'),
(1264, 20, 18, 89, 6, NULL, '2023-01-25 05:24:52', '2023-01-25 05:24:52'),
(1265, 20, 18, 90, 6, NULL, '2023-01-25 05:24:52', '2023-01-25 05:24:52'),
(1266, 20, 19, 91, 6, NULL, '2023-01-25 05:24:52', '2023-01-25 05:24:52'),
(1267, 20, 19, 92, 6, NULL, '2023-01-25 05:24:52', '2023-01-25 05:24:52'),
(1268, 20, 19, 93, 6, NULL, '2023-01-25 05:24:52', '2023-01-25 05:24:52'),
(1269, 20, 19, 94, 6, NULL, '2023-01-25 05:24:52', '2023-01-25 05:24:52'),
(1270, 20, 19, 95, 6, NULL, '2023-01-25 05:24:52', '2023-01-25 05:24:52'),
(1271, 20, 20, 96, 6, NULL, '2023-01-25 05:24:52', '2023-01-25 05:24:52'),
(1272, 20, 20, 97, 6, NULL, '2023-01-25 05:24:52', '2023-01-25 05:24:52'),
(1273, 20, 20, 98, 6, NULL, '2023-01-25 05:24:52', '2023-01-25 05:24:52'),
(1274, 20, 20, 99, 6, NULL, '2023-01-25 05:24:52', '2023-01-25 05:24:52'),
(1275, 20, 20, 100, 6, NULL, '2023-01-25 05:24:52', '2023-01-25 05:24:52'),
(1276, 21, 1, 1, 6, NULL, '2023-01-25 12:29:08', '2023-01-25 12:29:08'),
(1277, 21, 1, 2, 6, NULL, '2023-01-25 12:29:08', '2023-01-25 12:29:08'),
(1278, 21, 1, 3, 6, NULL, '2023-01-25 12:29:08', '2023-01-25 12:29:08'),
(1279, 21, 1, 4, 6, NULL, '2023-01-25 12:29:09', '2023-01-25 12:29:09'),
(1280, 21, 1, 5, 6, NULL, '2023-01-25 12:29:09', '2023-01-25 12:29:09'),
(1281, 21, 2, 6, 6, NULL, '2023-01-25 12:29:09', '2023-01-25 12:29:09'),
(1282, 21, 2, 7, 6, NULL, '2023-01-25 12:29:09', '2023-01-25 12:29:09'),
(1283, 21, 2, 8, 6, NULL, '2023-01-25 12:29:09', '2023-01-25 12:29:09'),
(1284, 21, 2, 9, 6, NULL, '2023-01-25 12:29:09', '2023-01-25 12:29:09'),
(1285, 21, 2, 10, 6, NULL, '2023-01-25 12:29:09', '2023-01-25 12:29:09'),
(1286, 21, 3, 11, 6, NULL, '2023-01-25 12:29:09', '2023-01-25 12:29:09'),
(1287, 21, 3, 12, 6, NULL, '2023-01-25 12:29:09', '2023-01-25 12:29:09'),
(1288, 21, 3, 13, 6, NULL, '2023-01-25 12:29:09', '2023-01-25 12:29:09'),
(1289, 21, 3, 14, 6, NULL, '2023-01-25 12:29:09', '2023-01-25 12:29:09'),
(1290, 21, 3, 15, 6, NULL, '2023-01-25 12:29:09', '2023-01-25 12:29:09'),
(1291, 21, 4, 16, 6, NULL, '2023-01-25 12:29:09', '2023-01-25 12:29:09'),
(1292, 21, 4, 17, 6, NULL, '2023-01-25 12:29:09', '2023-01-25 12:29:09'),
(1293, 21, 4, 18, 6, NULL, '2023-01-25 12:29:09', '2023-01-25 12:29:09'),
(1294, 21, 4, 19, 6, NULL, '2023-01-25 12:29:09', '2023-01-25 12:29:09'),
(1295, 21, 4, 20, 6, NULL, '2023-01-25 12:29:09', '2023-01-25 12:29:09'),
(1296, 21, 5, 21, 6, NULL, '2023-01-25 12:29:09', '2023-01-25 12:29:09'),
(1297, 21, 5, 22, 6, NULL, '2023-01-25 12:29:09', '2023-01-25 12:29:09'),
(1298, 21, 5, 23, 6, NULL, '2023-01-25 12:29:09', '2023-01-25 12:29:09'),
(1299, 21, 5, 24, 6, NULL, '2023-01-25 12:29:09', '2023-01-25 12:29:09'),
(1300, 21, 5, 25, 6, NULL, '2023-01-25 12:29:09', '2023-01-25 12:29:09'),
(1301, 22, 1, 1, 6, NULL, '2023-01-26 08:55:33', '2023-01-26 08:55:33'),
(1302, 22, 1, 2, 6, NULL, '2023-01-26 08:55:33', '2023-01-26 08:55:33'),
(1303, 22, 1, 3, 6, NULL, '2023-01-26 08:55:33', '2023-01-26 08:55:33'),
(1304, 22, 1, 4, 6, NULL, '2023-01-26 08:55:33', '2023-01-26 08:55:33'),
(1305, 22, 1, 5, 6, NULL, '2023-01-26 08:55:33', '2023-01-26 08:55:33'),
(1306, 22, 2, 6, 6, NULL, '2023-01-26 08:55:33', '2023-01-26 08:55:33'),
(1307, 22, 2, 7, 6, NULL, '2023-01-26 08:55:33', '2023-01-26 08:55:33'),
(1308, 22, 2, 8, 6, NULL, '2023-01-26 08:55:33', '2023-01-26 08:55:33'),
(1309, 22, 2, 9, 6, NULL, '2023-01-26 08:55:33', '2023-01-26 08:55:33'),
(1310, 22, 2, 10, 6, NULL, '2023-01-26 08:55:33', '2023-01-26 08:55:33'),
(1311, 22, 3, 11, 6, NULL, '2023-01-26 08:55:33', '2023-01-26 08:55:33'),
(1312, 22, 3, 12, 6, NULL, '2023-01-26 08:55:33', '2023-01-26 08:55:33'),
(1313, 22, 3, 13, 6, NULL, '2023-01-26 08:55:33', '2023-01-26 08:55:33'),
(1314, 22, 3, 14, 6, NULL, '2023-01-26 08:55:33', '2023-01-26 08:55:33'),
(1315, 22, 3, 15, 6, NULL, '2023-01-26 08:55:33', '2023-01-26 08:55:33'),
(1316, 22, 4, 16, 6, NULL, '2023-01-26 08:55:33', '2023-01-26 08:55:33'),
(1317, 22, 4, 17, 6, NULL, '2023-01-26 08:55:33', '2023-01-26 08:55:33'),
(1318, 22, 4, 18, 6, NULL, '2023-01-26 08:55:33', '2023-01-26 08:55:33'),
(1319, 22, 4, 19, 6, NULL, '2023-01-26 08:55:33', '2023-01-26 08:55:33'),
(1320, 22, 4, 20, 6, NULL, '2023-01-26 08:55:33', '2023-01-26 08:55:33'),
(1321, 22, 5, 21, 6, NULL, '2023-01-26 08:55:34', '2023-01-26 08:55:34'),
(1322, 22, 5, 22, 6, NULL, '2023-01-26 08:55:34', '2023-01-26 08:55:34'),
(1323, 22, 5, 23, 6, NULL, '2023-01-26 08:55:34', '2023-01-26 08:55:34'),
(1324, 22, 5, 24, 6, NULL, '2023-01-26 08:55:34', '2023-01-26 08:55:34'),
(1325, 22, 5, 25, 6, NULL, '2023-01-26 08:55:34', '2023-01-26 08:55:34'),
(1326, 1, 1, 1, 6, NULL, '2023-01-27 12:02:36', '2023-01-27 12:02:36'),
(1327, 1, 1, 2, 6, NULL, '2023-01-27 12:02:36', '2023-01-27 12:02:36'),
(1328, 1, 1, 3, 6, NULL, '2023-01-27 12:02:36', '2023-01-27 12:02:36'),
(1329, 1, 1, 4, 6, NULL, '2023-01-27 12:02:36', '2023-01-27 12:02:36'),
(1330, 1, 1, 5, 6, NULL, '2023-01-27 12:02:36', '2023-01-27 12:02:36'),
(1331, 1, 2, 6, 6, NULL, '2023-01-27 12:02:36', '2023-01-27 12:02:36'),
(1332, 1, 2, 7, 6, NULL, '2023-01-27 12:02:36', '2023-01-27 12:02:36'),
(1333, 1, 2, 8, 6, NULL, '2023-01-27 12:02:36', '2023-01-27 12:02:36'),
(1334, 1, 2, 9, 6, NULL, '2023-01-27 12:02:36', '2023-01-27 12:02:36'),
(1335, 1, 2, 10, 6, NULL, '2023-01-27 12:02:36', '2023-01-27 12:02:36'),
(1336, 1, 3, 11, 6, NULL, '2023-01-27 12:02:36', '2023-01-27 12:02:36'),
(1337, 1, 3, 12, 6, NULL, '2023-01-27 12:02:36', '2023-01-27 12:02:36'),
(1338, 1, 3, 13, 6, NULL, '2023-01-27 12:02:37', '2023-01-27 12:02:37'),
(1339, 1, 3, 14, 6, NULL, '2023-01-27 12:02:37', '2023-01-27 12:02:37'),
(1340, 1, 3, 15, 6, NULL, '2023-01-27 12:02:37', '2023-01-27 12:02:37'),
(1341, 1, 4, 16, 6, NULL, '2023-01-27 12:02:37', '2023-01-27 12:02:37'),
(1342, 1, 4, 17, 6, NULL, '2023-01-27 12:02:37', '2023-01-27 12:02:37'),
(1343, 1, 4, 18, 6, NULL, '2023-01-27 12:02:37', '2023-01-27 12:02:37'),
(1344, 1, 4, 19, 6, NULL, '2023-01-27 12:02:37', '2023-01-27 12:02:37'),
(1345, 1, 4, 20, 6, NULL, '2023-01-27 12:02:37', '2023-01-27 12:02:37'),
(1346, 1, 5, 21, 6, NULL, '2023-01-27 12:02:37', '2023-01-27 12:02:37'),
(1347, 1, 5, 22, 6, NULL, '2023-01-27 12:02:37', '2023-01-27 12:02:37'),
(1348, 1, 5, 23, 6, NULL, '2023-01-27 12:02:37', '2023-01-27 12:02:37'),
(1349, 1, 5, 24, 6, NULL, '2023-01-27 12:02:37', '2023-01-27 12:02:37'),
(1350, 1, 5, 25, 6, NULL, '2023-01-27 12:02:37', '2023-01-27 12:02:37'),
(1351, 2, 1, 1, 6, NULL, '2023-01-27 12:03:04', '2023-01-27 12:03:04'),
(1352, 2, 1, 2, 6, NULL, '2023-01-27 12:03:04', '2023-01-27 12:03:04'),
(1353, 2, 1, 3, 6, NULL, '2023-01-27 12:03:04', '2023-01-27 12:03:04'),
(1354, 2, 1, 4, 6, NULL, '2023-01-27 12:03:04', '2023-01-27 12:03:04'),
(1355, 2, 1, 5, 6, NULL, '2023-01-27 12:03:04', '2023-01-27 12:03:04'),
(1356, 2, 2, 6, 6, NULL, '2023-01-27 12:03:04', '2023-01-27 12:03:04'),
(1357, 2, 2, 7, 6, NULL, '2023-01-27 12:03:04', '2023-01-27 12:03:04'),
(1358, 2, 2, 8, 6, NULL, '2023-01-27 12:03:04', '2023-01-27 12:03:04'),
(1359, 2, 2, 9, 6, NULL, '2023-01-27 12:03:05', '2023-01-27 12:03:05'),
(1360, 2, 2, 10, 6, NULL, '2023-01-27 12:03:05', '2023-01-27 12:03:05'),
(1361, 2, 3, 11, 6, NULL, '2023-01-27 12:03:05', '2023-01-27 12:03:05'),
(1362, 2, 3, 12, 6, NULL, '2023-01-27 12:03:05', '2023-01-27 12:03:05'),
(1363, 2, 3, 13, 6, NULL, '2023-01-27 12:03:05', '2023-01-27 12:03:05'),
(1364, 2, 3, 14, 6, NULL, '2023-01-27 12:03:05', '2023-01-27 12:03:05'),
(1365, 2, 3, 15, 6, NULL, '2023-01-27 12:03:05', '2023-01-27 12:03:05'),
(1366, 2, 4, 16, 6, NULL, '2023-01-27 12:03:05', '2023-01-27 12:03:05'),
(1367, 2, 4, 17, 6, NULL, '2023-01-27 12:03:05', '2023-01-27 12:03:05'),
(1368, 2, 4, 18, 6, NULL, '2023-01-27 12:03:05', '2023-01-27 12:03:05'),
(1369, 2, 4, 19, 6, NULL, '2023-01-27 12:03:05', '2023-01-27 12:03:05'),
(1370, 2, 4, 20, 6, NULL, '2023-01-27 12:03:05', '2023-01-27 12:03:05'),
(1371, 2, 5, 21, 6, NULL, '2023-01-27 12:03:05', '2023-01-27 12:03:05'),
(1372, 2, 5, 22, 6, NULL, '2023-01-27 12:03:05', '2023-01-27 12:03:05'),
(1373, 2, 5, 23, 6, NULL, '2023-01-27 12:03:05', '2023-01-27 12:03:05'),
(1374, 2, 5, 24, 6, NULL, '2023-01-27 12:03:05', '2023-01-27 12:03:05'),
(1375, 2, 5, 25, 6, NULL, '2023-01-27 12:03:05', '2023-01-27 12:03:05'),
(1376, 3, 6, 26, 6, NULL, '2023-01-27 12:09:13', '2023-01-27 12:09:13'),
(1377, 3, 6, 27, 6, NULL, '2023-01-27 12:09:13', '2023-01-27 12:09:13'),
(1378, 3, 6, 28, 6, NULL, '2023-01-27 12:09:13', '2023-01-27 12:09:13'),
(1379, 3, 6, 29, 6, NULL, '2023-01-27 12:09:13', '2023-01-27 12:09:13'),
(1380, 3, 6, 30, 6, NULL, '2023-01-27 12:09:13', '2023-01-27 12:09:13'),
(1381, 3, 7, 31, 6, NULL, '2023-01-27 12:09:13', '2023-01-27 12:09:13'),
(1382, 3, 7, 32, 6, NULL, '2023-01-27 12:09:13', '2023-01-27 12:09:13'),
(1383, 3, 7, 33, 6, NULL, '2023-01-27 12:09:13', '2023-01-27 12:09:13'),
(1384, 3, 7, 34, 6, NULL, '2023-01-27 12:09:13', '2023-01-27 12:09:13'),
(1385, 3, 7, 35, 6, NULL, '2023-01-27 12:09:13', '2023-01-27 12:09:13'),
(1386, 3, 8, 36, 6, NULL, '2023-01-27 12:09:13', '2023-01-27 12:09:13'),
(1387, 3, 8, 37, 6, NULL, '2023-01-27 12:09:13', '2023-01-27 12:09:13'),
(1388, 3, 8, 38, 6, NULL, '2023-01-27 12:09:13', '2023-01-27 12:09:13'),
(1389, 3, 8, 39, 6, NULL, '2023-01-27 12:09:13', '2023-01-27 12:09:13'),
(1390, 3, 8, 40, 6, NULL, '2023-01-27 12:09:13', '2023-01-27 12:09:13'),
(1391, 3, 9, 41, 6, NULL, '2023-01-27 12:09:13', '2023-01-27 12:09:13'),
(1392, 3, 9, 42, 6, NULL, '2023-01-27 12:09:13', '2023-01-27 12:09:13'),
(1393, 3, 9, 43, 6, NULL, '2023-01-27 12:09:13', '2023-01-27 12:09:13'),
(1394, 3, 9, 44, 6, NULL, '2023-01-27 12:09:13', '2023-01-27 12:09:13'),
(1395, 3, 9, 45, 6, NULL, '2023-01-27 12:09:13', '2023-01-27 12:09:13'),
(1396, 3, 10, 46, 6, NULL, '2023-01-27 12:09:13', '2023-01-27 12:09:13'),
(1397, 3, 10, 47, 6, NULL, '2023-01-27 12:09:13', '2023-01-27 12:09:13'),
(1398, 3, 10, 48, 6, NULL, '2023-01-27 12:09:13', '2023-01-27 12:09:13');
INSERT INTO `voice_audit_points` (`id`, `voice_audit_id`, `datapoint_category_id`, `datapoint_id`, `answer`, `deleted_at`, `created_at`, `updated_at`) VALUES
(1399, 3, 10, 49, 6, NULL, '2023-01-27 12:09:13', '2023-01-27 12:09:13'),
(1400, 3, 10, 50, 6, NULL, '2023-01-27 12:09:13', '2023-01-27 12:09:13'),
(1401, 4, 6, 26, 6, NULL, '2023-01-27 12:09:40', '2023-01-27 12:09:40'),
(1402, 4, 6, 27, 6, NULL, '2023-01-27 12:09:40', '2023-01-27 12:09:40'),
(1403, 4, 6, 28, 6, NULL, '2023-01-27 12:09:41', '2023-01-27 12:09:41'),
(1404, 4, 6, 29, 6, NULL, '2023-01-27 12:09:41', '2023-01-27 12:09:41'),
(1405, 4, 6, 30, 6, NULL, '2023-01-27 12:09:41', '2023-01-27 12:09:41'),
(1406, 4, 7, 31, 6, NULL, '2023-01-27 12:09:41', '2023-01-27 12:09:41'),
(1407, 4, 7, 32, 6, NULL, '2023-01-27 12:09:41', '2023-01-27 12:09:41'),
(1408, 4, 7, 33, 6, NULL, '2023-01-27 12:09:41', '2023-01-27 12:09:41'),
(1409, 4, 7, 34, 6, NULL, '2023-01-27 12:09:41', '2023-01-27 12:09:41'),
(1410, 4, 7, 35, 6, NULL, '2023-01-27 12:09:41', '2023-01-27 12:09:41'),
(1411, 4, 8, 36, 6, NULL, '2023-01-27 12:09:41', '2023-01-27 12:09:41'),
(1412, 4, 8, 37, 6, NULL, '2023-01-27 12:09:41', '2023-01-27 12:09:41'),
(1413, 4, 8, 38, 6, NULL, '2023-01-27 12:09:41', '2023-01-27 12:09:41'),
(1414, 4, 8, 39, 6, NULL, '2023-01-27 12:09:41', '2023-01-27 12:09:41'),
(1415, 4, 8, 40, 6, NULL, '2023-01-27 12:09:41', '2023-01-27 12:09:41'),
(1416, 4, 9, 41, 6, NULL, '2023-01-27 12:09:41', '2023-01-27 12:09:41'),
(1417, 4, 9, 42, 6, NULL, '2023-01-27 12:09:41', '2023-01-27 12:09:41'),
(1418, 4, 9, 43, 6, NULL, '2023-01-27 12:09:41', '2023-01-27 12:09:41'),
(1419, 4, 9, 44, 6, NULL, '2023-01-27 12:09:41', '2023-01-27 12:09:41'),
(1420, 4, 9, 45, 6, NULL, '2023-01-27 12:09:41', '2023-01-27 12:09:41'),
(1421, 4, 10, 46, 6, NULL, '2023-01-27 12:09:41', '2023-01-27 12:09:41'),
(1422, 4, 10, 47, 6, NULL, '2023-01-27 12:09:41', '2023-01-27 12:09:41'),
(1423, 4, 10, 48, 6, NULL, '2023-01-27 12:09:41', '2023-01-27 12:09:41'),
(1424, 4, 10, 49, 6, NULL, '2023-01-27 12:09:41', '2023-01-27 12:09:41'),
(1425, 4, 10, 50, 6, NULL, '2023-01-27 12:09:41', '2023-01-27 12:09:41'),
(1426, 1, 1, 1, 6, NULL, '2023-01-28 06:10:20', '2023-01-28 06:10:20'),
(1427, 1, 1, 2, 6, NULL, '2023-01-28 06:10:20', '2023-01-28 06:10:20'),
(1428, 1, 1, 3, 6, NULL, '2023-01-28 06:10:20', '2023-01-28 06:10:20'),
(1429, 1, 1, 4, 6, NULL, '2023-01-28 06:10:20', '2023-01-28 06:10:20'),
(1430, 1, 1, 5, 6, NULL, '2023-01-28 06:10:20', '2023-01-28 06:10:20'),
(1431, 1, 2, 6, 6, NULL, '2023-01-28 06:10:20', '2023-01-28 06:10:20'),
(1432, 1, 2, 7, 6, NULL, '2023-01-28 06:10:20', '2023-01-28 06:10:20'),
(1433, 1, 2, 8, 6, NULL, '2023-01-28 06:10:20', '2023-01-28 06:10:20'),
(1434, 1, 2, 9, 6, NULL, '2023-01-28 06:10:20', '2023-01-28 06:10:20'),
(1435, 1, 2, 10, 6, NULL, '2023-01-28 06:10:20', '2023-01-28 06:10:20'),
(1436, 1, 3, 11, 6, NULL, '2023-01-28 06:10:20', '2023-01-28 06:10:20'),
(1437, 1, 3, 12, 6, NULL, '2023-01-28 06:10:20', '2023-01-28 06:10:20'),
(1438, 1, 3, 13, 6, NULL, '2023-01-28 06:10:20', '2023-01-28 06:10:20'),
(1439, 1, 3, 14, 6, NULL, '2023-01-28 06:10:20', '2023-01-28 06:10:20'),
(1440, 1, 3, 15, 6, NULL, '2023-01-28 06:10:20', '2023-01-28 06:10:20'),
(1441, 1, 4, 16, 6, NULL, '2023-01-28 06:10:20', '2023-01-28 06:10:20'),
(1442, 1, 4, 17, 6, NULL, '2023-01-28 06:10:20', '2023-01-28 06:10:20'),
(1443, 1, 4, 18, 6, NULL, '2023-01-28 06:10:20', '2023-01-28 06:10:20'),
(1444, 1, 4, 19, 6, NULL, '2023-01-28 06:10:20', '2023-01-28 06:10:20'),
(1445, 1, 4, 20, 6, NULL, '2023-01-28 06:10:20', '2023-01-28 06:10:20'),
(1446, 1, 5, 21, 6, NULL, '2023-01-28 06:10:20', '2023-01-28 06:10:20'),
(1447, 1, 5, 22, 6, NULL, '2023-01-28 06:10:20', '2023-01-28 06:10:20'),
(1448, 1, 5, 23, 6, NULL, '2023-01-28 06:10:20', '2023-01-28 06:10:20'),
(1449, 1, 5, 24, 6, NULL, '2023-01-28 06:10:20', '2023-01-28 06:10:20'),
(1450, 1, 5, 25, 6, NULL, '2023-01-28 06:10:20', '2023-01-28 06:10:20'),
(1451, 2, 1, 1, 6, NULL, '2023-01-28 06:10:41', '2023-01-28 06:10:41'),
(1452, 2, 1, 2, 6, NULL, '2023-01-28 06:10:41', '2023-01-28 06:10:41'),
(1453, 2, 1, 3, 6, NULL, '2023-01-28 06:10:41', '2023-01-28 06:10:41'),
(1454, 2, 1, 4, 6, NULL, '2023-01-28 06:10:41', '2023-01-28 06:10:41'),
(1455, 2, 1, 5, 6, NULL, '2023-01-28 06:10:41', '2023-01-28 06:10:41'),
(1456, 2, 2, 6, 6, NULL, '2023-01-28 06:10:41', '2023-01-28 06:10:41'),
(1457, 2, 2, 7, 6, NULL, '2023-01-28 06:10:41', '2023-01-28 06:10:41'),
(1458, 2, 2, 8, 6, NULL, '2023-01-28 06:10:41', '2023-01-28 06:10:41'),
(1459, 2, 2, 9, 6, NULL, '2023-01-28 06:10:41', '2023-01-28 06:10:41'),
(1460, 2, 2, 10, 6, NULL, '2023-01-28 06:10:41', '2023-01-28 06:10:41'),
(1461, 2, 3, 11, 6, NULL, '2023-01-28 06:10:41', '2023-01-28 06:10:41'),
(1462, 2, 3, 12, 6, NULL, '2023-01-28 06:10:41', '2023-01-28 06:10:41'),
(1463, 2, 3, 13, 6, NULL, '2023-01-28 06:10:41', '2023-01-28 06:10:41'),
(1464, 2, 3, 14, 6, NULL, '2023-01-28 06:10:41', '2023-01-28 06:10:41'),
(1465, 2, 3, 15, 6, NULL, '2023-01-28 06:10:42', '2023-01-28 06:10:42'),
(1466, 2, 4, 16, 6, NULL, '2023-01-28 06:10:42', '2023-01-28 06:10:42'),
(1467, 2, 4, 17, 6, NULL, '2023-01-28 06:10:42', '2023-01-28 06:10:42'),
(1468, 2, 4, 18, 6, NULL, '2023-01-28 06:10:42', '2023-01-28 06:10:42'),
(1469, 2, 4, 19, 6, NULL, '2023-01-28 06:10:42', '2023-01-28 06:10:42'),
(1470, 2, 4, 20, 6, NULL, '2023-01-28 06:10:42', '2023-01-28 06:10:42'),
(1471, 2, 5, 21, 6, NULL, '2023-01-28 06:10:42', '2023-01-28 06:10:42'),
(1472, 2, 5, 22, 6, NULL, '2023-01-28 06:10:42', '2023-01-28 06:10:42'),
(1473, 2, 5, 23, 6, NULL, '2023-01-28 06:10:42', '2023-01-28 06:10:42'),
(1474, 2, 5, 24, 6, NULL, '2023-01-28 06:10:42', '2023-01-28 06:10:42'),
(1475, 2, 5, 25, 6, NULL, '2023-01-28 06:10:42', '2023-01-28 06:10:42'),
(1476, 3, 1, 1, 6, NULL, '2023-01-28 06:11:51', '2023-01-28 06:11:51'),
(1477, 3, 1, 2, 6, NULL, '2023-01-28 06:11:51', '2023-01-28 06:11:51'),
(1478, 3, 1, 3, 6, NULL, '2023-01-28 06:11:51', '2023-01-28 06:11:51'),
(1479, 3, 1, 4, 6, NULL, '2023-01-28 06:11:51', '2023-01-28 06:11:51'),
(1480, 3, 1, 5, 6, NULL, '2023-01-28 06:11:51', '2023-01-28 06:11:51'),
(1481, 3, 2, 6, 6, NULL, '2023-01-28 06:11:51', '2023-01-28 06:11:51'),
(1482, 3, 2, 7, 6, NULL, '2023-01-28 06:11:51', '2023-01-28 06:11:51'),
(1483, 3, 2, 8, 6, NULL, '2023-01-28 06:11:51', '2023-01-28 06:11:51'),
(1484, 3, 2, 9, 6, NULL, '2023-01-28 06:11:51', '2023-01-28 06:11:51'),
(1485, 3, 2, 10, 6, NULL, '2023-01-28 06:11:51', '2023-01-28 06:11:51'),
(1486, 3, 3, 11, 6, NULL, '2023-01-28 06:11:51', '2023-01-28 06:11:51'),
(1487, 3, 3, 12, 6, NULL, '2023-01-28 06:11:51', '2023-01-28 06:11:51'),
(1488, 3, 3, 13, 6, NULL, '2023-01-28 06:11:51', '2023-01-28 06:11:51'),
(1489, 3, 3, 14, 6, NULL, '2023-01-28 06:11:51', '2023-01-28 06:11:51'),
(1490, 3, 3, 15, 6, NULL, '2023-01-28 06:11:52', '2023-01-28 06:11:52'),
(1491, 3, 4, 16, 6, NULL, '2023-01-28 06:11:52', '2023-01-28 06:11:52'),
(1492, 3, 4, 17, 6, NULL, '2023-01-28 06:11:52', '2023-01-28 06:11:52'),
(1493, 3, 4, 18, 6, NULL, '2023-01-28 06:11:52', '2023-01-28 06:11:52'),
(1494, 3, 4, 19, 6, NULL, '2023-01-28 06:11:52', '2023-01-28 06:11:52'),
(1495, 3, 4, 20, 6, NULL, '2023-01-28 06:11:52', '2023-01-28 06:11:52'),
(1496, 3, 5, 21, 6, NULL, '2023-01-28 06:11:52', '2023-01-28 06:11:52'),
(1497, 3, 5, 22, 6, NULL, '2023-01-28 06:11:52', '2023-01-28 06:11:52'),
(1498, 3, 5, 23, 6, NULL, '2023-01-28 06:11:52', '2023-01-28 06:11:52'),
(1499, 3, 5, 24, 6, NULL, '2023-01-28 06:11:52', '2023-01-28 06:11:52'),
(1500, 3, 5, 25, 6, NULL, '2023-01-28 06:11:52', '2023-01-28 06:11:52'),
(1501, 4, 1, 1, 6, NULL, '2023-01-28 06:12:07', '2023-01-28 06:12:07'),
(1502, 4, 1, 2, 6, NULL, '2023-01-28 06:12:07', '2023-01-28 06:12:07'),
(1503, 4, 1, 3, 6, NULL, '2023-01-28 06:12:07', '2023-01-28 06:12:07'),
(1504, 4, 1, 4, 6, NULL, '2023-01-28 06:12:07', '2023-01-28 06:12:07'),
(1505, 4, 1, 5, 6, NULL, '2023-01-28 06:12:07', '2023-01-28 06:12:07'),
(1506, 4, 2, 6, 6, NULL, '2023-01-28 06:12:07', '2023-01-28 06:12:07'),
(1507, 4, 2, 7, 6, NULL, '2023-01-28 06:12:07', '2023-01-28 06:12:07'),
(1508, 4, 2, 8, 6, NULL, '2023-01-28 06:12:07', '2023-01-28 06:12:07'),
(1509, 4, 2, 9, 6, NULL, '2023-01-28 06:12:07', '2023-01-28 06:12:07'),
(1510, 4, 2, 10, 6, NULL, '2023-01-28 06:12:07', '2023-01-28 06:12:07'),
(1511, 4, 3, 11, 6, NULL, '2023-01-28 06:12:07', '2023-01-28 06:12:07'),
(1512, 4, 3, 12, 6, NULL, '2023-01-28 06:12:07', '2023-01-28 06:12:07'),
(1513, 4, 3, 13, 6, NULL, '2023-01-28 06:12:07', '2023-01-28 06:12:07'),
(1514, 4, 3, 14, 6, NULL, '2023-01-28 06:12:07', '2023-01-28 06:12:07'),
(1515, 4, 3, 15, 6, NULL, '2023-01-28 06:12:07', '2023-01-28 06:12:07'),
(1516, 4, 4, 16, 6, NULL, '2023-01-28 06:12:07', '2023-01-28 06:12:07'),
(1517, 4, 4, 17, 6, NULL, '2023-01-28 06:12:07', '2023-01-28 06:12:07'),
(1518, 4, 4, 18, 6, NULL, '2023-01-28 06:12:07', '2023-01-28 06:12:07'),
(1519, 4, 4, 19, 6, NULL, '2023-01-28 06:12:07', '2023-01-28 06:12:07'),
(1520, 4, 4, 20, 6, NULL, '2023-01-28 06:12:07', '2023-01-28 06:12:07'),
(1521, 4, 5, 21, 6, NULL, '2023-01-28 06:12:07', '2023-01-28 06:12:07'),
(1522, 4, 5, 22, 6, NULL, '2023-01-28 06:12:07', '2023-01-28 06:12:07'),
(1523, 4, 5, 23, 6, NULL, '2023-01-28 06:12:07', '2023-01-28 06:12:07'),
(1524, 4, 5, 24, 6, NULL, '2023-01-28 06:12:07', '2023-01-28 06:12:07'),
(1525, 4, 5, 25, 6, NULL, '2023-01-28 06:12:07', '2023-01-28 06:12:07'),
(1526, 5, 6, 26, 6, NULL, '2023-01-28 06:13:23', '2023-01-28 06:13:23'),
(1527, 5, 6, 27, 6, NULL, '2023-01-28 06:13:23', '2023-01-28 06:13:23'),
(1528, 5, 6, 28, 6, NULL, '2023-01-28 06:13:23', '2023-01-28 06:13:23'),
(1529, 5, 6, 29, 6, NULL, '2023-01-28 06:13:23', '2023-01-28 06:13:23'),
(1530, 5, 6, 30, 6, NULL, '2023-01-28 06:13:23', '2023-01-28 06:13:23'),
(1531, 5, 7, 31, 6, NULL, '2023-01-28 06:13:23', '2023-01-28 06:13:23'),
(1532, 5, 7, 32, 6, NULL, '2023-01-28 06:13:23', '2023-01-28 06:13:23'),
(1533, 5, 7, 33, 6, NULL, '2023-01-28 06:13:23', '2023-01-28 06:13:23'),
(1534, 5, 7, 34, 6, NULL, '2023-01-28 06:13:23', '2023-01-28 06:13:23'),
(1535, 5, 7, 35, 6, NULL, '2023-01-28 06:13:23', '2023-01-28 06:13:23'),
(1536, 5, 8, 36, 6, NULL, '2023-01-28 06:13:23', '2023-01-28 06:13:23'),
(1537, 5, 8, 37, 6, NULL, '2023-01-28 06:13:23', '2023-01-28 06:13:23'),
(1538, 5, 8, 38, 6, NULL, '2023-01-28 06:13:23', '2023-01-28 06:13:23'),
(1539, 5, 8, 39, 6, NULL, '2023-01-28 06:13:23', '2023-01-28 06:13:23'),
(1540, 5, 8, 40, 6, NULL, '2023-01-28 06:13:23', '2023-01-28 06:13:23'),
(1541, 5, 9, 41, 6, NULL, '2023-01-28 06:13:23', '2023-01-28 06:13:23'),
(1542, 5, 9, 42, 6, NULL, '2023-01-28 06:13:23', '2023-01-28 06:13:23'),
(1543, 5, 9, 43, 6, NULL, '2023-01-28 06:13:24', '2023-01-28 06:13:24'),
(1544, 5, 9, 44, 6, NULL, '2023-01-28 06:13:24', '2023-01-28 06:13:24'),
(1545, 5, 9, 45, 6, NULL, '2023-01-28 06:13:24', '2023-01-28 06:13:24'),
(1546, 5, 10, 46, 6, NULL, '2023-01-28 06:13:24', '2023-01-28 06:13:24'),
(1547, 5, 10, 47, 6, NULL, '2023-01-28 06:13:24', '2023-01-28 06:13:24'),
(1548, 5, 10, 48, 6, NULL, '2023-01-28 06:13:24', '2023-01-28 06:13:24'),
(1549, 5, 10, 49, 6, NULL, '2023-01-28 06:13:24', '2023-01-28 06:13:24'),
(1550, 5, 10, 50, 6, NULL, '2023-01-28 06:13:24', '2023-01-28 06:13:24'),
(1551, 6, 6, 26, 6, NULL, '2023-01-28 06:13:40', '2023-01-28 06:13:40'),
(1552, 6, 6, 27, 6, NULL, '2023-01-28 06:13:40', '2023-01-28 06:13:40'),
(1553, 6, 6, 28, 6, NULL, '2023-01-28 06:13:40', '2023-01-28 06:13:40'),
(1554, 6, 6, 29, 6, NULL, '2023-01-28 06:13:40', '2023-01-28 06:13:40'),
(1555, 6, 6, 30, 6, NULL, '2023-01-28 06:13:40', '2023-01-28 06:13:40'),
(1556, 6, 7, 31, 6, NULL, '2023-01-28 06:13:40', '2023-01-28 06:13:40'),
(1557, 6, 7, 32, 6, NULL, '2023-01-28 06:13:40', '2023-01-28 06:13:40'),
(1558, 6, 7, 33, 6, NULL, '2023-01-28 06:13:40', '2023-01-28 06:13:40'),
(1559, 6, 7, 34, 6, NULL, '2023-01-28 06:13:40', '2023-01-28 06:13:40'),
(1560, 6, 7, 35, 6, NULL, '2023-01-28 06:13:40', '2023-01-28 06:13:40'),
(1561, 6, 8, 36, 6, NULL, '2023-01-28 06:13:40', '2023-01-28 06:13:40'),
(1562, 6, 8, 37, 6, NULL, '2023-01-28 06:13:40', '2023-01-28 06:13:40'),
(1563, 6, 8, 38, 6, NULL, '2023-01-28 06:13:40', '2023-01-28 06:13:40'),
(1564, 6, 8, 39, 6, NULL, '2023-01-28 06:13:40', '2023-01-28 06:13:40'),
(1565, 6, 8, 40, 6, NULL, '2023-01-28 06:13:40', '2023-01-28 06:13:40'),
(1566, 6, 9, 41, 6, NULL, '2023-01-28 06:13:40', '2023-01-28 06:13:40'),
(1567, 6, 9, 42, 6, NULL, '2023-01-28 06:13:40', '2023-01-28 06:13:40'),
(1568, 6, 9, 43, 6, NULL, '2023-01-28 06:13:40', '2023-01-28 06:13:40'),
(1569, 6, 9, 44, 6, NULL, '2023-01-28 06:13:40', '2023-01-28 06:13:40'),
(1570, 6, 9, 45, 6, NULL, '2023-01-28 06:13:40', '2023-01-28 06:13:40'),
(1571, 6, 10, 46, 6, NULL, '2023-01-28 06:13:40', '2023-01-28 06:13:40'),
(1572, 6, 10, 47, 6, NULL, '2023-01-28 06:13:40', '2023-01-28 06:13:40'),
(1573, 6, 10, 48, 6, NULL, '2023-01-28 06:13:40', '2023-01-28 06:13:40'),
(1574, 6, 10, 49, 6, NULL, '2023-01-28 06:13:40', '2023-01-28 06:13:40'),
(1575, 6, 10, 50, 6, NULL, '2023-01-28 06:13:40', '2023-01-28 06:13:40'),
(1576, 7, 6, 26, 6, NULL, '2023-01-28 06:14:30', '2023-01-28 06:14:30'),
(1577, 7, 6, 27, 6, NULL, '2023-01-28 06:14:30', '2023-01-28 06:14:30'),
(1578, 7, 6, 28, 6, NULL, '2023-01-28 06:14:30', '2023-01-28 06:14:30'),
(1579, 7, 6, 29, 6, NULL, '2023-01-28 06:14:30', '2023-01-28 06:14:30'),
(1580, 7, 6, 30, 6, NULL, '2023-01-28 06:14:30', '2023-01-28 06:14:30'),
(1581, 7, 7, 31, 6, NULL, '2023-01-28 06:14:30', '2023-01-28 06:14:30'),
(1582, 7, 7, 32, 6, NULL, '2023-01-28 06:14:30', '2023-01-28 06:14:30'),
(1583, 7, 7, 33, 6, NULL, '2023-01-28 06:14:30', '2023-01-28 06:14:30'),
(1584, 7, 7, 34, 6, NULL, '2023-01-28 06:14:30', '2023-01-28 06:14:30'),
(1585, 7, 7, 35, 6, NULL, '2023-01-28 06:14:30', '2023-01-28 06:14:30'),
(1586, 7, 8, 36, 6, NULL, '2023-01-28 06:14:31', '2023-01-28 06:14:31'),
(1587, 7, 8, 37, 6, NULL, '2023-01-28 06:14:31', '2023-01-28 06:14:31'),
(1588, 7, 8, 38, 6, NULL, '2023-01-28 06:14:31', '2023-01-28 06:14:31'),
(1589, 7, 8, 39, 6, NULL, '2023-01-28 06:14:31', '2023-01-28 06:14:31'),
(1590, 7, 8, 40, 6, NULL, '2023-01-28 06:14:31', '2023-01-28 06:14:31'),
(1591, 7, 9, 41, 6, NULL, '2023-01-28 06:14:31', '2023-01-28 06:14:31'),
(1592, 7, 9, 42, 6, NULL, '2023-01-28 06:14:31', '2023-01-28 06:14:31'),
(1593, 7, 9, 43, 6, NULL, '2023-01-28 06:14:31', '2023-01-28 06:14:31'),
(1594, 7, 9, 44, 6, NULL, '2023-01-28 06:14:31', '2023-01-28 06:14:31'),
(1595, 7, 9, 45, 6, NULL, '2023-01-28 06:14:31', '2023-01-28 06:14:31'),
(1596, 7, 10, 46, 6, NULL, '2023-01-28 06:14:31', '2023-01-28 06:14:31'),
(1597, 7, 10, 47, 6, NULL, '2023-01-28 06:14:31', '2023-01-28 06:14:31'),
(1598, 7, 10, 48, 6, NULL, '2023-01-28 06:14:31', '2023-01-28 06:14:31'),
(1599, 7, 10, 49, 6, NULL, '2023-01-28 06:14:31', '2023-01-28 06:14:31'),
(1600, 7, 10, 50, 6, NULL, '2023-01-28 06:14:31', '2023-01-28 06:14:31'),
(1601, 8, 6, 26, 6, NULL, '2023-01-28 06:14:48', '2023-01-28 06:14:48'),
(1602, 8, 6, 27, 6, NULL, '2023-01-28 06:14:48', '2023-01-28 06:14:48'),
(1603, 8, 6, 28, 6, NULL, '2023-01-28 06:14:48', '2023-01-28 06:14:48'),
(1604, 8, 6, 29, 6, NULL, '2023-01-28 06:14:48', '2023-01-28 06:14:48'),
(1605, 8, 6, 30, 6, NULL, '2023-01-28 06:14:48', '2023-01-28 06:14:48'),
(1606, 8, 7, 31, 6, NULL, '2023-01-28 06:14:48', '2023-01-28 06:14:48'),
(1607, 8, 7, 32, 6, NULL, '2023-01-28 06:14:48', '2023-01-28 06:14:48'),
(1608, 8, 7, 33, 6, NULL, '2023-01-28 06:14:48', '2023-01-28 06:14:48'),
(1609, 8, 7, 34, 6, NULL, '2023-01-28 06:14:48', '2023-01-28 06:14:48'),
(1610, 8, 7, 35, 6, NULL, '2023-01-28 06:14:48', '2023-01-28 06:14:48'),
(1611, 8, 8, 36, 6, NULL, '2023-01-28 06:14:48', '2023-01-28 06:14:48'),
(1612, 8, 8, 37, 6, NULL, '2023-01-28 06:14:48', '2023-01-28 06:14:48'),
(1613, 8, 8, 38, 6, NULL, '2023-01-28 06:14:48', '2023-01-28 06:14:48'),
(1614, 8, 8, 39, 6, NULL, '2023-01-28 06:14:48', '2023-01-28 06:14:48'),
(1615, 8, 8, 40, 6, NULL, '2023-01-28 06:14:48', '2023-01-28 06:14:48'),
(1616, 8, 9, 41, 6, NULL, '2023-01-28 06:14:48', '2023-01-28 06:14:48'),
(1617, 8, 9, 42, 6, NULL, '2023-01-28 06:14:48', '2023-01-28 06:14:48'),
(1618, 8, 9, 43, 6, NULL, '2023-01-28 06:14:48', '2023-01-28 06:14:48'),
(1619, 8, 9, 44, 6, NULL, '2023-01-28 06:14:48', '2023-01-28 06:14:48'),
(1620, 8, 9, 45, 6, NULL, '2023-01-28 06:14:48', '2023-01-28 06:14:48'),
(1621, 8, 10, 46, 6, NULL, '2023-01-28 06:14:48', '2023-01-28 06:14:48'),
(1622, 8, 10, 47, 6, NULL, '2023-01-28 06:14:48', '2023-01-28 06:14:48'),
(1623, 8, 10, 48, 6, NULL, '2023-01-28 06:14:48', '2023-01-28 06:14:48'),
(1624, 8, 10, 49, 6, NULL, '2023-01-28 06:14:48', '2023-01-28 06:14:48'),
(1625, 8, 10, 50, 6, NULL, '2023-01-28 06:14:48', '2023-01-28 06:14:48'),
(1626, 9, 6, 26, 6, NULL, '2023-01-28 06:15:24', '2023-01-28 06:15:24'),
(1627, 9, 6, 27, 1, NULL, '2023-01-28 06:15:24', '2023-01-28 06:15:24'),
(1628, 9, 6, 28, 6, NULL, '2023-01-28 06:15:24', '2023-01-28 06:15:24'),
(1629, 9, 6, 29, 1, NULL, '2023-01-28 06:15:24', '2023-01-28 06:15:24'),
(1630, 9, 6, 30, 0, NULL, '2023-01-28 06:15:24', '2023-01-28 06:15:24'),
(1631, 9, 7, 31, 1, NULL, '2023-01-28 06:15:24', '2023-01-28 06:15:24'),
(1632, 9, 7, 32, 6, NULL, '2023-01-28 06:15:24', '2023-01-28 06:15:24'),
(1633, 9, 7, 33, 0, NULL, '2023-01-28 06:15:24', '2023-01-28 06:15:24'),
(1634, 9, 7, 34, 0, NULL, '2023-01-28 06:15:24', '2023-01-28 06:15:24'),
(1635, 9, 7, 35, 1, NULL, '2023-01-28 06:15:24', '2023-01-28 06:15:24'),
(1636, 9, 8, 36, 0, NULL, '2023-01-28 06:15:24', '2023-01-28 06:15:24'),
(1637, 9, 8, 37, 6, NULL, '2023-01-28 06:15:24', '2023-01-28 06:15:24'),
(1638, 9, 8, 38, 0, NULL, '2023-01-28 06:15:24', '2023-01-28 06:15:24'),
(1639, 9, 8, 39, 6, NULL, '2023-01-28 06:15:24', '2023-01-28 06:15:24'),
(1640, 9, 8, 40, 0, NULL, '2023-01-28 06:15:24', '2023-01-28 06:15:24'),
(1641, 9, 9, 41, 1, NULL, '2023-01-28 06:15:24', '2023-01-28 06:15:24'),
(1642, 9, 9, 42, 6, NULL, '2023-01-28 06:15:24', '2023-01-28 06:15:24'),
(1643, 9, 9, 43, 6, NULL, '2023-01-28 06:15:24', '2023-01-28 06:15:24'),
(1644, 9, 9, 44, 0, NULL, '2023-01-28 06:15:24', '2023-01-28 06:15:24'),
(1645, 9, 9, 45, 1, NULL, '2023-01-28 06:15:24', '2023-01-28 06:15:24'),
(1646, 9, 10, 46, 6, NULL, '2023-01-28 06:15:24', '2023-01-28 06:15:24'),
(1647, 9, 10, 47, 6, NULL, '2023-01-28 06:15:24', '2023-01-28 06:15:24'),
(1648, 9, 10, 48, 0, NULL, '2023-01-28 06:15:24', '2023-01-28 06:15:24'),
(1649, 9, 10, 49, 1, NULL, '2023-01-28 06:15:24', '2023-01-28 06:15:24'),
(1650, 9, 10, 50, 0, NULL, '2023-01-28 06:15:24', '2023-01-28 06:15:24'),
(1651, 10, 6, 26, 6, NULL, '2023-01-28 06:24:38', '2023-01-28 06:24:38'),
(1652, 10, 6, 27, 6, NULL, '2023-01-28 06:24:38', '2023-01-28 06:24:38'),
(1653, 10, 6, 28, 1, NULL, '2023-01-28 06:24:38', '2023-01-28 06:24:38'),
(1654, 10, 6, 29, 0, NULL, '2023-01-28 06:24:38', '2023-01-28 06:24:38'),
(1655, 10, 6, 30, 1, NULL, '2023-01-28 06:24:38', '2023-01-28 06:24:38'),
(1656, 10, 7, 31, 0, NULL, '2023-01-28 06:24:38', '2023-01-28 06:24:38'),
(1657, 10, 7, 32, 1, NULL, '2023-01-28 06:24:38', '2023-01-28 06:24:38'),
(1658, 10, 7, 33, 0, NULL, '2023-01-28 06:24:38', '2023-01-28 06:24:38'),
(1659, 10, 7, 34, 1, NULL, '2023-01-28 06:24:38', '2023-01-28 06:24:38'),
(1660, 10, 7, 35, 0, NULL, '2023-01-28 06:24:38', '2023-01-28 06:24:38'),
(1661, 10, 8, 36, 1, NULL, '2023-01-28 06:24:38', '2023-01-28 06:24:38'),
(1662, 10, 8, 37, 6, NULL, '2023-01-28 06:24:38', '2023-01-28 06:24:38'),
(1663, 10, 8, 38, 1, NULL, '2023-01-28 06:24:38', '2023-01-28 06:24:38'),
(1664, 10, 8, 39, 0, NULL, '2023-01-28 06:24:38', '2023-01-28 06:24:38'),
(1665, 10, 8, 40, 6, NULL, '2023-01-28 06:24:38', '2023-01-28 06:24:38'),
(1666, 10, 9, 41, 1, NULL, '2023-01-28 06:24:38', '2023-01-28 06:24:38'),
(1667, 10, 9, 42, 1, NULL, '2023-01-28 06:24:38', '2023-01-28 06:24:38'),
(1668, 10, 9, 43, 6, NULL, '2023-01-28 06:24:39', '2023-01-28 06:24:39'),
(1669, 10, 9, 44, 6, NULL, '2023-01-28 06:24:39', '2023-01-28 06:24:39'),
(1670, 10, 9, 45, 1, NULL, '2023-01-28 06:24:39', '2023-01-28 06:24:39'),
(1671, 10, 10, 46, 6, NULL, '2023-01-28 06:24:39', '2023-01-28 06:24:39'),
(1672, 10, 10, 47, 0, NULL, '2023-01-28 06:24:39', '2023-01-28 06:24:39'),
(1673, 10, 10, 48, 0, NULL, '2023-01-28 06:24:39', '2023-01-28 06:24:39'),
(1674, 10, 10, 49, 6, NULL, '2023-01-28 06:24:39', '2023-01-28 06:24:39'),
(1675, 10, 10, 50, 1, NULL, '2023-01-28 06:24:39', '2023-01-28 06:24:39'),
(1676, 11, 6, 26, 1, NULL, '2023-01-28 06:24:52', '2023-01-28 06:24:52'),
(1677, 11, 6, 27, 6, NULL, '2023-01-28 06:24:52', '2023-01-28 06:24:52'),
(1678, 11, 6, 28, 0, NULL, '2023-01-28 06:24:52', '2023-01-28 06:24:52'),
(1679, 11, 6, 29, 6, NULL, '2023-01-28 06:24:52', '2023-01-28 06:24:52'),
(1680, 11, 6, 30, 6, NULL, '2023-01-28 06:24:52', '2023-01-28 06:24:52'),
(1681, 11, 7, 31, 0, NULL, '2023-01-28 06:24:52', '2023-01-28 06:24:52'),
(1682, 11, 7, 32, 6, NULL, '2023-01-28 06:24:52', '2023-01-28 06:24:52'),
(1683, 11, 7, 33, 6, NULL, '2023-01-28 06:24:52', '2023-01-28 06:24:52'),
(1684, 11, 7, 34, 0, NULL, '2023-01-28 06:24:52', '2023-01-28 06:24:52'),
(1685, 11, 7, 35, 1, NULL, '2023-01-28 06:24:52', '2023-01-28 06:24:52'),
(1686, 11, 8, 36, 0, NULL, '2023-01-28 06:24:52', '2023-01-28 06:24:52'),
(1687, 11, 8, 37, 0, NULL, '2023-01-28 06:24:52', '2023-01-28 06:24:52'),
(1688, 11, 8, 38, 0, NULL, '2023-01-28 06:24:52', '2023-01-28 06:24:52'),
(1689, 11, 8, 39, 0, NULL, '2023-01-28 06:24:52', '2023-01-28 06:24:52'),
(1690, 11, 8, 40, 0, NULL, '2023-01-28 06:24:52', '2023-01-28 06:24:52'),
(1691, 11, 9, 41, 6, NULL, '2023-01-28 06:24:52', '2023-01-28 06:24:52'),
(1692, 11, 9, 42, 1, NULL, '2023-01-28 06:24:52', '2023-01-28 06:24:52'),
(1693, 11, 9, 43, 1, NULL, '2023-01-28 06:24:52', '2023-01-28 06:24:52'),
(1694, 11, 9, 44, 6, NULL, '2023-01-28 06:24:52', '2023-01-28 06:24:52'),
(1695, 11, 9, 45, 1, NULL, '2023-01-28 06:24:52', '2023-01-28 06:24:52'),
(1696, 11, 10, 46, 0, NULL, '2023-01-28 06:24:53', '2023-01-28 06:24:53'),
(1697, 11, 10, 47, 0, NULL, '2023-01-28 06:24:53', '2023-01-28 06:24:53'),
(1698, 11, 10, 48, 1, NULL, '2023-01-28 06:24:53', '2023-01-28 06:24:53'),
(1699, 11, 10, 49, 1, NULL, '2023-01-28 06:24:53', '2023-01-28 06:24:53'),
(1700, 11, 10, 50, 1, NULL, '2023-01-28 06:24:53', '2023-01-28 06:24:53'),
(1701, 12, 6, 26, 0, NULL, '2023-01-28 06:25:09', '2023-01-28 06:25:09'),
(1702, 12, 6, 27, 0, NULL, '2023-01-28 06:25:09', '2023-01-28 06:25:09'),
(1703, 12, 6, 28, 1, NULL, '2023-01-28 06:25:09', '2023-01-28 06:25:09'),
(1704, 12, 6, 29, 6, NULL, '2023-01-28 06:25:09', '2023-01-28 06:25:09'),
(1705, 12, 6, 30, 0, NULL, '2023-01-28 06:25:09', '2023-01-28 06:25:09'),
(1706, 12, 7, 31, 1, NULL, '2023-01-28 06:25:09', '2023-01-28 06:25:09'),
(1707, 12, 7, 32, 0, NULL, '2023-01-28 06:25:09', '2023-01-28 06:25:09'),
(1708, 12, 7, 33, 6, NULL, '2023-01-28 06:25:09', '2023-01-28 06:25:09'),
(1709, 12, 7, 34, 1, NULL, '2023-01-28 06:25:09', '2023-01-28 06:25:09'),
(1710, 12, 7, 35, 1, NULL, '2023-01-28 06:25:09', '2023-01-28 06:25:09'),
(1711, 12, 8, 36, 0, NULL, '2023-01-28 06:25:09', '2023-01-28 06:25:09'),
(1712, 12, 8, 37, 0, NULL, '2023-01-28 06:25:09', '2023-01-28 06:25:09'),
(1713, 12, 8, 38, 1, NULL, '2023-01-28 06:25:09', '2023-01-28 06:25:09'),
(1714, 12, 8, 39, 6, NULL, '2023-01-28 06:25:09', '2023-01-28 06:25:09'),
(1715, 12, 8, 40, 0, NULL, '2023-01-28 06:25:09', '2023-01-28 06:25:09'),
(1716, 12, 9, 41, 0, NULL, '2023-01-28 06:25:09', '2023-01-28 06:25:09'),
(1717, 12, 9, 42, 6, NULL, '2023-01-28 06:25:09', '2023-01-28 06:25:09'),
(1718, 12, 9, 43, 6, NULL, '2023-01-28 06:25:09', '2023-01-28 06:25:09'),
(1719, 12, 9, 44, 6, NULL, '2023-01-28 06:25:09', '2023-01-28 06:25:09'),
(1720, 12, 9, 45, 1, NULL, '2023-01-28 06:25:09', '2023-01-28 06:25:09'),
(1721, 12, 10, 46, 0, NULL, '2023-01-28 06:25:09', '2023-01-28 06:25:09'),
(1722, 12, 10, 47, 0, NULL, '2023-01-28 06:25:09', '2023-01-28 06:25:09'),
(1723, 12, 10, 48, 0, NULL, '2023-01-28 06:25:09', '2023-01-28 06:25:09'),
(1724, 12, 10, 49, 0, NULL, '2023-01-28 06:25:09', '2023-01-28 06:25:09'),
(1725, 12, 10, 50, 6, NULL, '2023-01-28 06:25:09', '2023-01-28 06:25:09'),
(1726, 13, 6, 26, 1, NULL, '2023-01-28 06:25:21', '2023-01-28 06:25:21'),
(1727, 13, 6, 27, 1, NULL, '2023-01-28 06:25:21', '2023-01-28 06:25:21'),
(1728, 13, 6, 28, 6, NULL, '2023-01-28 06:25:21', '2023-01-28 06:25:21'),
(1729, 13, 6, 29, 6, NULL, '2023-01-28 06:25:21', '2023-01-28 06:25:21'),
(1730, 13, 6, 30, 6, NULL, '2023-01-28 06:25:21', '2023-01-28 06:25:21'),
(1731, 13, 7, 31, 6, NULL, '2023-01-28 06:25:21', '2023-01-28 06:25:21'),
(1732, 13, 7, 32, 1, NULL, '2023-01-28 06:25:21', '2023-01-28 06:25:21'),
(1733, 13, 7, 33, 6, NULL, '2023-01-28 06:25:21', '2023-01-28 06:25:21'),
(1734, 13, 7, 34, 0, NULL, '2023-01-28 06:25:21', '2023-01-28 06:25:21'),
(1735, 13, 7, 35, 6, NULL, '2023-01-28 06:25:22', '2023-01-28 06:25:22'),
(1736, 13, 8, 36, 6, NULL, '2023-01-28 06:25:22', '2023-01-28 06:25:22'),
(1737, 13, 8, 37, 1, NULL, '2023-01-28 06:25:22', '2023-01-28 06:25:22'),
(1738, 13, 8, 38, 0, NULL, '2023-01-28 06:25:22', '2023-01-28 06:25:22'),
(1739, 13, 8, 39, 6, NULL, '2023-01-28 06:25:22', '2023-01-28 06:25:22'),
(1740, 13, 8, 40, 6, NULL, '2023-01-28 06:25:22', '2023-01-28 06:25:22'),
(1741, 13, 9, 41, 1, NULL, '2023-01-28 06:25:22', '2023-01-28 06:25:22'),
(1742, 13, 9, 42, 0, NULL, '2023-01-28 06:25:22', '2023-01-28 06:25:22'),
(1743, 13, 9, 43, 0, NULL, '2023-01-28 06:25:22', '2023-01-28 06:25:22'),
(1744, 13, 9, 44, 0, NULL, '2023-01-28 06:25:22', '2023-01-28 06:25:22'),
(1745, 13, 9, 45, 0, NULL, '2023-01-28 06:25:22', '2023-01-28 06:25:22'),
(1746, 13, 10, 46, 0, NULL, '2023-01-28 06:25:22', '2023-01-28 06:25:22'),
(1747, 13, 10, 47, 6, NULL, '2023-01-28 06:25:22', '2023-01-28 06:25:22'),
(1748, 13, 10, 48, 1, NULL, '2023-01-28 06:25:22', '2023-01-28 06:25:22'),
(1749, 13, 10, 49, 1, NULL, '2023-01-28 06:25:22', '2023-01-28 06:25:22'),
(1750, 13, 10, 50, 0, NULL, '2023-01-28 06:25:22', '2023-01-28 06:25:22'),
(1751, 14, 11, 51, 0, NULL, '2023-01-28 06:26:13', '2023-01-28 06:26:13'),
(1752, 14, 11, 52, 1, NULL, '2023-01-28 06:26:13', '2023-01-28 06:26:13'),
(1753, 14, 11, 53, 0, NULL, '2023-01-28 06:26:13', '2023-01-28 06:26:13'),
(1754, 14, 11, 54, 1, NULL, '2023-01-28 06:26:13', '2023-01-28 06:26:13'),
(1755, 14, 11, 55, 6, NULL, '2023-01-28 06:26:13', '2023-01-28 06:26:13'),
(1756, 14, 12, 56, 6, NULL, '2023-01-28 06:26:13', '2023-01-28 06:26:13'),
(1757, 14, 12, 57, 6, NULL, '2023-01-28 06:26:13', '2023-01-28 06:26:13'),
(1758, 14, 12, 58, 6, NULL, '2023-01-28 06:26:13', '2023-01-28 06:26:13'),
(1759, 14, 12, 59, 6, NULL, '2023-01-28 06:26:13', '2023-01-28 06:26:13'),
(1760, 14, 12, 60, 6, NULL, '2023-01-28 06:26:13', '2023-01-28 06:26:13'),
(1761, 14, 13, 61, 1, NULL, '2023-01-28 06:26:13', '2023-01-28 06:26:13'),
(1762, 14, 13, 62, 6, NULL, '2023-01-28 06:26:13', '2023-01-28 06:26:13'),
(1763, 14, 13, 63, 0, NULL, '2023-01-28 06:26:13', '2023-01-28 06:26:13'),
(1764, 14, 13, 64, 6, NULL, '2023-01-28 06:26:13', '2023-01-28 06:26:13'),
(1765, 14, 13, 65, 0, NULL, '2023-01-28 06:26:13', '2023-01-28 06:26:13'),
(1766, 14, 14, 66, 6, NULL, '2023-01-28 06:26:13', '2023-01-28 06:26:13'),
(1767, 14, 14, 67, 1, NULL, '2023-01-28 06:26:13', '2023-01-28 06:26:13'),
(1768, 14, 14, 68, 0, NULL, '2023-01-28 06:26:13', '2023-01-28 06:26:13'),
(1769, 14, 14, 69, 6, NULL, '2023-01-28 06:26:13', '2023-01-28 06:26:13'),
(1770, 14, 14, 70, 6, NULL, '2023-01-28 06:26:13', '2023-01-28 06:26:13'),
(1771, 14, 15, 71, 1, NULL, '2023-01-28 06:26:13', '2023-01-28 06:26:13'),
(1772, 14, 15, 72, 6, NULL, '2023-01-28 06:26:13', '2023-01-28 06:26:13'),
(1773, 14, 15, 73, 1, NULL, '2023-01-28 06:26:13', '2023-01-28 06:26:13'),
(1774, 14, 15, 74, 0, NULL, '2023-01-28 06:26:13', '2023-01-28 06:26:13'),
(1775, 14, 15, 75, 0, NULL, '2023-01-28 06:26:13', '2023-01-28 06:26:13'),
(1776, 15, 11, 51, 1, NULL, '2023-01-28 06:26:15', '2023-01-28 06:26:15'),
(1777, 15, 11, 52, 0, NULL, '2023-01-28 06:26:15', '2023-01-28 06:26:15'),
(1778, 15, 11, 53, 0, NULL, '2023-01-28 06:26:15', '2023-01-28 06:26:15'),
(1779, 15, 11, 54, 1, NULL, '2023-01-28 06:26:15', '2023-01-28 06:26:15'),
(1780, 15, 11, 55, 0, NULL, '2023-01-28 06:26:15', '2023-01-28 06:26:15'),
(1781, 15, 12, 56, 6, NULL, '2023-01-28 06:26:15', '2023-01-28 06:26:15'),
(1782, 15, 12, 57, 6, NULL, '2023-01-28 06:26:15', '2023-01-28 06:26:15'),
(1783, 15, 12, 58, 0, NULL, '2023-01-28 06:26:15', '2023-01-28 06:26:15'),
(1784, 15, 12, 59, 0, NULL, '2023-01-28 06:26:15', '2023-01-28 06:26:15'),
(1785, 15, 12, 60, 1, NULL, '2023-01-28 06:26:15', '2023-01-28 06:26:15'),
(1786, 15, 13, 61, 1, NULL, '2023-01-28 06:26:15', '2023-01-28 06:26:15'),
(1787, 15, 13, 62, 0, NULL, '2023-01-28 06:26:15', '2023-01-28 06:26:15'),
(1788, 15, 13, 63, 6, NULL, '2023-01-28 06:26:15', '2023-01-28 06:26:15'),
(1789, 15, 13, 64, 0, NULL, '2023-01-28 06:26:15', '2023-01-28 06:26:15'),
(1790, 15, 13, 65, 6, NULL, '2023-01-28 06:26:15', '2023-01-28 06:26:15'),
(1791, 15, 14, 66, 0, NULL, '2023-01-28 06:26:15', '2023-01-28 06:26:15'),
(1792, 15, 14, 67, 1, NULL, '2023-01-28 06:26:15', '2023-01-28 06:26:15'),
(1793, 15, 14, 68, 1, NULL, '2023-01-28 06:26:15', '2023-01-28 06:26:15'),
(1794, 15, 14, 69, 0, NULL, '2023-01-28 06:26:15', '2023-01-28 06:26:15'),
(1795, 15, 14, 70, 0, NULL, '2023-01-28 06:26:15', '2023-01-28 06:26:15'),
(1796, 15, 15, 71, 6, NULL, '2023-01-28 06:26:15', '2023-01-28 06:26:15'),
(1797, 15, 15, 72, 1, NULL, '2023-01-28 06:26:15', '2023-01-28 06:26:15'),
(1798, 15, 15, 73, 6, NULL, '2023-01-28 06:26:15', '2023-01-28 06:26:15'),
(1799, 15, 15, 74, 0, NULL, '2023-01-28 06:26:15', '2023-01-28 06:26:15'),
(1800, 15, 15, 75, 1, NULL, '2023-01-28 06:26:15', '2023-01-28 06:26:15'),
(1801, 16, 11, 51, 0, NULL, '2023-01-28 06:26:35', '2023-01-28 06:26:35'),
(1802, 16, 11, 52, 0, NULL, '2023-01-28 06:26:35', '2023-01-28 06:26:35'),
(1803, 16, 11, 53, 1, NULL, '2023-01-28 06:26:35', '2023-01-28 06:26:35'),
(1804, 16, 11, 54, 0, NULL, '2023-01-28 06:26:35', '2023-01-28 06:26:35'),
(1805, 16, 11, 55, 0, NULL, '2023-01-28 06:26:35', '2023-01-28 06:26:35'),
(1806, 16, 12, 56, 1, NULL, '2023-01-28 06:26:35', '2023-01-28 06:26:35'),
(1807, 16, 12, 57, 1, NULL, '2023-01-28 06:26:35', '2023-01-28 06:26:35'),
(1808, 16, 12, 58, 6, NULL, '2023-01-28 06:26:35', '2023-01-28 06:26:35'),
(1809, 16, 12, 59, 1, NULL, '2023-01-28 06:26:35', '2023-01-28 06:26:35'),
(1810, 16, 12, 60, 6, NULL, '2023-01-28 06:26:35', '2023-01-28 06:26:35'),
(1811, 16, 13, 61, 0, NULL, '2023-01-28 06:26:35', '2023-01-28 06:26:35'),
(1812, 16, 13, 62, 1, NULL, '2023-01-28 06:26:35', '2023-01-28 06:26:35'),
(1813, 16, 13, 63, 0, NULL, '2023-01-28 06:26:35', '2023-01-28 06:26:35'),
(1814, 16, 13, 64, 6, NULL, '2023-01-28 06:26:35', '2023-01-28 06:26:35'),
(1815, 16, 13, 65, 6, NULL, '2023-01-28 06:26:35', '2023-01-28 06:26:35'),
(1816, 16, 14, 66, 0, NULL, '2023-01-28 06:26:36', '2023-01-28 06:26:36'),
(1817, 16, 14, 67, 6, NULL, '2023-01-28 06:26:36', '2023-01-28 06:26:36'),
(1818, 16, 14, 68, 1, NULL, '2023-01-28 06:26:36', '2023-01-28 06:26:36'),
(1819, 16, 14, 69, 0, NULL, '2023-01-28 06:26:36', '2023-01-28 06:26:36'),
(1820, 16, 14, 70, 1, NULL, '2023-01-28 06:26:36', '2023-01-28 06:26:36'),
(1821, 16, 15, 71, 6, NULL, '2023-01-28 06:26:36', '2023-01-28 06:26:36'),
(1822, 16, 15, 72, 0, NULL, '2023-01-28 06:26:36', '2023-01-28 06:26:36'),
(1823, 16, 15, 73, 6, NULL, '2023-01-28 06:26:36', '2023-01-28 06:26:36'),
(1824, 16, 15, 74, 1, NULL, '2023-01-28 06:26:36', '2023-01-28 06:26:36'),
(1825, 16, 15, 75, 1, NULL, '2023-01-28 06:26:36', '2023-01-28 06:26:36'),
(1826, 17, 11, 51, 0, NULL, '2023-01-28 06:26:37', '2023-01-28 06:26:37'),
(1827, 17, 11, 52, 0, NULL, '2023-01-28 06:26:37', '2023-01-28 06:26:37'),
(1828, 17, 11, 53, 1, NULL, '2023-01-28 06:26:37', '2023-01-28 06:26:37'),
(1829, 17, 11, 54, 6, NULL, '2023-01-28 06:26:37', '2023-01-28 06:26:37'),
(1830, 17, 11, 55, 0, NULL, '2023-01-28 06:26:37', '2023-01-28 06:26:37'),
(1831, 17, 12, 56, 6, NULL, '2023-01-28 06:26:37', '2023-01-28 06:26:37'),
(1832, 17, 12, 57, 1, NULL, '2023-01-28 06:26:37', '2023-01-28 06:26:37'),
(1833, 17, 12, 58, 6, NULL, '2023-01-28 06:26:37', '2023-01-28 06:26:37'),
(1834, 17, 12, 59, 6, NULL, '2023-01-28 06:26:37', '2023-01-28 06:26:37'),
(1835, 17, 12, 60, 1, NULL, '2023-01-28 06:26:37', '2023-01-28 06:26:37'),
(1836, 17, 13, 61, 0, NULL, '2023-01-28 06:26:37', '2023-01-28 06:26:37'),
(1837, 17, 13, 62, 1, NULL, '2023-01-28 06:26:37', '2023-01-28 06:26:37'),
(1838, 17, 13, 63, 0, NULL, '2023-01-28 06:26:37', '2023-01-28 06:26:37'),
(1839, 17, 13, 64, 6, NULL, '2023-01-28 06:26:37', '2023-01-28 06:26:37'),
(1840, 17, 13, 65, 6, NULL, '2023-01-28 06:26:37', '2023-01-28 06:26:37'),
(1841, 17, 14, 66, 0, NULL, '2023-01-28 06:26:37', '2023-01-28 06:26:37'),
(1842, 17, 14, 67, 6, NULL, '2023-01-28 06:26:37', '2023-01-28 06:26:37'),
(1843, 17, 14, 68, 1, NULL, '2023-01-28 06:26:37', '2023-01-28 06:26:37'),
(1844, 17, 14, 69, 1, NULL, '2023-01-28 06:26:37', '2023-01-28 06:26:37'),
(1845, 17, 14, 70, 1, NULL, '2023-01-28 06:26:37', '2023-01-28 06:26:37'),
(1846, 17, 15, 71, 6, NULL, '2023-01-28 06:26:37', '2023-01-28 06:26:37'),
(1847, 17, 15, 72, 6, NULL, '2023-01-28 06:26:37', '2023-01-28 06:26:37'),
(1848, 17, 15, 73, 6, NULL, '2023-01-28 06:26:37', '2023-01-28 06:26:37'),
(1849, 17, 15, 74, 0, NULL, '2023-01-28 06:26:37', '2023-01-28 06:26:37'),
(1850, 17, 15, 75, 0, NULL, '2023-01-28 06:26:37', '2023-01-28 06:26:37'),
(1851, 18, 11, 51, 6, NULL, '2023-01-28 06:29:14', '2023-01-28 06:29:14'),
(1852, 18, 11, 52, 6, NULL, '2023-01-28 06:29:14', '2023-01-28 06:29:14'),
(1853, 18, 11, 53, 1, NULL, '2023-01-28 06:29:14', '2023-01-28 06:29:14'),
(1854, 18, 11, 54, 6, NULL, '2023-01-28 06:29:14', '2023-01-28 06:29:14'),
(1855, 18, 11, 55, 0, NULL, '2023-01-28 06:29:14', '2023-01-28 06:29:14'),
(1856, 18, 12, 56, 0, NULL, '2023-01-28 06:29:14', '2023-01-28 06:29:14'),
(1857, 18, 12, 57, 6, NULL, '2023-01-28 06:29:14', '2023-01-28 06:29:14'),
(1858, 18, 12, 58, 0, NULL, '2023-01-28 06:29:14', '2023-01-28 06:29:14'),
(1859, 18, 12, 59, 0, NULL, '2023-01-28 06:29:14', '2023-01-28 06:29:14'),
(1860, 18, 12, 60, 6, NULL, '2023-01-28 06:29:14', '2023-01-28 06:29:14'),
(1861, 18, 13, 61, 0, NULL, '2023-01-28 06:29:14', '2023-01-28 06:29:14'),
(1862, 18, 13, 62, 0, NULL, '2023-01-28 06:29:14', '2023-01-28 06:29:14'),
(1863, 18, 13, 63, 1, NULL, '2023-01-28 06:29:14', '2023-01-28 06:29:14'),
(1864, 18, 13, 64, 0, NULL, '2023-01-28 06:29:14', '2023-01-28 06:29:14'),
(1865, 18, 13, 65, 0, NULL, '2023-01-28 06:29:14', '2023-01-28 06:29:14'),
(1866, 18, 14, 66, 1, NULL, '2023-01-28 06:29:14', '2023-01-28 06:29:14'),
(1867, 18, 14, 67, 1, NULL, '2023-01-28 06:29:14', '2023-01-28 06:29:14'),
(1868, 18, 14, 68, 0, NULL, '2023-01-28 06:29:14', '2023-01-28 06:29:14'),
(1869, 18, 14, 69, 0, NULL, '2023-01-28 06:29:14', '2023-01-28 06:29:14'),
(1870, 18, 14, 70, 6, NULL, '2023-01-28 06:29:14', '2023-01-28 06:29:14'),
(1871, 18, 15, 71, 6, NULL, '2023-01-28 06:29:14', '2023-01-28 06:29:14'),
(1872, 18, 15, 72, 1, NULL, '2023-01-28 06:29:14', '2023-01-28 06:29:14'),
(1873, 18, 15, 73, 0, NULL, '2023-01-28 06:29:14', '2023-01-28 06:29:14'),
(1874, 18, 15, 74, 1, NULL, '2023-01-28 06:29:14', '2023-01-28 06:29:14'),
(1875, 18, 15, 75, 6, NULL, '2023-01-28 06:29:14', '2023-01-28 06:29:14'),
(1876, 19, 11, 51, 6, NULL, '2023-01-28 06:29:16', '2023-01-28 06:29:16'),
(1877, 19, 11, 52, 1, NULL, '2023-01-28 06:29:16', '2023-01-28 06:29:16'),
(1878, 19, 11, 53, 1, NULL, '2023-01-28 06:29:16', '2023-01-28 06:29:16'),
(1879, 19, 11, 54, 1, NULL, '2023-01-28 06:29:16', '2023-01-28 06:29:16'),
(1880, 19, 11, 55, 1, NULL, '2023-01-28 06:29:16', '2023-01-28 06:29:16'),
(1881, 19, 12, 56, 0, NULL, '2023-01-28 06:29:16', '2023-01-28 06:29:16'),
(1882, 19, 12, 57, 0, NULL, '2023-01-28 06:29:16', '2023-01-28 06:29:16'),
(1883, 19, 12, 58, 6, NULL, '2023-01-28 06:29:16', '2023-01-28 06:29:16'),
(1884, 19, 12, 59, 6, NULL, '2023-01-28 06:29:16', '2023-01-28 06:29:16'),
(1885, 19, 12, 60, 1, NULL, '2023-01-28 06:29:16', '2023-01-28 06:29:16'),
(1886, 19, 13, 61, 1, NULL, '2023-01-28 06:29:16', '2023-01-28 06:29:16'),
(1887, 19, 13, 62, 0, NULL, '2023-01-28 06:29:16', '2023-01-28 06:29:16'),
(1888, 19, 13, 63, 1, NULL, '2023-01-28 06:29:16', '2023-01-28 06:29:16'),
(1889, 19, 13, 64, 0, NULL, '2023-01-28 06:29:16', '2023-01-28 06:29:16'),
(1890, 19, 13, 65, 6, NULL, '2023-01-28 06:29:16', '2023-01-28 06:29:16'),
(1891, 19, 14, 66, 6, NULL, '2023-01-28 06:29:16', '2023-01-28 06:29:16'),
(1892, 19, 14, 67, 1, NULL, '2023-01-28 06:29:16', '2023-01-28 06:29:16'),
(1893, 19, 14, 68, 0, NULL, '2023-01-28 06:29:16', '2023-01-28 06:29:16'),
(1894, 19, 14, 69, 0, NULL, '2023-01-28 06:29:16', '2023-01-28 06:29:16'),
(1895, 19, 14, 70, 0, NULL, '2023-01-28 06:29:16', '2023-01-28 06:29:16'),
(1896, 19, 15, 71, 0, NULL, '2023-01-28 06:29:16', '2023-01-28 06:29:16'),
(1897, 19, 15, 72, 0, NULL, '2023-01-28 06:29:16', '2023-01-28 06:29:16'),
(1898, 19, 15, 73, 1, NULL, '2023-01-28 06:29:16', '2023-01-28 06:29:16'),
(1899, 19, 15, 74, 6, NULL, '2023-01-28 06:29:16', '2023-01-28 06:29:16'),
(1900, 19, 15, 75, 1, NULL, '2023-01-28 06:29:16', '2023-01-28 06:29:16'),
(1901, 20, 11, 51, 0, NULL, '2023-01-28 06:29:47', '2023-01-28 06:29:47'),
(1902, 20, 11, 52, 0, NULL, '2023-01-28 06:29:47', '2023-01-28 06:29:47'),
(1903, 20, 11, 53, 1, NULL, '2023-01-28 06:29:47', '2023-01-28 06:29:47'),
(1904, 20, 11, 54, 6, NULL, '2023-01-28 06:29:47', '2023-01-28 06:29:47'),
(1905, 20, 11, 55, 1, NULL, '2023-01-28 06:29:47', '2023-01-28 06:29:47'),
(1906, 20, 12, 56, 0, NULL, '2023-01-28 06:29:47', '2023-01-28 06:29:47'),
(1907, 20, 12, 57, 6, NULL, '2023-01-28 06:29:48', '2023-01-28 06:29:48'),
(1908, 20, 12, 58, 6, NULL, '2023-01-28 06:29:48', '2023-01-28 06:29:48'),
(1909, 20, 12, 59, 0, NULL, '2023-01-28 06:29:48', '2023-01-28 06:29:48'),
(1910, 20, 12, 60, 6, NULL, '2023-01-28 06:29:48', '2023-01-28 06:29:48'),
(1911, 20, 13, 61, 0, NULL, '2023-01-28 06:29:48', '2023-01-28 06:29:48'),
(1912, 20, 13, 62, 1, NULL, '2023-01-28 06:29:48', '2023-01-28 06:29:48'),
(1913, 20, 13, 63, 6, NULL, '2023-01-28 06:29:48', '2023-01-28 06:29:48'),
(1914, 20, 13, 64, 1, NULL, '2023-01-28 06:29:48', '2023-01-28 06:29:48'),
(1915, 20, 13, 65, 0, NULL, '2023-01-28 06:29:48', '2023-01-28 06:29:48'),
(1916, 20, 14, 66, 6, NULL, '2023-01-28 06:29:48', '2023-01-28 06:29:48'),
(1917, 20, 14, 67, 1, NULL, '2023-01-28 06:29:48', '2023-01-28 06:29:48'),
(1918, 20, 14, 68, 0, NULL, '2023-01-28 06:29:48', '2023-01-28 06:29:48'),
(1919, 20, 14, 69, 1, NULL, '2023-01-28 06:29:48', '2023-01-28 06:29:48'),
(1920, 20, 14, 70, 6, NULL, '2023-01-28 06:29:48', '2023-01-28 06:29:48'),
(1921, 20, 15, 71, 1, NULL, '2023-01-28 06:29:48', '2023-01-28 06:29:48'),
(1922, 20, 15, 72, 6, NULL, '2023-01-28 06:29:48', '2023-01-28 06:29:48'),
(1923, 20, 15, 73, 1, NULL, '2023-01-28 06:29:48', '2023-01-28 06:29:48'),
(1924, 20, 15, 74, 0, NULL, '2023-01-28 06:29:48', '2023-01-28 06:29:48'),
(1925, 20, 15, 75, 0, NULL, '2023-01-28 06:29:48', '2023-01-28 06:29:48'),
(1926, 21, 11, 51, 6, NULL, '2023-01-28 06:29:49', '2023-01-28 06:29:49'),
(1927, 21, 11, 52, 1, NULL, '2023-01-28 06:29:49', '2023-01-28 06:29:49'),
(1928, 21, 11, 53, 1, NULL, '2023-01-28 06:29:49', '2023-01-28 06:29:49'),
(1929, 21, 11, 54, 0, NULL, '2023-01-28 06:29:49', '2023-01-28 06:29:49'),
(1930, 21, 11, 55, 1, NULL, '2023-01-28 06:29:49', '2023-01-28 06:29:49'),
(1931, 21, 12, 56, 6, NULL, '2023-01-28 06:29:49', '2023-01-28 06:29:49'),
(1932, 21, 12, 57, 1, NULL, '2023-01-28 06:29:49', '2023-01-28 06:29:49'),
(1933, 21, 12, 58, 0, NULL, '2023-01-28 06:29:49', '2023-01-28 06:29:49'),
(1934, 21, 12, 59, 6, NULL, '2023-01-28 06:29:49', '2023-01-28 06:29:49'),
(1935, 21, 12, 60, 0, NULL, '2023-01-28 06:29:49', '2023-01-28 06:29:49'),
(1936, 21, 13, 61, 1, NULL, '2023-01-28 06:29:49', '2023-01-28 06:29:49'),
(1937, 21, 13, 62, 6, NULL, '2023-01-28 06:29:50', '2023-01-28 06:29:50'),
(1938, 21, 13, 63, 0, NULL, '2023-01-28 06:29:50', '2023-01-28 06:29:50'),
(1939, 21, 13, 64, 1, NULL, '2023-01-28 06:29:50', '2023-01-28 06:29:50'),
(1940, 21, 13, 65, 1, NULL, '2023-01-28 06:29:50', '2023-01-28 06:29:50'),
(1941, 21, 14, 66, 6, NULL, '2023-01-28 06:29:50', '2023-01-28 06:29:50'),
(1942, 21, 14, 67, 6, NULL, '2023-01-28 06:29:50', '2023-01-28 06:29:50'),
(1943, 21, 14, 68, 6, NULL, '2023-01-28 06:29:50', '2023-01-28 06:29:50'),
(1944, 21, 14, 69, 0, NULL, '2023-01-28 06:29:50', '2023-01-28 06:29:50'),
(1945, 21, 14, 70, 0, NULL, '2023-01-28 06:29:50', '2023-01-28 06:29:50'),
(1946, 21, 15, 71, 6, NULL, '2023-01-28 06:29:50', '2023-01-28 06:29:50'),
(1947, 21, 15, 72, 1, NULL, '2023-01-28 06:29:50', '2023-01-28 06:29:50'),
(1948, 21, 15, 73, 6, NULL, '2023-01-28 06:29:50', '2023-01-28 06:29:50'),
(1949, 21, 15, 74, 6, NULL, '2023-01-28 06:29:50', '2023-01-28 06:29:50'),
(1950, 21, 15, 75, 1, NULL, '2023-01-28 06:29:50', '2023-01-28 06:29:50'),
(1951, 22, 16, 76, 6, NULL, '2023-01-28 08:00:09', '2023-01-28 08:00:09'),
(1952, 22, 16, 77, 6, NULL, '2023-01-28 08:00:09', '2023-01-28 08:00:09'),
(1953, 22, 16, 78, 6, NULL, '2023-01-28 08:00:09', '2023-01-28 08:00:09'),
(1954, 22, 16, 79, 6, NULL, '2023-01-28 08:00:09', '2023-01-28 08:00:09'),
(1955, 22, 16, 80, 6, NULL, '2023-01-28 08:00:09', '2023-01-28 08:00:09'),
(1956, 22, 17, 81, 6, NULL, '2023-01-28 08:00:09', '2023-01-28 08:00:09'),
(1957, 22, 17, 82, 6, NULL, '2023-01-28 08:00:09', '2023-01-28 08:00:09'),
(1958, 22, 17, 83, 6, NULL, '2023-01-28 08:00:09', '2023-01-28 08:00:09'),
(1959, 22, 17, 84, 6, NULL, '2023-01-28 08:00:09', '2023-01-28 08:00:09'),
(1960, 22, 17, 85, 6, NULL, '2023-01-28 08:00:09', '2023-01-28 08:00:09'),
(1961, 22, 18, 86, 6, NULL, '2023-01-28 08:00:09', '2023-01-28 08:00:09'),
(1962, 22, 18, 87, 6, NULL, '2023-01-28 08:00:09', '2023-01-28 08:00:09'),
(1963, 22, 18, 88, 6, NULL, '2023-01-28 08:00:09', '2023-01-28 08:00:09'),
(1964, 22, 18, 89, 6, NULL, '2023-01-28 08:00:09', '2023-01-28 08:00:09'),
(1965, 22, 18, 90, 6, NULL, '2023-01-28 08:00:09', '2023-01-28 08:00:09'),
(1966, 22, 19, 91, 6, NULL, '2023-01-28 08:00:09', '2023-01-28 08:00:09'),
(1967, 22, 19, 92, 6, NULL, '2023-01-28 08:00:09', '2023-01-28 08:00:09'),
(1968, 22, 19, 93, 6, NULL, '2023-01-28 08:00:09', '2023-01-28 08:00:09'),
(1969, 22, 19, 94, 6, NULL, '2023-01-28 08:00:09', '2023-01-28 08:00:09'),
(1970, 22, 19, 95, 6, NULL, '2023-01-28 08:00:09', '2023-01-28 08:00:09'),
(1971, 22, 20, 96, 6, NULL, '2023-01-28 08:00:09', '2023-01-28 08:00:09'),
(1972, 22, 20, 97, 6, NULL, '2023-01-28 08:00:09', '2023-01-28 08:00:09'),
(1973, 22, 20, 98, 6, NULL, '2023-01-28 08:00:09', '2023-01-28 08:00:09'),
(1974, 22, 20, 99, 6, NULL, '2023-01-28 08:00:09', '2023-01-28 08:00:09'),
(1975, 22, 20, 100, 6, NULL, '2023-01-28 08:00:09', '2023-01-28 08:00:09'),
(1976, 1, 1, 1, 6, NULL, '2023-01-28 11:46:39', '2023-01-28 11:46:39'),
(1977, 1, 1, 2, 6, NULL, '2023-01-28 11:46:39', '2023-01-28 11:46:39'),
(1978, 1, 1, 3, 6, NULL, '2023-01-28 11:46:39', '2023-01-28 11:46:39'),
(1979, 1, 1, 4, 6, NULL, '2023-01-28 11:46:39', '2023-01-28 11:46:39'),
(1980, 1, 1, 5, 6, NULL, '2023-01-28 11:46:39', '2023-01-28 11:46:39'),
(1981, 1, 2, 6, 6, NULL, '2023-01-28 11:46:39', '2023-01-28 11:46:39'),
(1982, 1, 2, 7, 6, NULL, '2023-01-28 11:46:39', '2023-01-28 11:46:39'),
(1983, 1, 2, 8, 6, NULL, '2023-01-28 11:46:39', '2023-01-28 11:46:39'),
(1984, 1, 2, 9, 6, NULL, '2023-01-28 11:46:39', '2023-01-28 11:46:39'),
(1985, 1, 2, 10, 6, NULL, '2023-01-28 11:46:39', '2023-01-28 11:46:39'),
(1986, 1, 3, 11, 6, NULL, '2023-01-28 11:46:39', '2023-01-28 11:46:39'),
(1987, 1, 3, 12, 6, NULL, '2023-01-28 11:46:39', '2023-01-28 11:46:39'),
(1988, 1, 3, 13, 6, NULL, '2023-01-28 11:46:39', '2023-01-28 11:46:39'),
(1989, 1, 3, 14, 6, NULL, '2023-01-28 11:46:39', '2023-01-28 11:46:39'),
(1990, 1, 3, 15, 6, NULL, '2023-01-28 11:46:40', '2023-01-28 11:46:40'),
(1991, 1, 4, 16, 6, NULL, '2023-01-28 11:46:40', '2023-01-28 11:46:40'),
(1992, 1, 4, 17, 6, NULL, '2023-01-28 11:46:40', '2023-01-28 11:46:40'),
(1993, 1, 4, 18, 6, NULL, '2023-01-28 11:46:40', '2023-01-28 11:46:40'),
(1994, 1, 4, 19, 6, NULL, '2023-01-28 11:46:40', '2023-01-28 11:46:40'),
(1995, 1, 4, 20, 6, NULL, '2023-01-28 11:46:40', '2023-01-28 11:46:40'),
(1996, 1, 5, 21, 6, NULL, '2023-01-28 11:46:40', '2023-01-28 11:46:40'),
(1997, 1, 5, 22, 6, NULL, '2023-01-28 11:46:40', '2023-01-28 11:46:40'),
(1998, 1, 5, 23, 6, NULL, '2023-01-28 11:46:40', '2023-01-28 11:46:40'),
(1999, 1, 5, 24, 6, NULL, '2023-01-28 11:46:40', '2023-01-28 11:46:40'),
(2000, 1, 5, 25, 6, NULL, '2023-01-28 11:46:40', '2023-01-28 11:46:40'),
(2001, 2, 1, 1, 6, NULL, '2023-01-28 11:47:50', '2023-01-28 11:47:50'),
(2002, 2, 1, 2, 6, NULL, '2023-01-28 11:47:50', '2023-01-28 11:47:50'),
(2003, 2, 1, 3, 6, NULL, '2023-01-28 11:47:50', '2023-01-28 11:47:50'),
(2004, 2, 1, 4, 6, NULL, '2023-01-28 11:47:50', '2023-01-28 11:47:50'),
(2005, 2, 1, 5, 6, NULL, '2023-01-28 11:47:50', '2023-01-28 11:47:50'),
(2006, 2, 2, 6, 6, NULL, '2023-01-28 11:47:50', '2023-01-28 11:47:50'),
(2007, 2, 2, 7, 6, NULL, '2023-01-28 11:47:50', '2023-01-28 11:47:50'),
(2008, 2, 2, 8, 6, NULL, '2023-01-28 11:47:50', '2023-01-28 11:47:50'),
(2009, 2, 2, 9, 6, NULL, '2023-01-28 11:47:50', '2023-01-28 11:47:50'),
(2010, 2, 2, 10, 6, NULL, '2023-01-28 11:47:50', '2023-01-28 11:47:50'),
(2011, 2, 3, 11, 6, NULL, '2023-01-28 11:47:50', '2023-01-28 11:47:50'),
(2012, 2, 3, 12, 6, NULL, '2023-01-28 11:47:50', '2023-01-28 11:47:50'),
(2013, 2, 3, 13, 6, NULL, '2023-01-28 11:47:50', '2023-01-28 11:47:50'),
(2014, 2, 3, 14, 6, NULL, '2023-01-28 11:47:50', '2023-01-28 11:47:50'),
(2015, 2, 3, 15, 6, NULL, '2023-01-28 11:47:50', '2023-01-28 11:47:50'),
(2016, 2, 4, 16, 6, NULL, '2023-01-28 11:47:50', '2023-01-28 11:47:50'),
(2017, 2, 4, 17, 6, NULL, '2023-01-28 11:47:50', '2023-01-28 11:47:50'),
(2018, 2, 4, 18, 6, NULL, '2023-01-28 11:47:50', '2023-01-28 11:47:50'),
(2019, 2, 4, 19, 6, NULL, '2023-01-28 11:47:50', '2023-01-28 11:47:50'),
(2020, 2, 4, 20, 6, NULL, '2023-01-28 11:47:50', '2023-01-28 11:47:50'),
(2021, 2, 5, 21, 6, NULL, '2023-01-28 11:47:50', '2023-01-28 11:47:50'),
(2022, 2, 5, 22, 6, NULL, '2023-01-28 11:47:50', '2023-01-28 11:47:50'),
(2023, 2, 5, 23, 6, NULL, '2023-01-28 11:47:50', '2023-01-28 11:47:50'),
(2024, 2, 5, 24, 6, NULL, '2023-01-28 11:47:50', '2023-01-28 11:47:50'),
(2025, 2, 5, 25, 6, NULL, '2023-01-28 11:47:51', '2023-01-28 11:47:51'),
(2026, 3, 1, 1, 6, NULL, '2023-01-28 11:48:16', '2023-01-28 11:48:16'),
(2027, 3, 1, 2, 6, NULL, '2023-01-28 11:48:16', '2023-01-28 11:48:16'),
(2028, 3, 1, 3, 6, NULL, '2023-01-28 11:48:16', '2023-01-28 11:48:16'),
(2029, 3, 1, 4, 6, NULL, '2023-01-28 11:48:16', '2023-01-28 11:48:16'),
(2030, 3, 1, 5, 6, NULL, '2023-01-28 11:48:16', '2023-01-28 11:48:16'),
(2031, 3, 2, 6, 6, NULL, '2023-01-28 11:48:16', '2023-01-28 11:48:16'),
(2032, 3, 2, 7, 6, NULL, '2023-01-28 11:48:16', '2023-01-28 11:48:16'),
(2033, 3, 2, 8, 6, NULL, '2023-01-28 11:48:16', '2023-01-28 11:48:16'),
(2034, 3, 2, 9, 6, NULL, '2023-01-28 11:48:16', '2023-01-28 11:48:16'),
(2035, 3, 2, 10, 6, NULL, '2023-01-28 11:48:16', '2023-01-28 11:48:16'),
(2036, 3, 3, 11, 6, NULL, '2023-01-28 11:48:16', '2023-01-28 11:48:16'),
(2037, 3, 3, 12, 6, NULL, '2023-01-28 11:48:16', '2023-01-28 11:48:16'),
(2038, 3, 3, 13, 6, NULL, '2023-01-28 11:48:16', '2023-01-28 11:48:16'),
(2039, 3, 3, 14, 6, NULL, '2023-01-28 11:48:16', '2023-01-28 11:48:16'),
(2040, 3, 3, 15, 6, NULL, '2023-01-28 11:48:16', '2023-01-28 11:48:16'),
(2041, 3, 4, 16, 6, NULL, '2023-01-28 11:48:16', '2023-01-28 11:48:16'),
(2042, 3, 4, 17, 6, NULL, '2023-01-28 11:48:16', '2023-01-28 11:48:16'),
(2043, 3, 4, 18, 6, NULL, '2023-01-28 11:48:16', '2023-01-28 11:48:16'),
(2044, 3, 4, 19, 6, NULL, '2023-01-28 11:48:16', '2023-01-28 11:48:16'),
(2045, 3, 4, 20, 6, NULL, '2023-01-28 11:48:16', '2023-01-28 11:48:16'),
(2046, 3, 5, 21, 6, NULL, '2023-01-28 11:48:16', '2023-01-28 11:48:16'),
(2047, 3, 5, 22, 6, NULL, '2023-01-28 11:48:16', '2023-01-28 11:48:16'),
(2048, 3, 5, 23, 6, NULL, '2023-01-28 11:48:16', '2023-01-28 11:48:16'),
(2049, 3, 5, 24, 6, NULL, '2023-01-28 11:48:16', '2023-01-28 11:48:16'),
(2050, 3, 5, 25, 6, NULL, '2023-01-28 11:48:16', '2023-01-28 11:48:16'),
(2051, 4, 6, 26, 6, NULL, '2023-01-28 11:49:12', '2023-01-28 11:49:12'),
(2052, 4, 6, 27, 6, NULL, '2023-01-28 11:49:12', '2023-01-28 11:49:12'),
(2053, 4, 6, 28, 6, NULL, '2023-01-28 11:49:12', '2023-01-28 11:49:12'),
(2054, 4, 6, 29, 6, NULL, '2023-01-28 11:49:12', '2023-01-28 11:49:12'),
(2055, 4, 6, 30, 6, NULL, '2023-01-28 11:49:12', '2023-01-28 11:49:12'),
(2056, 4, 7, 31, 6, NULL, '2023-01-28 11:49:12', '2023-01-28 11:49:12'),
(2057, 4, 7, 32, 6, NULL, '2023-01-28 11:49:12', '2023-01-28 11:49:12'),
(2058, 4, 7, 33, 6, NULL, '2023-01-28 11:49:12', '2023-01-28 11:49:12'),
(2059, 4, 7, 34, 6, NULL, '2023-01-28 11:49:12', '2023-01-28 11:49:12'),
(2060, 4, 7, 35, 6, NULL, '2023-01-28 11:49:12', '2023-01-28 11:49:12'),
(2061, 4, 8, 36, 6, NULL, '2023-01-28 11:49:12', '2023-01-28 11:49:12'),
(2062, 4, 8, 37, 6, NULL, '2023-01-28 11:49:12', '2023-01-28 11:49:12'),
(2063, 4, 8, 38, 6, NULL, '2023-01-28 11:49:12', '2023-01-28 11:49:12'),
(2064, 4, 8, 39, 6, NULL, '2023-01-28 11:49:12', '2023-01-28 11:49:12'),
(2065, 4, 8, 40, 6, NULL, '2023-01-28 11:49:12', '2023-01-28 11:49:12'),
(2066, 4, 9, 41, 6, NULL, '2023-01-28 11:49:12', '2023-01-28 11:49:12'),
(2067, 4, 9, 42, 6, NULL, '2023-01-28 11:49:12', '2023-01-28 11:49:12'),
(2068, 4, 9, 43, 6, NULL, '2023-01-28 11:49:12', '2023-01-28 11:49:12'),
(2069, 4, 9, 44, 6, NULL, '2023-01-28 11:49:12', '2023-01-28 11:49:12'),
(2070, 4, 9, 45, 6, NULL, '2023-01-28 11:49:12', '2023-01-28 11:49:12'),
(2071, 4, 10, 46, 6, NULL, '2023-01-28 11:49:12', '2023-01-28 11:49:12'),
(2072, 4, 10, 47, 6, NULL, '2023-01-28 11:49:12', '2023-01-28 11:49:12'),
(2073, 4, 10, 48, 6, NULL, '2023-01-28 11:49:12', '2023-01-28 11:49:12'),
(2074, 4, 10, 49, 6, NULL, '2023-01-28 11:49:12', '2023-01-28 11:49:12'),
(2075, 4, 10, 50, 6, NULL, '2023-01-28 11:49:12', '2023-01-28 11:49:12'),
(2076, 5, 6, 26, 6, NULL, '2023-01-28 11:50:11', '2023-01-28 11:50:11'),
(2077, 5, 6, 27, 6, NULL, '2023-01-28 11:50:11', '2023-01-28 11:50:11'),
(2078, 5, 6, 28, 6, NULL, '2023-01-28 11:50:11', '2023-01-28 11:50:11'),
(2079, 5, 6, 29, 6, NULL, '2023-01-28 11:50:11', '2023-01-28 11:50:11'),
(2080, 5, 6, 30, 6, NULL, '2023-01-28 11:50:11', '2023-01-28 11:50:11'),
(2081, 5, 7, 31, 6, NULL, '2023-01-28 11:50:11', '2023-01-28 11:50:11'),
(2082, 5, 7, 32, 6, NULL, '2023-01-28 11:50:11', '2023-01-28 11:50:11'),
(2083, 5, 7, 33, 6, NULL, '2023-01-28 11:50:11', '2023-01-28 11:50:11'),
(2084, 5, 7, 34, 6, NULL, '2023-01-28 11:50:11', '2023-01-28 11:50:11'),
(2085, 5, 7, 35, 6, NULL, '2023-01-28 11:50:11', '2023-01-28 11:50:11'),
(2086, 5, 8, 36, 6, NULL, '2023-01-28 11:50:11', '2023-01-28 11:50:11'),
(2087, 5, 8, 37, 6, NULL, '2023-01-28 11:50:11', '2023-01-28 11:50:11'),
(2088, 5, 8, 38, 6, NULL, '2023-01-28 11:50:11', '2023-01-28 11:50:11'),
(2089, 5, 8, 39, 6, NULL, '2023-01-28 11:50:11', '2023-01-28 11:50:11'),
(2090, 5, 8, 40, 6, NULL, '2023-01-28 11:50:11', '2023-01-28 11:50:11'),
(2091, 5, 9, 41, 6, NULL, '2023-01-28 11:50:11', '2023-01-28 11:50:11'),
(2092, 5, 9, 42, 6, NULL, '2023-01-28 11:50:11', '2023-01-28 11:50:11');
INSERT INTO `voice_audit_points` (`id`, `voice_audit_id`, `datapoint_category_id`, `datapoint_id`, `answer`, `deleted_at`, `created_at`, `updated_at`) VALUES
(2093, 5, 9, 43, 6, NULL, '2023-01-28 11:50:11', '2023-01-28 11:50:11'),
(2094, 5, 9, 44, 6, NULL, '2023-01-28 11:50:11', '2023-01-28 11:50:11'),
(2095, 5, 9, 45, 6, NULL, '2023-01-28 11:50:11', '2023-01-28 11:50:11'),
(2096, 5, 10, 46, 6, NULL, '2023-01-28 11:50:11', '2023-01-28 11:50:11'),
(2097, 5, 10, 47, 6, NULL, '2023-01-28 11:50:11', '2023-01-28 11:50:11'),
(2098, 5, 10, 48, 6, NULL, '2023-01-28 11:50:11', '2023-01-28 11:50:11'),
(2099, 5, 10, 49, 6, NULL, '2023-01-28 11:50:11', '2023-01-28 11:50:11'),
(2100, 5, 10, 50, 6, NULL, '2023-01-28 11:50:11', '2023-01-28 11:50:11'),
(2101, 6, 6, 26, 6, NULL, '2023-01-28 11:51:27', '2023-01-28 11:51:27'),
(2102, 6, 6, 27, 6, NULL, '2023-01-28 11:51:27', '2023-01-28 11:51:27'),
(2103, 6, 6, 28, 6, NULL, '2023-01-28 11:51:27', '2023-01-28 11:51:27'),
(2104, 6, 6, 29, 6, NULL, '2023-01-28 11:51:27', '2023-01-28 11:51:27'),
(2105, 6, 6, 30, 6, NULL, '2023-01-28 11:51:27', '2023-01-28 11:51:27'),
(2106, 6, 7, 31, 6, NULL, '2023-01-28 11:51:27', '2023-01-28 11:51:27'),
(2107, 6, 7, 32, 6, NULL, '2023-01-28 11:51:27', '2023-01-28 11:51:27'),
(2108, 6, 7, 33, 6, NULL, '2023-01-28 11:51:27', '2023-01-28 11:51:27'),
(2109, 6, 7, 34, 6, NULL, '2023-01-28 11:51:27', '2023-01-28 11:51:27'),
(2110, 6, 7, 35, 6, NULL, '2023-01-28 11:51:27', '2023-01-28 11:51:27'),
(2111, 6, 8, 36, 6, NULL, '2023-01-28 11:51:27', '2023-01-28 11:51:27'),
(2112, 6, 8, 37, 6, NULL, '2023-01-28 11:51:27', '2023-01-28 11:51:27'),
(2113, 6, 8, 38, 6, NULL, '2023-01-28 11:51:27', '2023-01-28 11:51:27'),
(2114, 6, 8, 39, 6, NULL, '2023-01-28 11:51:27', '2023-01-28 11:51:27'),
(2115, 6, 8, 40, 6, NULL, '2023-01-28 11:51:27', '2023-01-28 11:51:27'),
(2116, 6, 9, 41, 6, NULL, '2023-01-28 11:51:27', '2023-01-28 11:51:27'),
(2117, 6, 9, 42, 6, NULL, '2023-01-28 11:51:27', '2023-01-28 11:51:27'),
(2118, 6, 9, 43, 6, NULL, '2023-01-28 11:51:27', '2023-01-28 11:51:27'),
(2119, 6, 9, 44, 6, NULL, '2023-01-28 11:51:27', '2023-01-28 11:51:27'),
(2120, 6, 9, 45, 6, NULL, '2023-01-28 11:51:27', '2023-01-28 11:51:27'),
(2121, 6, 10, 46, 6, NULL, '2023-01-28 11:51:28', '2023-01-28 11:51:28'),
(2122, 6, 10, 47, 6, NULL, '2023-01-28 11:51:28', '2023-01-28 11:51:28'),
(2123, 6, 10, 48, 6, NULL, '2023-01-28 11:51:28', '2023-01-28 11:51:28'),
(2124, 6, 10, 49, 6, NULL, '2023-01-28 11:51:28', '2023-01-28 11:51:28'),
(2125, 6, 10, 50, 6, NULL, '2023-01-28 11:51:28', '2023-01-28 11:51:28'),
(2126, 7, 11, 51, 6, NULL, '2023-01-28 11:52:09', '2023-01-28 11:52:09'),
(2127, 7, 11, 52, 6, NULL, '2023-01-28 11:52:09', '2023-01-28 11:52:09'),
(2128, 7, 11, 53, 6, NULL, '2023-01-28 11:52:09', '2023-01-28 11:52:09'),
(2129, 7, 11, 54, 6, NULL, '2023-01-28 11:52:09', '2023-01-28 11:52:09'),
(2130, 7, 11, 55, 6, NULL, '2023-01-28 11:52:09', '2023-01-28 11:52:09'),
(2131, 7, 12, 56, 6, NULL, '2023-01-28 11:52:09', '2023-01-28 11:52:09'),
(2132, 7, 12, 57, 6, NULL, '2023-01-28 11:52:09', '2023-01-28 11:52:09'),
(2133, 7, 12, 58, 6, NULL, '2023-01-28 11:52:09', '2023-01-28 11:52:09'),
(2134, 7, 12, 59, 6, NULL, '2023-01-28 11:52:09', '2023-01-28 11:52:09'),
(2135, 7, 12, 60, 6, NULL, '2023-01-28 11:52:09', '2023-01-28 11:52:09'),
(2136, 7, 13, 61, 6, NULL, '2023-01-28 11:52:09', '2023-01-28 11:52:09'),
(2137, 7, 13, 62, 6, NULL, '2023-01-28 11:52:09', '2023-01-28 11:52:09'),
(2138, 7, 13, 63, 6, NULL, '2023-01-28 11:52:09', '2023-01-28 11:52:09'),
(2139, 7, 13, 64, 6, NULL, '2023-01-28 11:52:09', '2023-01-28 11:52:09'),
(2140, 7, 13, 65, 6, NULL, '2023-01-28 11:52:09', '2023-01-28 11:52:09'),
(2141, 7, 14, 66, 6, NULL, '2023-01-28 11:52:09', '2023-01-28 11:52:09'),
(2142, 7, 14, 67, 6, NULL, '2023-01-28 11:52:09', '2023-01-28 11:52:09'),
(2143, 7, 14, 68, 6, NULL, '2023-01-28 11:52:09', '2023-01-28 11:52:09'),
(2144, 7, 14, 69, 6, NULL, '2023-01-28 11:52:09', '2023-01-28 11:52:09'),
(2145, 7, 14, 70, 6, NULL, '2023-01-28 11:52:09', '2023-01-28 11:52:09'),
(2146, 7, 15, 71, 6, NULL, '2023-01-28 11:52:09', '2023-01-28 11:52:09'),
(2147, 7, 15, 72, 6, NULL, '2023-01-28 11:52:09', '2023-01-28 11:52:09'),
(2148, 7, 15, 73, 6, NULL, '2023-01-28 11:52:09', '2023-01-28 11:52:09'),
(2149, 7, 15, 74, 6, NULL, '2023-01-28 11:52:09', '2023-01-28 11:52:09'),
(2150, 7, 15, 75, 6, NULL, '2023-01-28 11:52:09', '2023-01-28 11:52:09'),
(2151, 8, 11, 51, 6, NULL, '2023-01-28 11:52:50', '2023-01-28 11:52:50'),
(2152, 8, 11, 52, 6, NULL, '2023-01-28 11:52:50', '2023-01-28 11:52:50'),
(2153, 8, 11, 53, 6, NULL, '2023-01-28 11:52:50', '2023-01-28 11:52:50'),
(2154, 8, 11, 54, 6, NULL, '2023-01-28 11:52:50', '2023-01-28 11:52:50'),
(2155, 8, 11, 55, 6, NULL, '2023-01-28 11:52:50', '2023-01-28 11:52:50'),
(2156, 8, 12, 56, 6, NULL, '2023-01-28 11:52:50', '2023-01-28 11:52:50'),
(2157, 8, 12, 57, 6, NULL, '2023-01-28 11:52:50', '2023-01-28 11:52:50'),
(2158, 8, 12, 58, 6, NULL, '2023-01-28 11:52:50', '2023-01-28 11:52:50'),
(2159, 8, 12, 59, 6, NULL, '2023-01-28 11:52:50', '2023-01-28 11:52:50'),
(2160, 8, 12, 60, 6, NULL, '2023-01-28 11:52:50', '2023-01-28 11:52:50'),
(2161, 8, 13, 61, 6, NULL, '2023-01-28 11:52:50', '2023-01-28 11:52:50'),
(2162, 8, 13, 62, 6, NULL, '2023-01-28 11:52:50', '2023-01-28 11:52:50'),
(2163, 8, 13, 63, 6, NULL, '2023-01-28 11:52:50', '2023-01-28 11:52:50'),
(2164, 8, 13, 64, 6, NULL, '2023-01-28 11:52:50', '2023-01-28 11:52:50'),
(2165, 8, 13, 65, 6, NULL, '2023-01-28 11:52:50', '2023-01-28 11:52:50'),
(2166, 8, 14, 66, 6, NULL, '2023-01-28 11:52:50', '2023-01-28 11:52:50'),
(2167, 8, 14, 67, 6, NULL, '2023-01-28 11:52:50', '2023-01-28 11:52:50'),
(2168, 8, 14, 68, 6, NULL, '2023-01-28 11:52:50', '2023-01-28 11:52:50'),
(2169, 8, 14, 69, 6, NULL, '2023-01-28 11:52:50', '2023-01-28 11:52:50'),
(2170, 8, 14, 70, 6, NULL, '2023-01-28 11:52:50', '2023-01-28 11:52:50'),
(2171, 8, 15, 71, 6, NULL, '2023-01-28 11:52:50', '2023-01-28 11:52:50'),
(2172, 8, 15, 72, 6, NULL, '2023-01-28 11:52:50', '2023-01-28 11:52:50'),
(2173, 8, 15, 73, 6, NULL, '2023-01-28 11:52:50', '2023-01-28 11:52:50'),
(2174, 8, 15, 74, 6, NULL, '2023-01-28 11:52:50', '2023-01-28 11:52:50'),
(2175, 8, 15, 75, 6, NULL, '2023-01-28 11:52:50', '2023-01-28 11:52:50'),
(2176, 9, 11, 51, 6, NULL, '2023-01-28 11:53:33', '2023-01-28 11:53:33'),
(2177, 9, 11, 52, 6, NULL, '2023-01-28 11:53:33', '2023-01-28 11:53:33'),
(2178, 9, 11, 53, 6, NULL, '2023-01-28 11:53:33', '2023-01-28 11:53:33'),
(2179, 9, 11, 54, 6, NULL, '2023-01-28 11:53:33', '2023-01-28 11:53:33'),
(2180, 9, 11, 55, 6, NULL, '2023-01-28 11:53:33', '2023-01-28 11:53:33'),
(2181, 9, 12, 56, 6, NULL, '2023-01-28 11:53:33', '2023-01-28 11:53:33'),
(2182, 9, 12, 57, 6, NULL, '2023-01-28 11:53:33', '2023-01-28 11:53:33'),
(2183, 9, 12, 58, 6, NULL, '2023-01-28 11:53:33', '2023-01-28 11:53:33'),
(2184, 9, 12, 59, 6, NULL, '2023-01-28 11:53:33', '2023-01-28 11:53:33'),
(2185, 9, 12, 60, 6, NULL, '2023-01-28 11:53:33', '2023-01-28 11:53:33'),
(2186, 9, 13, 61, 6, NULL, '2023-01-28 11:53:33', '2023-01-28 11:53:33'),
(2187, 9, 13, 62, 6, NULL, '2023-01-28 11:53:33', '2023-01-28 11:53:33'),
(2188, 9, 13, 63, 6, NULL, '2023-01-28 11:53:33', '2023-01-28 11:53:33'),
(2189, 9, 13, 64, 6, NULL, '2023-01-28 11:53:33', '2023-01-28 11:53:33'),
(2190, 9, 13, 65, 6, NULL, '2023-01-28 11:53:33', '2023-01-28 11:53:33'),
(2191, 9, 14, 66, 6, NULL, '2023-01-28 11:53:33', '2023-01-28 11:53:33'),
(2192, 9, 14, 67, 6, NULL, '2023-01-28 11:53:33', '2023-01-28 11:53:33'),
(2193, 9, 14, 68, 6, NULL, '2023-01-28 11:53:33', '2023-01-28 11:53:33'),
(2194, 9, 14, 69, 6, NULL, '2023-01-28 11:53:33', '2023-01-28 11:53:33'),
(2195, 9, 14, 70, 6, NULL, '2023-01-28 11:53:33', '2023-01-28 11:53:33'),
(2196, 9, 15, 71, 6, NULL, '2023-01-28 11:53:33', '2023-01-28 11:53:33'),
(2197, 9, 15, 72, 6, NULL, '2023-01-28 11:53:34', '2023-01-28 11:53:34'),
(2198, 9, 15, 73, 6, NULL, '2023-01-28 11:53:34', '2023-01-28 11:53:34'),
(2199, 9, 15, 74, 6, NULL, '2023-01-28 11:53:34', '2023-01-28 11:53:34'),
(2200, 9, 15, 75, 6, NULL, '2023-01-28 11:53:34', '2023-01-28 11:53:34'),
(2201, 10, 6, 26, 6, NULL, '2023-01-28 12:05:03', '2023-01-28 12:05:03'),
(2202, 10, 6, 27, 6, NULL, '2023-01-28 12:05:03', '2023-01-28 12:05:03'),
(2203, 10, 6, 28, 6, NULL, '2023-01-28 12:05:03', '2023-01-28 12:05:03'),
(2204, 10, 6, 29, 6, NULL, '2023-01-28 12:05:03', '2023-01-28 12:05:03'),
(2205, 10, 6, 30, 6, NULL, '2023-01-28 12:05:03', '2023-01-28 12:05:03'),
(2206, 10, 7, 31, 6, NULL, '2023-01-28 12:05:03', '2023-01-28 12:05:03'),
(2207, 10, 7, 32, 6, NULL, '2023-01-28 12:05:03', '2023-01-28 12:05:03'),
(2208, 10, 7, 33, 6, NULL, '2023-01-28 12:05:03', '2023-01-28 12:05:03'),
(2209, 10, 7, 34, 6, NULL, '2023-01-28 12:05:03', '2023-01-28 12:05:03'),
(2210, 10, 7, 35, 6, NULL, '2023-01-28 12:05:03', '2023-01-28 12:05:03'),
(2211, 10, 8, 36, 6, NULL, '2023-01-28 12:05:03', '2023-01-28 12:05:03'),
(2212, 10, 8, 37, 6, NULL, '2023-01-28 12:05:03', '2023-01-28 12:05:03'),
(2213, 10, 8, 38, 6, NULL, '2023-01-28 12:05:03', '2023-01-28 12:05:03'),
(2214, 10, 8, 39, 6, NULL, '2023-01-28 12:05:03', '2023-01-28 12:05:03'),
(2215, 10, 8, 40, 6, NULL, '2023-01-28 12:05:03', '2023-01-28 12:05:03'),
(2216, 10, 9, 41, 6, NULL, '2023-01-28 12:05:03', '2023-01-28 12:05:03'),
(2217, 10, 9, 42, 6, NULL, '2023-01-28 12:05:03', '2023-01-28 12:05:03'),
(2218, 10, 9, 43, 6, NULL, '2023-01-28 12:05:03', '2023-01-28 12:05:03'),
(2219, 10, 9, 44, 6, NULL, '2023-01-28 12:05:03', '2023-01-28 12:05:03'),
(2220, 10, 9, 45, 6, NULL, '2023-01-28 12:05:03', '2023-01-28 12:05:03'),
(2221, 10, 10, 46, 6, NULL, '2023-01-28 12:05:03', '2023-01-28 12:05:03'),
(2222, 10, 10, 47, 6, NULL, '2023-01-28 12:05:03', '2023-01-28 12:05:03'),
(2223, 10, 10, 48, 6, NULL, '2023-01-28 12:05:03', '2023-01-28 12:05:03'),
(2224, 10, 10, 49, 6, NULL, '2023-01-28 12:05:03', '2023-01-28 12:05:03'),
(2225, 10, 10, 50, 6, NULL, '2023-01-28 12:05:03', '2023-01-28 12:05:03'),
(2226, 11, 6, 26, 6, NULL, '2023-01-28 12:05:39', '2023-01-28 12:05:39'),
(2227, 11, 6, 27, 6, NULL, '2023-01-28 12:05:39', '2023-01-28 12:05:39'),
(2228, 11, 6, 28, 6, NULL, '2023-01-28 12:05:39', '2023-01-28 12:05:39'),
(2229, 11, 6, 29, 6, NULL, '2023-01-28 12:05:39', '2023-01-28 12:05:39'),
(2230, 11, 6, 30, 6, NULL, '2023-01-28 12:05:39', '2023-01-28 12:05:39'),
(2231, 11, 7, 31, 6, NULL, '2023-01-28 12:05:39', '2023-01-28 12:05:39'),
(2232, 11, 7, 32, 6, NULL, '2023-01-28 12:05:39', '2023-01-28 12:05:39'),
(2233, 11, 7, 33, 6, NULL, '2023-01-28 12:05:39', '2023-01-28 12:05:39'),
(2234, 11, 7, 34, 6, NULL, '2023-01-28 12:05:39', '2023-01-28 12:05:39'),
(2235, 11, 7, 35, 6, NULL, '2023-01-28 12:05:39', '2023-01-28 12:05:39'),
(2236, 11, 8, 36, 6, NULL, '2023-01-28 12:05:39', '2023-01-28 12:05:39'),
(2237, 11, 8, 37, 6, NULL, '2023-01-28 12:05:39', '2023-01-28 12:05:39'),
(2238, 11, 8, 38, 6, NULL, '2023-01-28 12:05:39', '2023-01-28 12:05:39'),
(2239, 11, 8, 39, 6, NULL, '2023-01-28 12:05:39', '2023-01-28 12:05:39'),
(2240, 11, 8, 40, 6, NULL, '2023-01-28 12:05:39', '2023-01-28 12:05:39'),
(2241, 11, 9, 41, 6, NULL, '2023-01-28 12:05:39', '2023-01-28 12:05:39'),
(2242, 11, 9, 42, 6, NULL, '2023-01-28 12:05:39', '2023-01-28 12:05:39'),
(2243, 11, 9, 43, 6, NULL, '2023-01-28 12:05:39', '2023-01-28 12:05:39'),
(2244, 11, 9, 44, 6, NULL, '2023-01-28 12:05:39', '2023-01-28 12:05:39'),
(2245, 11, 9, 45, 6, NULL, '2023-01-28 12:05:39', '2023-01-28 12:05:39'),
(2246, 11, 10, 46, 6, NULL, '2023-01-28 12:05:39', '2023-01-28 12:05:39'),
(2247, 11, 10, 47, 6, NULL, '2023-01-28 12:05:39', '2023-01-28 12:05:39'),
(2248, 11, 10, 48, 6, NULL, '2023-01-28 12:05:39', '2023-01-28 12:05:39'),
(2249, 11, 10, 49, 6, NULL, '2023-01-28 12:05:39', '2023-01-28 12:05:39'),
(2250, 11, 10, 50, 6, NULL, '2023-01-28 12:05:39', '2023-01-28 12:05:39'),
(2251, 12, 6, 26, 1, NULL, '2023-01-28 12:05:59', '2023-01-28 12:05:59'),
(2252, 12, 6, 27, 0, NULL, '2023-01-28 12:05:59', '2023-01-28 12:05:59'),
(2253, 12, 6, 28, 0, NULL, '2023-01-28 12:05:59', '2023-01-28 12:05:59'),
(2254, 12, 6, 29, 0, NULL, '2023-01-28 12:05:59', '2023-01-28 12:05:59'),
(2255, 12, 6, 30, 1, NULL, '2023-01-28 12:05:59', '2023-01-28 12:05:59'),
(2256, 12, 7, 31, 0, NULL, '2023-01-28 12:05:59', '2023-01-28 12:05:59'),
(2257, 12, 7, 32, 1, NULL, '2023-01-28 12:05:59', '2023-01-28 12:05:59'),
(2258, 12, 7, 33, 0, NULL, '2023-01-28 12:05:59', '2023-01-28 12:05:59'),
(2259, 12, 7, 34, 1, NULL, '2023-01-28 12:05:59', '2023-01-28 12:05:59'),
(2260, 12, 7, 35, 1, NULL, '2023-01-28 12:05:59', '2023-01-28 12:05:59'),
(2261, 12, 8, 36, 1, NULL, '2023-01-28 12:05:59', '2023-01-28 12:05:59'),
(2262, 12, 8, 37, 0, NULL, '2023-01-28 12:05:59', '2023-01-28 12:05:59'),
(2263, 12, 8, 38, 0, NULL, '2023-01-28 12:05:59', '2023-01-28 12:05:59'),
(2264, 12, 8, 39, 0, NULL, '2023-01-28 12:05:59', '2023-01-28 12:05:59'),
(2265, 12, 8, 40, 6, NULL, '2023-01-28 12:05:59', '2023-01-28 12:05:59'),
(2266, 12, 9, 41, 1, NULL, '2023-01-28 12:05:59', '2023-01-28 12:05:59'),
(2267, 12, 9, 42, 0, NULL, '2023-01-28 12:05:59', '2023-01-28 12:05:59'),
(2268, 12, 9, 43, 0, NULL, '2023-01-28 12:05:59', '2023-01-28 12:05:59'),
(2269, 12, 9, 44, 1, NULL, '2023-01-28 12:05:59', '2023-01-28 12:05:59'),
(2270, 12, 9, 45, 0, NULL, '2023-01-28 12:05:59', '2023-01-28 12:05:59'),
(2271, 12, 10, 46, 0, NULL, '2023-01-28 12:05:59', '2023-01-28 12:05:59'),
(2272, 12, 10, 47, 0, NULL, '2023-01-28 12:05:59', '2023-01-28 12:05:59'),
(2273, 12, 10, 48, 0, NULL, '2023-01-28 12:05:59', '2023-01-28 12:05:59'),
(2274, 12, 10, 49, 0, NULL, '2023-01-28 12:05:59', '2023-01-28 12:05:59'),
(2275, 12, 10, 50, 0, NULL, '2023-01-28 12:05:59', '2023-01-28 12:05:59'),
(2276, 13, 6, 26, 6, NULL, '2023-01-28 12:18:20', '2023-01-28 12:18:20'),
(2277, 13, 6, 27, 6, NULL, '2023-01-28 12:18:20', '2023-01-28 12:18:20'),
(2278, 13, 6, 28, 6, NULL, '2023-01-28 12:18:20', '2023-01-28 12:18:20'),
(2279, 13, 6, 29, 6, NULL, '2023-01-28 12:18:20', '2023-01-28 12:18:20'),
(2280, 13, 6, 30, 6, NULL, '2023-01-28 12:18:20', '2023-01-28 12:18:20'),
(2281, 13, 7, 31, 6, NULL, '2023-01-28 12:18:20', '2023-01-28 12:18:20'),
(2282, 13, 7, 32, 6, NULL, '2023-01-28 12:18:20', '2023-01-28 12:18:20'),
(2283, 13, 7, 33, 6, NULL, '2023-01-28 12:18:20', '2023-01-28 12:18:20'),
(2284, 13, 7, 34, 6, NULL, '2023-01-28 12:18:20', '2023-01-28 12:18:20'),
(2285, 13, 7, 35, 6, NULL, '2023-01-28 12:18:20', '2023-01-28 12:18:20'),
(2286, 13, 8, 36, 6, NULL, '2023-01-28 12:18:20', '2023-01-28 12:18:20'),
(2287, 13, 8, 37, 6, NULL, '2023-01-28 12:18:20', '2023-01-28 12:18:20'),
(2288, 13, 8, 38, 6, NULL, '2023-01-28 12:18:20', '2023-01-28 12:18:20'),
(2289, 13, 8, 39, 6, NULL, '2023-01-28 12:18:20', '2023-01-28 12:18:20'),
(2290, 13, 8, 40, 6, NULL, '2023-01-28 12:18:20', '2023-01-28 12:18:20'),
(2291, 13, 9, 41, 6, NULL, '2023-01-28 12:18:20', '2023-01-28 12:18:20'),
(2292, 13, 9, 42, 6, NULL, '2023-01-28 12:18:20', '2023-01-28 12:18:20'),
(2293, 13, 9, 43, 6, NULL, '2023-01-28 12:18:20', '2023-01-28 12:18:20'),
(2294, 13, 9, 44, 6, NULL, '2023-01-28 12:18:20', '2023-01-28 12:18:20'),
(2295, 13, 9, 45, 6, NULL, '2023-01-28 12:18:20', '2023-01-28 12:18:20'),
(2296, 13, 10, 46, 6, NULL, '2023-01-28 12:18:20', '2023-01-28 12:18:20'),
(2297, 13, 10, 47, 6, NULL, '2023-01-28 12:18:20', '2023-01-28 12:18:20'),
(2298, 13, 10, 48, 6, NULL, '2023-01-28 12:18:20', '2023-01-28 12:18:20'),
(2299, 13, 10, 49, 6, NULL, '2023-01-28 12:18:20', '2023-01-28 12:18:20'),
(2300, 13, 10, 50, 6, NULL, '2023-01-28 12:18:20', '2023-01-28 12:18:20'),
(2301, 14, 6, 26, 6, NULL, '2023-01-28 12:21:26', '2023-01-28 12:21:26'),
(2302, 14, 6, 27, 1, NULL, '2023-01-28 12:21:26', '2023-01-28 12:21:26'),
(2303, 14, 6, 28, 6, NULL, '2023-01-28 12:21:26', '2023-01-28 12:21:26'),
(2304, 14, 6, 29, 1, NULL, '2023-01-28 12:21:26', '2023-01-28 12:21:26'),
(2305, 14, 6, 30, 0, NULL, '2023-01-28 12:21:27', '2023-01-28 12:21:27'),
(2306, 14, 7, 31, 0, NULL, '2023-01-28 12:21:27', '2023-01-28 12:21:27'),
(2307, 14, 7, 32, 0, NULL, '2023-01-28 12:21:27', '2023-01-28 12:21:27'),
(2308, 14, 7, 33, 1, NULL, '2023-01-28 12:21:27', '2023-01-28 12:21:27'),
(2309, 14, 7, 34, 1, NULL, '2023-01-28 12:21:27', '2023-01-28 12:21:27'),
(2310, 14, 7, 35, 1, NULL, '2023-01-28 12:21:27', '2023-01-28 12:21:27'),
(2311, 14, 8, 36, 1, NULL, '2023-01-28 12:21:27', '2023-01-28 12:21:27'),
(2312, 14, 8, 37, 0, NULL, '2023-01-28 12:21:27', '2023-01-28 12:21:27'),
(2313, 14, 8, 38, 1, NULL, '2023-01-28 12:21:27', '2023-01-28 12:21:27'),
(2314, 14, 8, 39, 0, NULL, '2023-01-28 12:21:27', '2023-01-28 12:21:27'),
(2315, 14, 8, 40, 1, NULL, '2023-01-28 12:21:27', '2023-01-28 12:21:27'),
(2316, 14, 9, 41, 6, NULL, '2023-01-28 12:21:27', '2023-01-28 12:21:27'),
(2317, 14, 9, 42, 1, NULL, '2023-01-28 12:21:27', '2023-01-28 12:21:27'),
(2318, 14, 9, 43, 0, NULL, '2023-01-28 12:21:27', '2023-01-28 12:21:27'),
(2319, 14, 9, 44, 6, NULL, '2023-01-28 12:21:27', '2023-01-28 12:21:27'),
(2320, 14, 9, 45, 1, NULL, '2023-01-28 12:21:27', '2023-01-28 12:21:27'),
(2321, 14, 10, 46, 6, NULL, '2023-01-28 12:21:27', '2023-01-28 12:21:27'),
(2322, 14, 10, 47, 1, NULL, '2023-01-28 12:21:27', '2023-01-28 12:21:27'),
(2323, 14, 10, 48, 1, NULL, '2023-01-28 12:21:27', '2023-01-28 12:21:27'),
(2324, 14, 10, 49, 6, NULL, '2023-01-28 12:21:27', '2023-01-28 12:21:27'),
(2325, 14, 10, 50, 1, NULL, '2023-01-28 12:21:27', '2023-01-28 12:21:27'),
(2326, 15, 6, 26, 0, NULL, '2023-01-28 12:21:43', '2023-01-28 12:21:43'),
(2327, 15, 6, 27, 1, NULL, '2023-01-28 12:21:43', '2023-01-28 12:21:43'),
(2328, 15, 6, 28, 0, NULL, '2023-01-28 12:21:43', '2023-01-28 12:21:43'),
(2329, 15, 6, 29, 0, NULL, '2023-01-28 12:21:43', '2023-01-28 12:21:43'),
(2330, 15, 6, 30, 0, NULL, '2023-01-28 12:21:43', '2023-01-28 12:21:43'),
(2331, 15, 7, 31, 0, NULL, '2023-01-28 12:21:43', '2023-01-28 12:21:43'),
(2332, 15, 7, 32, 6, NULL, '2023-01-28 12:21:43', '2023-01-28 12:21:43'),
(2333, 15, 7, 33, 0, NULL, '2023-01-28 12:21:43', '2023-01-28 12:21:43'),
(2334, 15, 7, 34, 0, NULL, '2023-01-28 12:21:43', '2023-01-28 12:21:43'),
(2335, 15, 7, 35, 0, NULL, '2023-01-28 12:21:43', '2023-01-28 12:21:43'),
(2336, 15, 8, 36, 1, NULL, '2023-01-28 12:21:43', '2023-01-28 12:21:43'),
(2337, 15, 8, 37, 0, NULL, '2023-01-28 12:21:43', '2023-01-28 12:21:43'),
(2338, 15, 8, 38, 0, NULL, '2023-01-28 12:21:43', '2023-01-28 12:21:43'),
(2339, 15, 8, 39, 6, NULL, '2023-01-28 12:21:43', '2023-01-28 12:21:43'),
(2340, 15, 8, 40, 0, NULL, '2023-01-28 12:21:43', '2023-01-28 12:21:43'),
(2341, 15, 9, 41, 6, NULL, '2023-01-28 12:21:43', '2023-01-28 12:21:43'),
(2342, 15, 9, 42, 1, NULL, '2023-01-28 12:21:43', '2023-01-28 12:21:43'),
(2343, 15, 9, 43, 6, NULL, '2023-01-28 12:21:43', '2023-01-28 12:21:43'),
(2344, 15, 9, 44, 6, NULL, '2023-01-28 12:21:43', '2023-01-28 12:21:43'),
(2345, 15, 9, 45, 1, NULL, '2023-01-28 12:21:43', '2023-01-28 12:21:43'),
(2346, 15, 10, 46, 0, NULL, '2023-01-28 12:21:43', '2023-01-28 12:21:43'),
(2347, 15, 10, 47, 1, NULL, '2023-01-28 12:21:43', '2023-01-28 12:21:43'),
(2348, 15, 10, 48, 1, NULL, '2023-01-28 12:21:43', '2023-01-28 12:21:43'),
(2349, 15, 10, 49, 1, NULL, '2023-01-28 12:21:43', '2023-01-28 12:21:43'),
(2350, 15, 10, 50, 1, NULL, '2023-01-28 12:21:43', '2023-01-28 12:21:43'),
(2351, 16, 6, 26, 6, NULL, '2023-01-28 12:22:15', '2023-01-28 12:22:15'),
(2352, 16, 6, 27, 6, NULL, '2023-01-28 12:22:15', '2023-01-28 12:22:15'),
(2353, 16, 6, 28, 6, NULL, '2023-01-28 12:22:15', '2023-01-28 12:22:15'),
(2354, 16, 6, 29, 6, NULL, '2023-01-28 12:22:15', '2023-01-28 12:22:15'),
(2355, 16, 6, 30, 6, NULL, '2023-01-28 12:22:15', '2023-01-28 12:22:15'),
(2356, 16, 7, 31, 6, NULL, '2023-01-28 12:22:15', '2023-01-28 12:22:15'),
(2357, 16, 7, 32, 6, NULL, '2023-01-28 12:22:15', '2023-01-28 12:22:15'),
(2358, 16, 7, 33, 6, NULL, '2023-01-28 12:22:15', '2023-01-28 12:22:15'),
(2359, 16, 7, 34, 6, NULL, '2023-01-28 12:22:16', '2023-01-28 12:22:16'),
(2360, 16, 7, 35, 6, NULL, '2023-01-28 12:22:16', '2023-01-28 12:22:16'),
(2361, 16, 8, 36, 6, NULL, '2023-01-28 12:22:16', '2023-01-28 12:22:16'),
(2362, 16, 8, 37, 6, NULL, '2023-01-28 12:22:16', '2023-01-28 12:22:16'),
(2363, 16, 8, 38, 6, NULL, '2023-01-28 12:22:16', '2023-01-28 12:22:16'),
(2364, 16, 8, 39, 6, NULL, '2023-01-28 12:22:16', '2023-01-28 12:22:16'),
(2365, 16, 8, 40, 6, NULL, '2023-01-28 12:22:16', '2023-01-28 12:22:16'),
(2366, 16, 9, 41, 6, NULL, '2023-01-28 12:22:16', '2023-01-28 12:22:16'),
(2367, 16, 9, 42, 6, NULL, '2023-01-28 12:22:16', '2023-01-28 12:22:16'),
(2368, 16, 9, 43, 6, NULL, '2023-01-28 12:22:16', '2023-01-28 12:22:16'),
(2369, 16, 9, 44, 6, NULL, '2023-01-28 12:22:16', '2023-01-28 12:22:16'),
(2370, 16, 9, 45, 6, NULL, '2023-01-28 12:22:16', '2023-01-28 12:22:16'),
(2371, 16, 10, 46, 6, NULL, '2023-01-28 12:22:16', '2023-01-28 12:22:16'),
(2372, 16, 10, 47, 6, NULL, '2023-01-28 12:22:16', '2023-01-28 12:22:16'),
(2373, 16, 10, 48, 6, NULL, '2023-01-28 12:22:16', '2023-01-28 12:22:16'),
(2374, 16, 10, 49, 6, NULL, '2023-01-28 12:22:16', '2023-01-28 12:22:16'),
(2375, 16, 10, 50, 6, NULL, '2023-01-28 12:22:16', '2023-01-28 12:22:16'),
(2376, 17, 6, 26, 6, NULL, '2023-01-28 12:22:52', '2023-01-28 12:22:52'),
(2377, 17, 6, 27, 6, NULL, '2023-01-28 12:22:52', '2023-01-28 12:22:52'),
(2378, 17, 6, 28, 6, NULL, '2023-01-28 12:22:52', '2023-01-28 12:22:52'),
(2379, 17, 6, 29, 0, NULL, '2023-01-28 12:22:52', '2023-01-28 12:22:52'),
(2380, 17, 6, 30, 6, NULL, '2023-01-28 12:22:52', '2023-01-28 12:22:52'),
(2381, 17, 7, 31, 6, NULL, '2023-01-28 12:22:52', '2023-01-28 12:22:52'),
(2382, 17, 7, 32, 6, NULL, '2023-01-28 12:22:52', '2023-01-28 12:22:52'),
(2383, 17, 7, 33, 1, NULL, '2023-01-28 12:22:52', '2023-01-28 12:22:52'),
(2384, 17, 7, 34, 1, NULL, '2023-01-28 12:22:52', '2023-01-28 12:22:52'),
(2385, 17, 7, 35, 6, NULL, '2023-01-28 12:22:52', '2023-01-28 12:22:52'),
(2386, 17, 8, 36, 6, NULL, '2023-01-28 12:22:52', '2023-01-28 12:22:52'),
(2387, 17, 8, 37, 0, NULL, '2023-01-28 12:22:52', '2023-01-28 12:22:52'),
(2388, 17, 8, 38, 6, NULL, '2023-01-28 12:22:52', '2023-01-28 12:22:52'),
(2389, 17, 8, 39, 1, NULL, '2023-01-28 12:22:52', '2023-01-28 12:22:52'),
(2390, 17, 8, 40, 6, NULL, '2023-01-28 12:22:52', '2023-01-28 12:22:52'),
(2391, 17, 9, 41, 0, NULL, '2023-01-28 12:22:52', '2023-01-28 12:22:52'),
(2392, 17, 9, 42, 6, NULL, '2023-01-28 12:22:52', '2023-01-28 12:22:52'),
(2393, 17, 9, 43, 1, NULL, '2023-01-28 12:22:52', '2023-01-28 12:22:52'),
(2394, 17, 9, 44, 0, NULL, '2023-01-28 12:22:52', '2023-01-28 12:22:52'),
(2395, 17, 9, 45, 1, NULL, '2023-01-28 12:22:52', '2023-01-28 12:22:52'),
(2396, 17, 10, 46, 6, NULL, '2023-01-28 12:22:52', '2023-01-28 12:22:52'),
(2397, 17, 10, 47, 0, NULL, '2023-01-28 12:22:52', '2023-01-28 12:22:52'),
(2398, 17, 10, 48, 1, NULL, '2023-01-28 12:22:52', '2023-01-28 12:22:52'),
(2399, 17, 10, 49, 1, NULL, '2023-01-28 12:22:52', '2023-01-28 12:22:52'),
(2400, 17, 10, 50, 1, NULL, '2023-01-28 12:22:52', '2023-01-28 12:22:52'),
(2401, 18, 6, 26, 6, NULL, '2023-01-28 12:24:09', '2023-01-28 12:24:09'),
(2402, 18, 6, 27, 6, NULL, '2023-01-28 12:24:09', '2023-01-28 12:24:09'),
(2403, 18, 6, 28, 6, NULL, '2023-01-28 12:24:09', '2023-01-28 12:24:09'),
(2404, 18, 6, 29, 6, NULL, '2023-01-28 12:24:09', '2023-01-28 12:24:09'),
(2405, 18, 6, 30, 6, NULL, '2023-01-28 12:24:09', '2023-01-28 12:24:09'),
(2406, 18, 7, 31, 6, NULL, '2023-01-28 12:24:09', '2023-01-28 12:24:09'),
(2407, 18, 7, 32, 6, NULL, '2023-01-28 12:24:09', '2023-01-28 12:24:09'),
(2408, 18, 7, 33, 6, NULL, '2023-01-28 12:24:09', '2023-01-28 12:24:09'),
(2409, 18, 7, 34, 6, NULL, '2023-01-28 12:24:09', '2023-01-28 12:24:09'),
(2410, 18, 7, 35, 6, NULL, '2023-01-28 12:24:09', '2023-01-28 12:24:09'),
(2411, 18, 8, 36, 6, NULL, '2023-01-28 12:24:10', '2023-01-28 12:24:10'),
(2412, 18, 8, 37, 6, NULL, '2023-01-28 12:24:10', '2023-01-28 12:24:10'),
(2413, 18, 8, 38, 6, NULL, '2023-01-28 12:24:10', '2023-01-28 12:24:10'),
(2414, 18, 8, 39, 6, NULL, '2023-01-28 12:24:10', '2023-01-28 12:24:10'),
(2415, 18, 8, 40, 6, NULL, '2023-01-28 12:24:10', '2023-01-28 12:24:10'),
(2416, 18, 9, 41, 6, NULL, '2023-01-28 12:24:10', '2023-01-28 12:24:10'),
(2417, 18, 9, 42, 6, NULL, '2023-01-28 12:24:10', '2023-01-28 12:24:10'),
(2418, 18, 9, 43, 6, NULL, '2023-01-28 12:24:10', '2023-01-28 12:24:10'),
(2419, 18, 9, 44, 6, NULL, '2023-01-28 12:24:10', '2023-01-28 12:24:10'),
(2420, 18, 9, 45, 6, NULL, '2023-01-28 12:24:10', '2023-01-28 12:24:10'),
(2421, 18, 10, 46, 6, NULL, '2023-01-28 12:24:10', '2023-01-28 12:24:10'),
(2422, 18, 10, 47, 6, NULL, '2023-01-28 12:24:10', '2023-01-28 12:24:10'),
(2423, 18, 10, 48, 6, NULL, '2023-01-28 12:24:10', '2023-01-28 12:24:10'),
(2424, 18, 10, 49, 6, NULL, '2023-01-28 12:24:10', '2023-01-28 12:24:10'),
(2425, 18, 10, 50, 6, NULL, '2023-01-28 12:24:10', '2023-01-28 12:24:10');

-- --------------------------------------------------------

--
-- Table structure for table `voice_custom_fields`
--

CREATE TABLE `voice_custom_fields` (
  `id` bigint(20) UNSIGNED NOT NULL,
  `voice_evaluation_id` int(11) NOT NULL,
  `campaign_id` int(10) UNSIGNED DEFAULT NULL,
  `label` varchar(255) COLLATE utf8mb4_unicode_ci NOT NULL,
  `placeholder` varchar(255) COLLATE utf8mb4_unicode_ci DEFAULT NULL,
  `type` enum('text','dropdown','textarea') COLLATE utf8mb4_unicode_ci NOT NULL DEFAULT 'text',
  `status` enum('active','disabled') COLLATE utf8mb4_unicode_ci NOT NULL DEFAULT 'active',
  `position` varchar(255) COLLATE utf8mb4_unicode_ci NOT NULL DEFAULT 'top',
  `options` longtext COLLATE utf8mb4_unicode_ci DEFAULT NULL,
  `required` int(10) UNSIGNED NOT NULL DEFAULT 0,
  `deleted_at` timestamp NULL DEFAULT NULL,
  `created_at` timestamp NULL DEFAULT NULL,
  `updated_at` timestamp NULL DEFAULT NULL
) ENGINE=InnoDB DEFAULT CHARSET=utf8mb4 COLLATE=utf8mb4_unicode_ci;

-- --------------------------------------------------------

--
-- Table structure for table `voice_evaluations`
--

CREATE TABLE `voice_evaluations` (
  `id` bigint(20) UNSIGNED NOT NULL,
  `name` varchar(255) COLLATE utf8mb4_unicode_ci NOT NULL,
  `status` enum('active','disabled') COLLATE utf8mb4_unicode_ci NOT NULL DEFAULT 'active',
  `added_by` int(11) DEFAULT NULL,
  `deleted_at` timestamp NULL DEFAULT NULL,
  `created_at` timestamp NULL DEFAULT NULL,
  `updated_at` timestamp NULL DEFAULT NULL
) ENGINE=InnoDB DEFAULT CHARSET=utf8mb4 COLLATE=utf8mb4_unicode_ci;

--
-- Dumping data for table `voice_evaluations`
--

INSERT INTO `voice_evaluations` (`id`, `name`, `status`, `added_by`, `deleted_at`, `created_at`, `updated_at`) VALUES
(1, 'General Audit', 'active', NULL, NULL, '2022-06-08 06:48:58', '2022-06-08 06:48:58'),
(2, 'PCI Evaluations', 'active', 1, NULL, '2023-01-11 06:40:05', '2023-01-11 06:40:05');

-- --------------------------------------------------------

--
-- Table structure for table `voice_evaluation_actions`
--

CREATE TABLE `voice_evaluation_actions` (
  `id` bigint(20) UNSIGNED NOT NULL,
  `name` varchar(255) COLLATE utf8mb4_unicode_ci NOT NULL,
  `status` enum('active','disabled') COLLATE utf8mb4_unicode_ci NOT NULL DEFAULT 'active',
  `sort` int(11) NOT NULL DEFAULT 1,
  `added_by` int(11) DEFAULT NULL,
  `deleted_at` timestamp NULL DEFAULT NULL,
  `created_at` timestamp NULL DEFAULT NULL,
  `updated_at` timestamp NULL DEFAULT NULL
) ENGINE=InnoDB DEFAULT CHARSET=utf8mb4 COLLATE=utf8mb4_unicode_ci;

--
-- Dumping data for table `voice_evaluation_actions`
--

INSERT INTO `voice_evaluation_actions` (`id`, `name`, `status`, `sort`, `added_by`, `deleted_at`, `created_at`, `updated_at`) VALUES
(1, 'Written Communication', 'active', 1, NULL, NULL, '2022-06-08 06:49:50', '2022-06-08 06:49:50'),
(2, 'Taken off Calls/ TL Training', 'active', 1, NULL, NULL, '2022-06-08 06:49:50', '2022-06-08 06:49:50'),
(3, 'Warning letter 1', 'active', 1, NULL, NULL, '2022-06-08 06:49:50', '2022-06-08 06:49:50'),
(4, 'Warning letter 2', 'active', 1, NULL, NULL, '2022-06-08 06:49:50', '2022-06-08 06:49:50'),
(5, 'Warning letter 3', 'active', 1, NULL, NULL, '2022-06-08 06:49:50', '2022-06-08 06:49:50'),
(6, 'Sent To Training', 'active', 1, NULL, NULL, '2022-06-08 06:49:50', '2022-06-08 06:49:50');

--
-- Indexes for dumped tables
--

--
-- Indexes for table `campaigns`
--
ALTER TABLE `campaigns`
  ADD PRIMARY KEY (`id`);

--
-- Indexes for table `campaign_datapoint_category`
--
ALTER TABLE `campaign_datapoint_category`
  ADD PRIMARY KEY (`id`);

--
-- Indexes for table `campaign_voice_custom_field`
--
ALTER TABLE `campaign_voice_custom_field`
  ADD PRIMARY KEY (`id`);

--
-- Indexes for table `datapoints`
--
ALTER TABLE `datapoints`
  ADD PRIMARY KEY (`id`);

--
-- Indexes for table `datapoint_categories`
--
ALTER TABLE `datapoint_categories`
  ADD PRIMARY KEY (`id`);

--
-- Indexes for table `designations`
--
ALTER TABLE `designations`
  ADD PRIMARY KEY (`id`);

--
-- Indexes for table `failed_jobs`
--
ALTER TABLE `failed_jobs`
  ADD PRIMARY KEY (`id`),
  ADD UNIQUE KEY `failed_jobs_uuid_unique` (`uuid`);

--
-- Indexes for table `migrations`
--
ALTER TABLE `migrations`
  ADD PRIMARY KEY (`id`);

--
-- Indexes for table `model_has_permissions`
--
ALTER TABLE `model_has_permissions`
  ADD PRIMARY KEY (`permission_id`,`model_id`,`model_type`),
  ADD KEY `model_has_permissions_model_id_model_type_index` (`model_id`,`model_type`);

--
-- Indexes for table `model_has_roles`
--
ALTER TABLE `model_has_roles`
  ADD PRIMARY KEY (`role_id`,`model_id`,`model_type`),
  ADD KEY `model_has_roles_model_id_model_type_index` (`model_id`,`model_type`);

--
-- Indexes for table `password_resets`
--
ALTER TABLE `password_resets`
  ADD KEY `password_resets_email_index` (`email`);

--
-- Indexes for table `permissions`
--
ALTER TABLE `permissions`
  ADD PRIMARY KEY (`id`),
  ADD UNIQUE KEY `permissions_name_guard_name_unique` (`name`,`guard_name`);

--
-- Indexes for table `personal_access_tokens`
--
ALTER TABLE `personal_access_tokens`
  ADD PRIMARY KEY (`id`),
  ADD UNIQUE KEY `personal_access_tokens_token_unique` (`token`),
  ADD KEY `personal_access_tokens_tokenable_type_tokenable_id_index` (`tokenable_type`,`tokenable_id`);

--
-- Indexes for table `projects`
--
ALTER TABLE `projects`
  ADD PRIMARY KEY (`id`);

--
-- Indexes for table `roles`
--
ALTER TABLE `roles`
  ADD PRIMARY KEY (`id`),
  ADD UNIQUE KEY `roles_name_guard_name_unique` (`name`,`guard_name`);

--
-- Indexes for table `role_has_permissions`
--
ALTER TABLE `role_has_permissions`
  ADD PRIMARY KEY (`permission_id`,`role_id`),
  ADD KEY `role_has_permissions_role_id_foreign` (`role_id`);

--
-- Indexes for table `solar_lt_categories`
--
ALTER TABLE `solar_lt_categories`
  ADD PRIMARY KEY (`id`);

--
-- Indexes for table `solar_lt_datapoints`
--
ALTER TABLE `solar_lt_datapoints`
  ADD PRIMARY KEY (`id`);

--
-- Indexes for table `solar_lt_evaluations`
--
ALTER TABLE `solar_lt_evaluations`
  ADD PRIMARY KEY (`id`);

--
-- Indexes for table `solar_lt_evaluation_responses`
--
ALTER TABLE `solar_lt_evaluation_responses`
  ADD PRIMARY KEY (`id`);

--
-- Indexes for table `users`
--
ALTER TABLE `users`
  ADD PRIMARY KEY (`id`),
  ADD UNIQUE KEY `hrms_id` (`hrms_id`);

--
-- Indexes for table `voice_audits`
--
ALTER TABLE `voice_audits`
  ADD PRIMARY KEY (`id`);

--
-- Indexes for table `voice_audit_actions`
--
ALTER TABLE `voice_audit_actions`
  ADD PRIMARY KEY (`id`);

--
-- Indexes for table `voice_audit_appeals`
--
ALTER TABLE `voice_audit_appeals`
  ADD PRIMARY KEY (`id`);

--
-- Indexes for table `voice_audit_custom_fields`
--
ALTER TABLE `voice_audit_custom_fields`
  ADD PRIMARY KEY (`id`);

--
-- Indexes for table `voice_audit_points`
--
ALTER TABLE `voice_audit_points`
  ADD PRIMARY KEY (`id`);

--
-- Indexes for table `voice_custom_fields`
--
ALTER TABLE `voice_custom_fields`
  ADD PRIMARY KEY (`id`);

--
-- Indexes for table `voice_evaluations`
--
ALTER TABLE `voice_evaluations`
  ADD PRIMARY KEY (`id`);

--
-- Indexes for table `voice_evaluation_actions`
--
ALTER TABLE `voice_evaluation_actions`
  ADD PRIMARY KEY (`id`);

--
-- AUTO_INCREMENT for dumped tables
--

--
-- AUTO_INCREMENT for table `campaigns`
--
ALTER TABLE `campaigns`
  MODIFY `id` bigint(20) UNSIGNED NOT NULL AUTO_INCREMENT, AUTO_INCREMENT=5;

--
-- AUTO_INCREMENT for table `campaign_datapoint_category`
--
ALTER TABLE `campaign_datapoint_category`
  MODIFY `id` bigint(20) UNSIGNED NOT NULL AUTO_INCREMENT, AUTO_INCREMENT=2;

--
-- AUTO_INCREMENT for table `campaign_voice_custom_field`
--
ALTER TABLE `campaign_voice_custom_field`
  MODIFY `id` bigint(20) UNSIGNED NOT NULL AUTO_INCREMENT;

--
-- AUTO_INCREMENT for table `datapoints`
--
ALTER TABLE `datapoints`
  MODIFY `id` bigint(20) UNSIGNED NOT NULL AUTO_INCREMENT, AUTO_INCREMENT=101;

--
-- AUTO_INCREMENT for table `datapoint_categories`
--
ALTER TABLE `datapoint_categories`
  MODIFY `id` bigint(20) UNSIGNED NOT NULL AUTO_INCREMENT, AUTO_INCREMENT=21;

--
-- AUTO_INCREMENT for table `designations`
--
ALTER TABLE `designations`
  MODIFY `id` bigint(20) UNSIGNED NOT NULL AUTO_INCREMENT, AUTO_INCREMENT=137;

--
-- AUTO_INCREMENT for table `failed_jobs`
--
ALTER TABLE `failed_jobs`
  MODIFY `id` bigint(20) UNSIGNED NOT NULL AUTO_INCREMENT;

--
-- AUTO_INCREMENT for table `migrations`
--
ALTER TABLE `migrations`
  MODIFY `id` int(10) UNSIGNED NOT NULL AUTO_INCREMENT, AUTO_INCREMENT=24;

--
-- AUTO_INCREMENT for table `permissions`
--
ALTER TABLE `permissions`
  MODIFY `id` bigint(20) UNSIGNED NOT NULL AUTO_INCREMENT;

--
-- AUTO_INCREMENT for table `personal_access_tokens`
--
ALTER TABLE `personal_access_tokens`
  MODIFY `id` bigint(20) UNSIGNED NOT NULL AUTO_INCREMENT;

--
-- AUTO_INCREMENT for table `projects`
--
ALTER TABLE `projects`
  MODIFY `id` int(11) NOT NULL AUTO_INCREMENT, AUTO_INCREMENT=6;

--
-- AUTO_INCREMENT for table `roles`
--
ALTER TABLE `roles`
  MODIFY `id` bigint(20) UNSIGNED NOT NULL AUTO_INCREMENT, AUTO_INCREMENT=6;

--
-- AUTO_INCREMENT for table `solar_lt_categories`
--
ALTER TABLE `solar_lt_categories`
  MODIFY `id` bigint(20) UNSIGNED NOT NULL AUTO_INCREMENT, AUTO_INCREMENT=6;

--
-- AUTO_INCREMENT for table `solar_lt_datapoints`
--
ALTER TABLE `solar_lt_datapoints`
  MODIFY `id` bigint(20) UNSIGNED NOT NULL AUTO_INCREMENT, AUTO_INCREMENT=16;

--
-- AUTO_INCREMENT for table `solar_lt_evaluations`
--
ALTER TABLE `solar_lt_evaluations`
  MODIFY `id` bigint(20) UNSIGNED NOT NULL AUTO_INCREMENT;

--
-- AUTO_INCREMENT for table `solar_lt_evaluation_responses`
--
ALTER TABLE `solar_lt_evaluation_responses`
  MODIFY `id` bigint(20) UNSIGNED NOT NULL AUTO_INCREMENT;

--
-- AUTO_INCREMENT for table `users`
--
ALTER TABLE `users`
  MODIFY `id` bigint(20) UNSIGNED NOT NULL AUTO_INCREMENT, AUTO_INCREMENT=146;

--
-- AUTO_INCREMENT for table `voice_audits`
--
ALTER TABLE `voice_audits`
  MODIFY `id` bigint(20) UNSIGNED NOT NULL AUTO_INCREMENT, AUTO_INCREMENT=19;

--
-- AUTO_INCREMENT for table `voice_audit_actions`
--
ALTER TABLE `voice_audit_actions`
  MODIFY `id` bigint(20) UNSIGNED NOT NULL AUTO_INCREMENT, AUTO_INCREMENT=2;

--
-- AUTO_INCREMENT for table `voice_audit_appeals`
--
ALTER TABLE `voice_audit_appeals`
  MODIFY `id` bigint(20) UNSIGNED NOT NULL AUTO_INCREMENT, AUTO_INCREMENT=2;

--
-- AUTO_INCREMENT for table `voice_audit_custom_fields`
--
ALTER TABLE `voice_audit_custom_fields`
  MODIFY `id` bigint(20) UNSIGNED NOT NULL AUTO_INCREMENT;

--
-- AUTO_INCREMENT for table `voice_audit_points`
--
ALTER TABLE `voice_audit_points`
  MODIFY `id` bigint(20) UNSIGNED NOT NULL AUTO_INCREMENT, AUTO_INCREMENT=2426;

--
-- AUTO_INCREMENT for table `voice_custom_fields`
--
ALTER TABLE `voice_custom_fields`
  MODIFY `id` bigint(20) UNSIGNED NOT NULL AUTO_INCREMENT;

--
-- AUTO_INCREMENT for table `voice_evaluations`
--
ALTER TABLE `voice_evaluations`
  MODIFY `id` bigint(20) UNSIGNED NOT NULL AUTO_INCREMENT, AUTO_INCREMENT=3;

--
-- AUTO_INCREMENT for table `voice_evaluation_actions`
--
ALTER TABLE `voice_evaluation_actions`
  MODIFY `id` bigint(20) UNSIGNED NOT NULL AUTO_INCREMENT, AUTO_INCREMENT=7;

--
-- Constraints for dumped tables
--

--
-- Constraints for table `model_has_permissions`
--
ALTER TABLE `model_has_permissions`
  ADD CONSTRAINT `model_has_permissions_permission_id_foreign` FOREIGN KEY (`permission_id`) REFERENCES `permissions` (`id`) ON DELETE CASCADE;

--
-- Constraints for table `model_has_roles`
--
ALTER TABLE `model_has_roles`
  ADD CONSTRAINT `model_has_roles_role_id_foreign` FOREIGN KEY (`role_id`) REFERENCES `roles` (`id`) ON DELETE CASCADE;

--
-- Constraints for table `role_has_permissions`
--
ALTER TABLE `role_has_permissions`
  ADD CONSTRAINT `role_has_permissions_permission_id_foreign` FOREIGN KEY (`permission_id`) REFERENCES `permissions` (`id`) ON DELETE CASCADE,
  ADD CONSTRAINT `role_has_permissions_role_id_foreign` FOREIGN KEY (`role_id`) REFERENCES `roles` (`id`) ON DELETE CASCADE;
COMMIT;

/*!40101 SET CHARACTER_SET_CLIENT=@OLD_CHARACTER_SET_CLIENT */;
/*!40101 SET CHARACTER_SET_RESULTS=@OLD_CHARACTER_SET_RESULTS */;
/*!40101 SET COLLATION_CONNECTION=@OLD_COLLATION_CONNECTION */;
